date,order_id,sku,quantity,net_revenue
2026-10-01,ORD-900001,M_SWIM-P2,4,10863.03
2026-10-01,ORD-900002,M_JEANS-P3,9,48940.26
2026-10-01,ORD-900003,M_SUITS_SPORT_COATS-P5,1,21410.83
2026-10-01,ORD-900004,M_FASHION_HOODIES_SWEATSHIRTS-P3,9,37140.51
2026-10-01,ORD-900005,M_SWIM-P5,2,12278.16
2026-10-01,ORD-900006,W_INTIMATES-P4,3,8116.65
2026-10-01,ORD-900007,M_SWIM-P5,8,48475.67
2026-10-01,ORD-900008,W_OUTERWEAR_COATS-P1,7,18848.86
2026-10-01,ORD-900009,M_SWIM-P1,8,13371.36
2026-10-01,ORD-900010,M_SWEATERS-P3,8,37031.41
2026-10-01,ORD-900011,M_JEANS-P2,4,15750.39
2026-10-01,ORD-900012,M_FASHION_HOODIES_SWEATSHIRTS-P2,5,14679.3
2026-10-01,ORD-900013,W_JEANS-P4,1,8121.86
2026-10-01,ORD-900014,M_JEANS-P5,4,56847.59
2026-10-01,ORD-900015,M_PANTS-P4,6,30957.33
2026-10-01,ORD-900016,M_PANTS-P1,8,12263.81
2026-10-01,ORD-900017,W_JEANS-P1,2,4948.89
2026-10-01,ORD-900018,W_DRESSES-P4,5,38461.02
2026-10-01,ORD-900019,W_INTIMATES-P4,9,27927.38
2026-10-01,ORD-900020,M_FASHION_HOODIES_SWEATSHIRTS-P2,7,22400.22
2026-10-01,ORD-900021,W_OUTERWEAR_COATS-P2,9,50912.74
2026-10-01,ORD-900022,M_SWIM-P5,4,26092.9
2026-10-01,ORD-900023,M_SWIM-P5,4,24715.32
2026-10-01,ORD-900024,W_OUTERWEAR_COATS-P4,9,102875.42
2026-10-01,ORD-900025,W_OUTERWEAR_COATS-P4,3,32153.34
2026-10-01,ORD-900026,W_JEANS-P2,6,23248.93
2026-10-01,ORD-900027,M_SUITS_SPORT_COATS-P1,6,12686.57
2026-10-01,ORD-900028,M_OUTERWEAR_COATS-P3,4,34070.21
2026-10-01,ORD-900029,M_OUTERWEAR_COATS-P3,2,15277.35
2026-10-01,ORD-900030,M_PANTS-P1,3,5112.09
2026-10-01,ORD-900031,M_PANTS-P2,7,18549.62
2026-10-01,ORD-900032,W_OUTERWEAR_COATS-P3,7,57158.52
2026-10-01,ORD-900033,W_INTIMATES-P5,3,15899.94
2026-10-01,ORD-900034,W_DRESSES-P5,1,14562.78
2026-10-01,ORD-900035,W_DRESSES-P1,6,6768.48
2026-10-01,ORD-900036,M_SUITS_SPORT_COATS-P4,2,24190.4
2026-10-01,ORD-900037,W_DRESSES-P5,6,93765.4
2026-10-01,ORD-900038,W_INTIMATES-P3,4,8780.57
2026-10-01,ORD-900039,M_SWIM-P1,2,3281.49
2026-10-01,ORD-900040,W_JEANS-P3,9,53784.17
2026-10-01,ORD-900041,W_SWIM-P2,8,21616.67
2026-10-01,ORD-900042,M_OUTERWEAR_COATS-P2,2,10978.87
2026-10-01,ORD-900043,W_OUTERWEAR_COATS-P3,3,26318.58
2026-10-01,ORD-900044,W_SWIM-P4,2,11593.21
2026-10-01,ORD-900045,M_JEANS-P4,8,72124.42
2026-10-01,ORD-900046,M_JEANS-P2,6,23510.58
2026-10-01,ORD-900047,M_SWEATERS-P3,9,40475.45
2026-10-01,ORD-900048,M_OUTERWEAR_COATS-P4,6,63665.63
2026-10-01,ORD-900049,W_INTIMATES-P4,1,3086.19
2026-10-01,ORD-900050,M_OUTERWEAR_COATS-P2,7,40120.38
2026-10-01,ORD-900051,W_JEANS-P2,6,21433.45
2026-10-01,ORD-900052,M_OUTERWEAR_COATS-P3,3,22755.92
2026-10-01,ORD-900053,W_JEANS-P5,1,13563.46
2026-10-01,ORD-900054,M_JEANS-P1,7,18398.18
2026-10-01,ORD-900055,M_OUTERWEAR_COATS-P3,9,74280.28
2026-10-01,ORD-900056,M_SUITS_SPORT_COATS-P2,5,23835.27
2026-10-01,ORD-900057,M_JEANS-P3,3,18727.54
2026-10-01,ORD-900058,M_SWEATERS-P1,3,6203.11
2026-10-01,ORD-900059,W_SWIM-P1,9,16148.02
2026-10-01,ORD-900060,W_JEANS-P4,7,64391.74
2026-10-01,ORD-900061,M_SWEATERS-P1,4,8044.77
2026-10-01,ORD-900062,M_FASHION_HOODIES_SWEATSHIRTS-P5,6,48151.51
2026-10-01,ORD-900063,M_JEANS-P2,1,4251.01
2026-10-01,ORD-900064,W_DRESSES-P5,1,14918.95
2026-10-01,ORD-900065,W_SWIM-P5,5,49243.05
2026-10-01,ORD-900066,W_INTIMATES-P2,7,10008.8
2026-10-01,ORD-900067,M_SWIM-P5,2,12069.09
2026-10-01,ORD-900068,M_SWIM-P2,4,11399.31
2026-10-01,ORD-900069,W_JEANS-P3,7,44355.28
2026-10-01,ORD-900070,M_FASHION_HOODIES_SWEATSHIRTS-P2,2,6381.59
2026-10-01,ORD-900071,W_JEANS-P2,4,13927.19
2026-10-01,ORD-900072,M_SWEATERS-P1,9,16134.93
2026-10-01,ORD-900073,M_OUTERWEAR_COATS-P3,7,52294.96
2026-10-01,ORD-900074,M_PANTS-P2,5,13675.24
2026-10-01,ORD-900075,M_SUITS_SPORT_COATS-P2,9,44852.01
2026-10-01,ORD-900076,M_SWEATERS-P2,9,29376.77
2026-10-01,ORD-900077,M_JEANS-P2,8,33587.86
2026-10-01,ORD-900078,M_FASHION_HOODIES_SWEATSHIRTS-P5,9,75931.65
2026-10-01,ORD-900079,W_JEANS-P3,1,5752.96
2026-10-01,ORD-900080,W_SWIM-P5,3,29790.6
2026-10-01,ORD-900081,M_OUTERWEAR_COATS-P1,8,26562.4
2026-10-01,ORD-900082,W_DRESSES-P3,1,4396.87
2026-10-01,ORD-900083,M_SWIM-P2,7,18600.7
2026-10-01,ORD-900084,M_SWEATERS-P1,5,9475.83
2026-10-01,ORD-900085,M_PANTS-P4,8,40819.75
2026-10-01,ORD-900086,OTHER-ASSORTED,5,17274.78
2026-10-01,ORD-900087,W_JEANS-P2,5,16710.08
2026-10-01,ORD-900088,W_JEANS-P4,4,35735.92
2026-10-01,ORD-900089,W_DRESSES-P5,3,46144.6
2026-10-01,ORD-900090,W_INTIMATES-P3,7,13527.7
2026-10-01,ORD-900091,M_SUITS_SPORT_COATS-P1,7,12844.19
2026-10-01,ORD-900092,W_JEANS-P1,6,13017.65
2026-10-01,ORD-900093,W_SWIM-P2,4,11353.18
2026-10-01,ORD-900094,M_SWIM-P1,5,9621.35
2026-10-01,ORD-900095,M_PANTS-P1,1,1648.12
2026-10-01,ORD-900096,W_SWIM-P4,8,43033.47
2026-10-01,ORD-900097,W_OUTERWEAR_COATS-P2,4,22582.61
2026-10-01,ORD-900098,M_JEANS-P3,1,6053.29
2026-10-01,ORD-900099,M_SWEATERS-P5,2,23447.19
2026-10-01,ORD-900100,M_FASHION_HOODIES_SWEATSHIRTS-P4,6,28301.86
2026-10-01,ORD-900101,M_JEANS-P3,6,35238.18
2026-10-01,ORD-900102,W_INTIMATES-P2,7,9819.74
2026-10-01,ORD-900103,M_PANTS-P2,7,19439.83
2026-10-01,ORD-900104,W_JEANS-P2,9,34394.07
2026-10-01,ORD-900105,M_JEANS-P4,5,50416.9
2026-10-01,ORD-900106,M_PANTS-P1,8,12283.58
2026-10-01,ORD-900107,W_SWIM-P2,5,15045.43
2026-10-01,ORD-900108,W_DRESSES-P4,6,42847.6
2026-10-01,ORD-900109,W_DRESSES-P4,4,30347.93
2026-10-01,ORD-900110,W_JEANS-P3,4,22238.87
2026-10-01,ORD-900111,M_PANTS-P1,9,15963.13
2026-10-01,ORD-900112,W_SWIM-P3,4,17333.49
2026-10-01,ORD-900113,M_FASHION_HOODIES_SWEATSHIRTS-P3,1,3539.86
2026-10-01,ORD-900114,M_PANTS-P2,7,18315.86
2026-10-01,ORD-900115,M_FASHION_HOODIES_SWEATSHIRTS-P3,2,7355.2
2026-10-01,ORD-900116,M_PANTS-P3,2,8001.52
2026-10-01,ORD-900117,W_SWIM-P3,3,12327.83
2026-10-01,ORD-900118,W_DRESSES-P5,6,93470.47
2026-10-01,ORD-900119,M_SUITS_SPORT_COATS-P3,4,28456.98
2026-10-01,ORD-900120,M_SWIM-P2,3,8739.8
2026-10-01,ORD-900121,M_FASHION_HOODIES_SWEATSHIRTS-P5,2,16455.69
2026-10-01,ORD-900122,W_OUTERWEAR_COATS-P2,4,21990.04
2026-10-01,ORD-900123,W_JEANS-P2,5,17815.04
2026-10-01,ORD-900124,M_JEANS-P5,6,87475.88
2026-10-01,ORD-900125,W_OUTERWEAR_COATS-P3,6,46935.53
2026-10-01,ORD-900126,W_JEANS-P3,3,17380.46
2026-10-01,ORD-900127,M_SUITS_SPORT_COATS-P4,2,23239.09
2026-10-01,ORD-900128,M_SUITS_SPORT_COATS-P1,2,3998.03
2026-10-01,ORD-900129,M_SWEATERS-P3,8,38825.72
2026-10-01,ORD-900130,M_SWEATERS-P5,5,65025.68
2026-10-01,ORD-900131,M_FASHION_HOODIES_SWEATSHIRTS-P1,2,3791.1
2026-10-01,ORD-900132,W_SWIM-P3,2,8415.88
2026-10-01,ORD-900133,M_SWIM-P2,6,15939.24
2026-10-01,ORD-900134,M_JEANS-P5,4,60437.54
2026-10-01,ORD-900135,W_JEANS-P1,6,13705.85
2026-10-01,ORD-900136,M_JEANS-P3,6,36826.78
2026-10-01,ORD-900137,W_DRESSES-P1,5,5221.77
2026-10-01,ORD-900138,W_OUTERWEAR_COATS-P1,5,13907.25
2026-10-01,ORD-900139,M_OUTERWEAR_COATS-P5,7,205329.86
2026-10-01,ORD-900140,W_JEANS-P1,9,20142.57
2026-10-01,ORD-900141,M_SUITS_SPORT_COATS-P4,6,64567.88
2026-10-01,ORD-900142,W_INTIMATES-P3,7,14831.62
2026-10-01,ORD-900143,W_JEANS-P5,4,58143.53
2026-10-01,ORD-900144,M_SUITS_SPORT_COATS-P4,7,82414.4
2026-10-01,ORD-900145,W_OUTERWEAR_COATS-P3,3,23001.9
2026-10-01,ORD-900146,W_JEANS-P3,8,49911.82
2026-10-01,ORD-900147,M_PANTS-P4,1,4740.84
2026-10-01,ORD-900148,M_FASHION_HOODIES_SWEATSHIRTS-P4,9,39836.72
2026-10-01,ORD-900149,M_PANTS-P4,1,5099.21
2026-10-01,ORD-900150,W_OUTERWEAR_COATS-P1,7,18174.69
2026-10-01,ORD-900151,M_SWIM-P5,5,32225.71
2026-10-01,ORD-900152,M_JEANS-P1,6,14494.95
2026-10-01,ORD-900153,W_JEANS-P2,2,7745.26
2026-10-01,ORD-900154,M_JEANS-P1,1,2656.37
2026-10-01,ORD-900155,M_JEANS-P5,2,32231.76
2026-10-01,ORD-900156,W_INTIMATES-P1,7,5100.34
2026-10-01,ORD-900157,M_OUTERWEAR_COATS-P5,8,227280.59
2026-10-01,ORD-900158,M_SWIM-P4,6,26997.39
2026-10-01,ORD-900159,M_SWEATERS-P1,6,11316.87
2026-10-01,ORD-900160,M_SUITS_SPORT_COATS-P2,3,14834.13
2026-10-01,ORD-900161,M_SWIM-P5,2,12725.57
2026-10-01,ORD-900162,W_SWIM-P3,1,4013.65
2026-10-01,ORD-900163,W_OUTERWEAR_COATS-P2,6,35268.32
2026-10-01,ORD-900164,W_OUTERWEAR_COATS-P1,7,20704.26
2026-10-01,ORD-900165,W_SWIM-P1,8,14966.46
2026-10-01,ORD-900166,W_DRESSES-P5,1,15682.73
2026-10-01,ORD-900167,W_INTIMATES-P5,1,5862.59
2026-10-01,ORD-900168,M_SWEATERS-P2,7,24164.63
2026-10-01,ORD-900169,M_PANTS-P1,3,5330.36
2026-10-01,ORD-900170,M_SUITS_SPORT_COATS-P5,3,61906.62
2026-10-01,ORD-900171,M_SUITS_SPORT_COATS-P5,7,149644.94
2026-10-01,ORD-900172,M_PANTS-P3,1,3817.94
2026-10-01,ORD-900173,W_JEANS-P1,2,4519.36
2026-10-01,ORD-900174,M_JEANS-P5,3,49642.65
2026-10-01,ORD-900175,W_JEANS-P3,8,43120.2
2026-10-01,ORD-900176,M_SWIM-P1,1,1726.87
2026-10-01,ORD-900177,M_OUTERWEAR_COATS-P3,3,23838.25
2026-10-01,ORD-900178,W_DRESSES-P2,4,11276.08
2026-10-01,ORD-900179,M_SWIM-P1,9,15303.62
2026-10-01,ORD-900180,M_OUTERWEAR_COATS-P2,5,28408.32
2026-10-01,ORD-900181,W_SWIM-P3,5,20806.33
2026-10-01,ORD-900182,W_SWIM-P5,9,90800.95
2026-10-01,ORD-900183,M_PANTS-P2,8,24211.28
2026-10-01,ORD-900184,W_SWIM-P3,6,25104.83
2026-10-01,ORD-900185,W_JEANS-P4,2,17563.31
2026-10-01,ORD-900186,M_OUTERWEAR_COATS-P5,7,176033.47
2026-10-01,ORD-900187,W_SWIM-P5,3,31905.65
2026-10-01,ORD-900188,M_SUITS_SPORT_COATS-P5,9,200924.81
2026-10-01,ORD-900189,W_JEANS-P4,5,46159.79
2026-10-01,ORD-900190,M_FASHION_HOODIES_SWEATSHIRTS-P4,4,20013.86
2026-10-01,ORD-900191,W_OUTERWEAR_COATS-P5,8,221950.55
2026-10-01,ORD-900192,M_SWEATERS-P4,4,27779.91
2026-10-01,ORD-900193,W_DRESSES-P3,3,13159.73
2026-10-01,ORD-900194,W_JEANS-P4,6,49697.54
2026-10-01,ORD-900195,W_SWIM-P3,9,34405.09
2026-10-01,ORD-900196,W_JEANS-P2,5,18197.73
2026-10-01,ORD-900197,M_FASHION_HOODIES_SWEATSHIRTS-P4,3,14254.26
2026-10-01,ORD-900198,M_OUTERWEAR_COATS-P2,1,5489.81
2026-10-01,ORD-900199,W_SWIM-P3,3,12883.98
2026-10-01,ORD-900200,M_JEANS-P1,6,14986.74
2026-10-01,ORD-900201,W_INTIMATES-P5,9,46828.87
2026-10-01,ORD-900202,M_SWIM-P1,8,13265.92
2026-10-01,ORD-900203,W_JEANS-P2,9,34625.2
2026-10-01,ORD-900204,M_PANTS-P5,1,9421.49
2026-10-01,ORD-900205,M_SWEATERS-P2,4,13810.95
2026-10-01,ORD-900206,M_JEANS-P1,8,19768.06
2026-10-01,ORD-900207,M_SWIM-P5,7,43223.35
2026-10-01,ORD-900208,M_OUTERWEAR_COATS-P1,5,15977.48
2026-10-01,ORD-900209,M_SWEATERS-P1,2,3914.34
2026-10-01,ORD-900210,M_SWEATERS-P5,2,24092.48
2026-10-01,ORD-900211,W_INTIMATES-P3,3,5853.21
2026-10-01,ORD-900212,M_SWEATERS-P1,8,16151.93
2026-10-01,ORD-900213,W_JEANS-P5,2,28674.04
2026-10-01,ORD-900214,M_FASHION_HOODIES_SWEATSHIRTS-P1,7,14191.33
2026-10-01,ORD-900215,M_SWIM-P1,4,6884.69
2026-10-01,ORD-900216,M_JEANS-P3,8,49599.64
2026-10-01,ORD-900217,W_OUTERWEAR_COATS-P4,4,47902.49
2026-10-01,ORD-900218,M_JEANS-P5,5,79048.6
2026-10-01,ORD-900219,W_SWIM-P4,9,53635.82
2026-10-01,ORD-900220,M_SUITS_SPORT_COATS-P2,7,34972.56
2026-10-01,ORD-900221,M_JEANS-P1,5,12312.04
2026-10-01,ORD-900222,M_SUITS_SPORT_COATS-P5,2,41331.82
2026-10-01,ORD-900223,W_SWIM-P5,5,51151.8
2026-10-01,ORD-900224,W_JEANS-P1,6,13894.91
2026-10-01,ORD-900225,M_SUITS_SPORT_COATS-P5,2,39709.28
2026-10-01,ORD-900226,W_DRESSES-P4,2,13926.02
2026-10-01,ORD-900227,W_DRESSES-P5,3,44346.6
2026-10-01,ORD-900228,M_SWEATERS-P1,1,2048.33
2026-10-01,ORD-900229,W_DRESSES-P2,2,5173.74
2026-10-01,ORD-900230,M_FASHION_HOODIES_SWEATSHIRTS-P3,3,12516.03
2026-10-01,ORD-900231,M_SWEATERS-P3,7,33734.03
2026-10-01,ORD-900232,M_SUITS_SPORT_COATS-P2,7,37128.86
2026-10-01,ORD-900233,M_JEANS-P4,4,40545.41
2026-10-01,ORD-900234,W_OUTERWEAR_COATS-P2,7,38732.6
2026-10-01,ORD-900235,W_SWIM-P3,7,29111.03
2026-10-01,ORD-900236,W_JEANS-P1,7,16666.44
2026-10-01,ORD-900237,M_SUITS_SPORT_COATS-P1,4,8151.17
2026-10-01,ORD-900238,W_DRESSES-P3,9,36813.22
2026-10-01,ORD-900239,M_SUITS_SPORT_COATS-P2,4,19276.35
2026-10-01,ORD-900240,W_INTIMATES-P1,8,5686.94
2026-10-01,ORD-900241,M_SUITS_SPORT_COATS-P5,4,85230.3
2026-10-01,ORD-900242,W_JEANS-P5,5,73690.82
2026-10-01,ORD-900243,W_DRESSES-P4,3,21345.9
2026-10-01,ORD-900244,M_SWIM-P5,5,30990.16
2026-10-01,ORD-900245,M_SUITS_SPORT_COATS-P3,9,65960.55
2026-10-01,ORD-900246,W_DRESSES-P1,4,4565.67
2026-10-01,ORD-900247,M_SWIM-P4,4,17428.27
2026-10-01,ORD-900248,M_FASHION_HOODIES_SWEATSHIRTS-P2,4,13101.49
2026-10-01,ORD-900249,M_JEANS-P4,4,38665.79
2026-10-01,ORD-900250,M_SWEATERS-P2,6,18809.54
2026-10-01,ORD-900251,W_SWIM-P4,6,32975.72
2026-10-01,ORD-900252,W_SWIM-P1,2,3447.21
2026-10-01,ORD-900253,W_JEANS-P1,3,6702.82
2026-10-01,ORD-900254,W_DRESSES-P1,9,9571.35
2026-10-01,ORD-900255,M_FASHION_HOODIES_SWEATSHIRTS-P5,9,79907.85
2026-10-01,ORD-900256,M_OUTERWEAR_COATS-P1,6,20119.25
2026-10-01,ORD-900257,M_JEANS-P3,1,5719.7
2026-10-01,ORD-900258,W_SWIM-P2,6,16484.89
2026-10-01,ORD-900259,W_DRESSES-P1,6,6682.93
2026-10-01,ORD-900260,M_OUTERWEAR_COATS-P2,9,54696.33
2026-10-01,ORD-900261,M_SWEATERS-P5,1,12136.55
2026-10-01,ORD-900262,W_JEANS-P5,3,40577.61
2026-10-01,ORD-900263,W_INTIMATES-P2,7,10084.49
2026-10-01,ORD-900264,W_DRESSES-P5,1,14726.38
2026-10-01,ORD-900265,M_SWEATERS-P2,8,23798.03
2026-10-01,ORD-900266,M_SWIM-P4,7,28229.51
2026-10-01,ORD-900267,M_SWEATERS-P1,3,5656.9
2026-10-01,ORD-900268,M_JEANS-P4,5,46431.71
2026-10-01,ORD-900269,W_SWIM-P4,6,31752.29
2026-10-01,ORD-900270,W_JEANS-P5,1,14495.58
2026-10-01,ORD-900271,W_JEANS-P5,3,41248.91
2026-10-01,ORD-900272,M_SWIM-P2,2,5485.88
2026-10-01,ORD-900273,M_SWEATERS-P2,7,23544.27
2026-10-01,ORD-900274,M_SWIM-P2,8,23304.98
2026-10-01,ORD-900275,W_OUTERWEAR_COATS-P4,7,82823.41
2026-10-01,ORD-900276,M_JEANS-P3,2,12665.12
2026-10-01,ORD-900277,M_SWIM-P4,6,25958.85
2026-10-01,ORD-900278,M_SWEATERS-P3,7,34453.73
2026-10-01,ORD-900279,M_SUITS_SPORT_COATS-P1,1,1916.67
2026-10-01,ORD-900280,W_DRESSES-P4,7,53970.02
2026-10-01,ORD-900281,W_DRESSES-P3,6,27823.31
2026-10-01,ORD-900282,M_PANTS-P5,2,17201.51
2026-10-01,ORD-900283,W_OUTERWEAR_COATS-P4,8,85888.0
2026-10-01,ORD-900284,W_OUTERWEAR_COATS-P5,7,196258.58
2026-10-01,ORD-900285,M_SWIM-P1,2,3581.44
2026-10-01,ORD-900286,M_PANTS-P1,9,14295.55
2026-10-01,ORD-900287,M_SWEATERS-P1,4,8248.99
2026-10-01,ORD-900288,W_SWIM-P3,6,25949.9
2026-10-01,ORD-900289,M_SWEATERS-P2,3,9230.49
2026-10-01,ORD-900290,W_JEANS-P2,7,25693.44
2026-10-01,ORD-900291,W_SWIM-P2,2,5357.96
2026-10-01,ORD-900292,W_JEANS-P5,3,39285.63
2026-10-01,ORD-900293,M_SWIM-P5,8,45069.46
2026-10-01,ORD-900294,M_PANTS-P1,5,7553.5
2026-10-01,ORD-900295,M_OUTERWEAR_COATS-P2,2,11437.45
2026-10-01,ORD-900296,M_SWEATERS-P4,9,59308.4
2026-10-01,ORD-900297,M_SUITS_SPORT_COATS-P3,4,27023.74
2026-10-01,ORD-900298,M_FASHION_HOODIES_SWEATSHIRTS-P2,8,26714.58
2026-10-01,ORD-900299,M_PANTS-P5,6,53900.34
2026-10-01,ORD-900300,W_SWIM-P4,8,48665.64
2026-10-01,ORD-900301,M_OUTERWEAR_COATS-P3,5,43138.04
2026-10-01,ORD-900302,W_INTIMATES-P4,1,2768.93
2026-10-01,ORD-900303,W_OUTERWEAR_COATS-P3,6,51895.56
2026-10-01,ORD-900304,M_FASHION_HOODIES_SWEATSHIRTS-P2,3,9603.83
2026-10-01,ORD-900305,W_INTIMATES-P4,9,24949.0
2026-10-01,ORD-900306,W_DRESSES-P5,4,59250.66
2026-10-01,ORD-900307,W_SWIM-P1,1,1781.21
2026-10-01,ORD-900308,M_PANTS-P5,6,58083.45
2026-10-01,ORD-900309,M_PANTS-P3,7,27813.41
2026-10-01,ORD-900310,M_JEANS-P4,6,60126.27
2026-10-01,ORD-900311,W_SWIM-P5,8,79838.89
2026-10-01,ORD-900312,M_OUTERWEAR_COATS-P1,4,13987.59
2026-10-01,ORD-900313,M_JEANS-P3,4,22800.76
2026-10-01,ORD-900314,W_JEANS-P1,4,9348.76
2026-10-01,ORD-900315,M_PANTS-P4,5,24334.63
2026-10-01,ORD-900316,W_INTIMATES-P2,9,13539.71
2026-10-01,ORD-900317,W_DRESSES-P2,9,23819.51
2026-10-01,ORD-900318,M_PANTS-P5,3,27711.97
2026-10-01,ORD-900319,M_PANTS-P3,3,11778.81
2026-10-01,ORD-900320,M_JEANS-P1,8,22466.3
2026-10-01,ORD-900321,M_SWEATERS-P4,9,56037.06
2026-10-01,ORD-900322,W_SWIM-P3,1,3738.01
2026-10-01,ORD-900323,W_DRESSES-P2,5,13949.26
2026-10-01,ORD-900324,M_SWEATERS-P3,2,8700.88
2026-10-01,ORD-900325,W_JEANS-P3,4,22459.36
2026-10-01,ORD-900326,M_PANTS-P3,9,31800.23
2026-10-01,ORD-900327,W_JEANS-P5,3,45356.76
2026-10-01,ORD-900328,M_FASHION_HOODIES_SWEATSHIRTS-P3,8,33008.91
2026-10-01,ORD-900329,W_DRESSES-P2,7,17790.08
2026-10-01,ORD-900330,W_SWIM-P2,8,21284.19
2026-10-01,ORD-900331,M_FASHION_HOODIES_SWEATSHIRTS-P5,9,78175.85
2026-10-01,ORD-900332,W_SWIM-P3,6,23713.96
2026-10-01,ORD-900333,M_SWIM-P1,1,1787.89
2026-10-01,ORD-900334,M_SWIM-P3,9,34078.46
2026-10-01,ORD-900335,M_SWIM-P5,3,18735.12
2026-10-01,ORD-900336,W_JEANS-P4,3,24704.28
2026-10-02,ORD-900337,M_PANTS-P1,8,13238.78
2026-10-02,ORD-900338,M_PANTS-P2,4,10909.69
2026-10-02,ORD-900339,M_SWIM-P5,4,26046.72
2026-10-02,ORD-900340,W_DRESSES-P3,8,34171.3
2026-10-02,ORD-900341,M_OUTERWEAR_COATS-P3,1,8237.03
2026-10-02,ORD-900342,W_OUTERWEAR_COATS-P5,3,75653.06
2026-10-02,ORD-900343,W_DRESSES-P3,1,4530.33
2026-10-02,ORD-900344,W_OUTERWEAR_COATS-P1,7,19619.46
2026-10-02,ORD-900345,W_JEANS-P1,5,12381.54
2026-10-02,ORD-900346,M_FASHION_HOODIES_SWEATSHIRTS-P2,2,5855.8
2026-10-02,ORD-900347,M_OUTERWEAR_COATS-P2,9,52677.11
2026-10-02,ORD-900348,W_JEANS-P1,4,9539.54
2026-10-02,ORD-900349,M_FASHION_HOODIES_SWEATSHIRTS-P4,5,23180.68
2026-10-02,ORD-900350,W_INTIMATES-P4,6,18444.9
2026-10-02,ORD-900351,W_JEANS-P2,9,34205.59
2026-10-02,ORD-900352,W_JEANS-P3,8,43680.89
2026-10-02,ORD-900353,W_OUTERWEAR_COATS-P2,9,47194.65
2026-10-02,ORD-900354,M_PANTS-P2,4,10719.42
2026-10-02,ORD-900355,W_INTIMATES-P4,8,21625.78
2026-10-02,ORD-900356,M_SWEATERS-P2,8,25231.86
2026-10-02,ORD-900357,M_OUTERWEAR_COATS-P4,1,10833.95
2026-10-02,ORD-900358,W_JEANS-P3,3,16545.76
2026-10-02,ORD-900359,M_SWEATERS-P5,9,115584.48
2026-10-02,ORD-900360,M_FASHION_HOODIES_SWEATSHIRTS-P3,1,3689.27
2026-10-02,ORD-900361,W_SWIM-P1,9,14698.06
2026-10-02,ORD-900362,M_SWEATERS-P1,9,16859.07
2026-10-02,ORD-900363,M_SWEATERS-P3,2,9948.0
2026-10-02,ORD-900364,W_INTIMATES-P3,4,8070.31
2026-10-02,ORD-900365,M_JEANS-P3,9,56546.82
2026-10-02,ORD-900366,M_SWEATERS-P2,8,24027.17
2026-10-02,ORD-900367,M_OUTERWEAR_COATS-P5,6,157972.65
2026-10-02,ORD-900368,W_SWIM-P5,4,37370.99
2026-10-02,ORD-900369,M_SWEATERS-P1,1,2016.0
2026-10-02,ORD-900370,W_DRESSES-P1,3,3146.12
2026-10-02,ORD-900371,M_SWEATERS-P1,4,7600.89
2026-10-02,ORD-900372,W_JEANS-P5,1,13309.77
2026-10-02,ORD-900373,M_SUITS_SPORT_COATS-P3,4,27698.87
2026-10-02,ORD-900374,OTHER-ASSORTED,3,10054.77
2026-10-02,ORD-900375,M_SWEATERS-P1,4,7877.42
2026-10-02,ORD-900376,W_JEANS-P3,5,29188.16
2026-10-02,ORD-900377,M_SWIM-P2,3,8773.31
2026-10-02,ORD-900378,M_OUTERWEAR_COATS-P4,9,101941.46
2026-10-02,ORD-900379,M_FASHION_HOODIES_SWEATSHIRTS-P5,1,8567.38
2026-10-02,ORD-900380,M_SUITS_SPORT_COATS-P4,5,59655.38
2026-10-02,ORD-900381,M_SWIM-P4,3,13448.67
2026-10-02,ORD-900382,M_SWIM-P3,7,25750.17
2026-10-02,ORD-900383,W_INTIMATES-P1,4,2926.3
2026-10-02,ORD-900384,M_SUITS_SPORT_COATS-P4,1,11014.93
2026-10-02,ORD-900385,W_SWIM-P4,6,32233.26
2026-10-02,ORD-900386,M_PANTS-P1,2,3019.46
2026-10-02,ORD-900387,M_SUITS_SPORT_COATS-P1,7,13774.95
2026-10-02,ORD-900388,W_OUTERWEAR_COATS-P4,7,76243.31
2026-10-02,ORD-900389,W_JEANS-P4,9,81513.93
2026-10-02,ORD-900390,M_PANTS-P5,7,64038.07
2026-10-02,ORD-900391,M_SWIM-P2,1,2612.56
2026-10-02,ORD-900392,M_SWIM-P3,3,10056.22
2026-10-02,ORD-900393,M_PANTS-P5,7,62099.79
2026-10-02,ORD-900394,M_SWIM-P5,3,18497.36
2026-10-02,ORD-900395,OTHER-ASSORTED,5,16289.25
2026-10-02,ORD-900396,M_SWEATERS-P4,7,44161.62
2026-10-02,ORD-900397,M_OUTERWEAR_COATS-P4,5,58105.88
2026-10-02,ORD-900398,M_SWEATERS-P4,7,44078.99
2026-10-02,ORD-900399,M_SWIM-P4,6,24663.62
2026-10-02,ORD-900400,M_PANTS-P4,6,29063.74
2026-10-02,ORD-900401,M_OUTERWEAR_COATS-P4,3,31992.24
2026-10-02,ORD-900402,M_FASHION_HOODIES_SWEATSHIRTS-P2,8,25318.77
2026-10-02,ORD-900403,W_OUTERWEAR_COATS-P1,5,14381.73
2026-10-02,ORD-900404,M_FASHION_HOODIES_SWEATSHIRTS-P5,4,33528.05
2026-10-02,ORD-900405,M_SUITS_SPORT_COATS-P3,2,15740.55
2026-10-02,ORD-900406,W_OUTERWEAR_COATS-P5,6,148943.05
2026-10-02,ORD-900407,W_DRESSES-P5,5,72733.21
2026-10-02,ORD-900408,M_SWEATERS-P3,2,9053.06
2026-10-02,ORD-900409,M_FASHION_HOODIES_SWEATSHIRTS-P4,8,36824.68
2026-10-02,ORD-900410,M_SUITS_SPORT_COATS-P2,5,24737.87
2026-10-02,ORD-900411,M_PANTS-P3,4,14467.17
2026-10-02,ORD-900412,M_SWEATERS-P1,4,7723.18
2026-10-02,ORD-900413,M_OUTERWEAR_COATS-P1,6,20330.45
2026-10-02,ORD-900414,M_PANTS-P1,9,13767.47
2026-10-02,ORD-900415,M_SUITS_SPORT_COATS-P2,7,36416.3
2026-10-02,ORD-900416,M_SWIM-P1,5,9215.28
2026-10-02,ORD-900417,OTHER-ASSORTED,5,17377.89
2026-10-02,ORD-900418,M_FASHION_HOODIES_SWEATSHIRTS-P2,7,20517.53
2026-10-02,ORD-900419,W_SWIM-P3,2,8712.7
2026-10-02,ORD-900420,M_PANTS-P3,1,3757.33
2026-10-02,ORD-900421,W_OUTERWEAR_COATS-P4,5,55810.57
2026-10-02,ORD-900422,M_SUITS_SPORT_COATS-P1,5,9211.2
2026-10-02,ORD-900423,M_FASHION_HOODIES_SWEATSHIRTS-P3,6,22457.25
2026-10-02,ORD-900424,M_SUITS_SPORT_COATS-P4,5,56136.69
2026-10-02,ORD-900425,W_INTIMATES-P2,3,4341.18
2026-10-02,ORD-900426,M_SUITS_SPORT_COATS-P5,6,137371.68
2026-10-02,ORD-900427,M_SUITS_SPORT_COATS-P4,1,11843.28
2026-10-02,ORD-900428,W_SWIM-P5,4,42337.63
2026-10-02,ORD-900429,W_DRESSES-P5,1,15936.56
2026-10-02,ORD-900430,M_SWEATERS-P2,7,20939.01
2026-10-02,ORD-900431,M_FASHION_HOODIES_SWEATSHIRTS-P5,8,70635.57
2026-10-02,ORD-900432,M_SUITS_SPORT_COATS-P5,7,137391.9
2026-10-02,ORD-900433,M_JEANS-P4,9,83997.48
2026-10-02,ORD-900434,M_SWIM-P2,6,16466.31
2026-10-02,ORD-900435,M_FASHION_HOODIES_SWEATSHIRTS-P2,3,9556.67
2026-10-02,ORD-900436,M_PANTS-P3,4,14723.22
2026-10-02,ORD-900437,M_OUTERWEAR_COATS-P5,4,109177.14
2026-10-02,ORD-900438,W_SWIM-P4,9,55620.82
2026-10-02,ORD-900439,M_FASHION_HOODIES_SWEATSHIRTS-P1,4,7893.1
2026-10-02,ORD-900440,W_OUTERWEAR_COATS-P4,9,93860.1
2026-10-02,ORD-900441,W_OUTERWEAR_COATS-P2,9,53159.0
2026-10-02,ORD-900442,W_INTIMATES-P4,6,16814.75
2026-10-02,ORD-900443,M_JEANS-P2,1,3866.57
2026-10-02,ORD-900444,W_INTIMATES-P5,4,23050.61
2026-10-02,ORD-900445,W_INTIMATES-P3,3,6754.62
2026-10-02,ORD-900446,W_OUTERWEAR_COATS-P2,3,15697.7
2026-10-02,ORD-900447,W_DRESSES-P4,8,62406.26
2026-10-02,ORD-900448,M_PANTS-P4,6,29413.02
2026-10-02,ORD-900449,M_SUITS_SPORT_COATS-P4,9,105217.12
2026-10-02,ORD-900450,W_INTIMATES-P1,4,2974.06
2026-10-02,ORD-900451,W_INTIMATES-P5,3,17910.93
2026-10-02,ORD-900452,W_JEANS-P2,3,11578.48
2026-10-02,ORD-900453,M_FASHION_HOODIES_SWEATSHIRTS-P5,2,17675.28
2026-10-02,ORD-900454,M_PANTS-P5,2,19022.6
2026-10-02,ORD-900455,M_SWIM-P3,8,26858.51
2026-10-02,ORD-900456,W_DRESSES-P4,7,55169.99
2026-10-02,ORD-900457,M_FASHION_HOODIES_SWEATSHIRTS-P4,6,27007.31
2026-10-02,ORD-900458,M_SWIM-P3,7,24408.34
2026-10-02,ORD-900459,W_DRESSES-P5,5,76369.81
2026-10-02,ORD-900460,W_INTIMATES-P3,6,11869.92
2026-10-02,ORD-900461,W_OUTERWEAR_COATS-P4,4,47460.03
2026-10-02,ORD-900462,W_OUTERWEAR_COATS-P3,3,24595.11
2026-10-02,ORD-900463,M_SWEATERS-P2,3,9881.52
2026-10-02,ORD-900464,W_OUTERWEAR_COATS-P3,5,42579.93
2026-10-02,ORD-900465,M_JEANS-P4,4,38009.27
2026-10-02,ORD-900466,W_INTIMATES-P2,5,6748.19
2026-10-02,ORD-900467,M_OUTERWEAR_COATS-P2,1,5748.8
2026-10-02,ORD-900468,W_INTIMATES-P4,3,8413.18
2026-10-02,ORD-900469,M_PANTS-P3,7,25737.84
2026-10-02,ORD-900470,W_INTIMATES-P2,7,9705.51
2026-10-02,ORD-900471,W_INTIMATES-P3,3,5793.29
2026-10-02,ORD-900472,W_INTIMATES-P5,2,11853.42
2026-10-02,ORD-900473,M_OUTERWEAR_COATS-P3,5,39710.94
2026-10-02,ORD-900474,M_SWIM-P5,2,12099.96
2026-10-02,ORD-900475,W_SWIM-P2,1,3032.41
2026-10-02,ORD-900476,W_OUTERWEAR_COATS-P4,8,84818.09
2026-10-02,ORD-900477,M_FASHION_HOODIES_SWEATSHIRTS-P5,5,41079.96
2026-10-02,ORD-900478,W_OUTERWEAR_COATS-P5,5,123881.29
2026-10-02,ORD-900479,W_JEANS-P1,7,17083.88
2026-10-02,ORD-900480,W_DRESSES-P1,7,7603.86
2026-10-02,ORD-900481,M_OUTERWEAR_COATS-P4,9,100194.05
2026-10-02,ORD-900482,W_OUTERWEAR_COATS-P5,3,77183.84
2026-10-02,ORD-900483,W_OUTERWEAR_COATS-P3,2,16366.08
2026-10-02,ORD-900484,W_SWIM-P2,5,15277.01
2026-10-02,ORD-900485,M_SWEATERS-P3,2,8681.33
2026-10-02,ORD-900486,W_SWIM-P1,1,1670.58
2026-10-02,ORD-900487,W_DRESSES-P1,3,3045.93
2026-10-02,ORD-900488,M_SWEATERS-P1,5,9405.27
2026-10-02,ORD-900489,M_JEANS-P1,8,19742.6
2026-10-02,ORD-900490,OTHER-ASSORTED,5,16979.85
2026-10-02,ORD-900491,M_JEANS-P5,2,28399.4
2026-10-02,ORD-900492,W_JEANS-P3,5,30159.68
2026-10-02,ORD-900493,M_FASHION_HOODIES_SWEATSHIRTS-P1,3,5712.4
2026-10-02,ORD-900494,M_JEANS-P4,4,42007.47
2026-10-02,ORD-900495,M_SWEATERS-P2,8,23793.94
2026-10-02,ORD-900496,M_SUITS_SPORT_COATS-P3,9,64664.45
2026-10-02,ORD-900497,M_FASHION_HOODIES_SWEATSHIRTS-P4,4,18938.57
2026-10-02,ORD-900498,W_INTIMATES-P2,5,6802.75
2026-10-02,ORD-900499,W_SWIM-P5,5,53712.07
2026-10-02,ORD-900500,W_OUTERWEAR_COATS-P1,8,22675.9
2026-10-02,ORD-900501,W_SWIM-P5,1,9573.8
2026-10-02,ORD-900502,M_FASHION_HOODIES_SWEATSHIRTS-P2,3,9452.15
2026-10-02,ORD-900503,W_INTIMATES-P3,2,4017.88
2026-10-02,ORD-900504,M_FASHION_HOODIES_SWEATSHIRTS-P2,9,27275.21
2026-10-02,ORD-900505,M_SWIM-P3,8,26712.69
2026-10-02,ORD-900506,M_OUTERWEAR_COATS-P4,2,24885.49
2026-10-02,ORD-900507,M_FASHION_HOODIES_SWEATSHIRTS-P1,9,16926.45
2026-10-02,ORD-900508,M_PANTS-P1,8,12911.8
2026-10-02,ORD-900509,W_OUTERWEAR_COATS-P1,9,26593.7
2026-10-02,ORD-900510,W_JEANS-P4,2,18902.19
2026-10-02,ORD-900511,M_SWIM-P1,7,13191.2
2026-10-02,ORD-900512,M_SWEATERS-P2,5,17215.69
2026-10-02,ORD-900513,W_DRESSES-P4,1,6811.32
2026-10-02,ORD-900514,M_JEANS-P5,4,60082.85
2026-10-02,ORD-900515,W_JEANS-P1,6,14034.28
2026-10-02,ORD-900516,M_PANTS-P3,6,23507.38
2026-10-02,ORD-900517,M_SWEATERS-P4,6,38965.12
2026-10-02,ORD-900518,M_FASHION_HOODIES_SWEATSHIRTS-P5,6,50593.25
2026-10-02,ORD-900519,M_PANTS-P2,6,16232.88
2026-10-02,ORD-900520,M_OUTERWEAR_COATS-P2,4,21349.79
2026-10-02,ORD-900521,M_JEANS-P4,9,84460.32
2026-10-02,ORD-900522,M_OUTERWEAR_COATS-P4,3,33774.36
2026-10-02,ORD-900523,M_JEANS-P5,3,45444.87
2026-10-02,ORD-900524,M_OUTERWEAR_COATS-P2,7,37193.26
2026-10-02,ORD-900525,M_SWEATERS-P1,9,16140.06
2026-10-02,ORD-900526,M_JEANS-P2,6,25757.2
2026-10-02,ORD-900527,W_OUTERWEAR_COATS-P3,4,29822.58
2026-10-02,ORD-900528,M_OUTERWEAR_COATS-P2,6,32138.49
2026-10-02,ORD-900529,W_DRESSES-P2,2,5618.3
2026-10-02,ORD-900530,M_SUITS_SPORT_COATS-P1,7,13829.45
2026-10-02,ORD-900531,W_SWIM-P5,4,40490.36
2026-10-02,ORD-900532,W_JEANS-P4,3,27806.16
2026-10-02,ORD-900533,M_FASHION_HOODIES_SWEATSHIRTS-P5,7,62467.99
2026-10-02,ORD-900534,M_SUITS_SPORT_COATS-P1,3,6230.57
2026-10-02,ORD-900535,M_SWIM-P4,1,4054.34
2026-10-02,ORD-900536,W_DRESSES-P5,7,116874.74
2026-10-02,ORD-900537,M_FASHION_HOODIES_SWEATSHIRTS-P4,4,19145.99
2026-10-02,ORD-900538,M_SUITS_SPORT_COATS-P3,8,61993.66
2026-10-02,ORD-900539,W_DRESSES-P5,7,109430.79
2026-10-02,ORD-900540,W_DRESSES-P1,2,1976.73
2026-10-02,ORD-900541,W_JEANS-P2,8,28728.21
2026-10-02,ORD-900542,M_SWEATERS-P5,7,91225.68
2026-10-02,ORD-900543,M_SWIM-P3,4,14246.38
2026-10-02,ORD-900544,M_SWIM-P5,1,6164.01
2026-10-02,ORD-900545,M_FASHION_HOODIES_SWEATSHIRTS-P3,9,35453.24
2026-10-02,ORD-900546,M_SWEATERS-P4,5,34051.05
2026-10-02,ORD-900547,W_DRESSES-P3,1,4771.24
2026-10-02,ORD-900548,M_JEANS-P5,9,138573.23
2026-10-02,ORD-900549,M_PANTS-P2,6,16160.53
2026-10-02,ORD-900550,M_SWIM-P1,9,15782.67
2026-10-02,ORD-900551,W_OUTERWEAR_COATS-P5,3,81241.03
2026-10-02,ORD-900552,W_SWIM-P2,8,21479.95
2026-10-02,ORD-900553,M_OUTERWEAR_COATS-P2,3,18284.47
2026-10-02,ORD-900554,W_OUTERWEAR_COATS-P1,2,5612.97
2026-10-02,ORD-900555,M_PANTS-P2,2,5383.62
2026-10-02,ORD-900556,M_FASHION_HOODIES_SWEATSHIRTS-P3,6,22174.77
2026-10-02,ORD-900557,W_OUTERWEAR_COATS-P1,6,16676.84
2026-10-02,ORD-900558,M_SWIM-P5,1,6524.99
2026-10-02,ORD-900559,M_OUTERWEAR_COATS-P3,8,62699.05
2026-10-02,ORD-900560,W_INTIMATES-P1,4,2826.77
2026-10-02,ORD-900561,OTHER-ASSORTED,8,28196.64
2026-10-02,ORD-900562,M_SWIM-P2,4,10236.65
2026-10-02,ORD-900563,M_SWIM-P2,1,2881.96
2026-10-02,ORD-900564,OTHER-ASSORTED,2,7060.02
2026-10-02,ORD-900565,M_JEANS-P5,6,87866.05
2026-10-02,ORD-900566,M_SUITS_SPORT_COATS-P2,1,5305.75
2026-10-02,ORD-900567,W_OUTERWEAR_COATS-P5,4,109732.6
2026-10-02,ORD-900568,M_JEANS-P3,7,39294.38
2026-10-02,ORD-900569,M_SUITS_SPORT_COATS-P5,1,22519.27
2026-10-02,ORD-900570,W_DRESSES-P4,8,63369.49
2026-10-02,ORD-900571,M_FASHION_HOODIES_SWEATSHIRTS-P5,2,17959.79
2026-10-02,ORD-900572,M_OUTERWEAR_COATS-P4,9,106232.85
2026-10-02,ORD-900573,W_SWIM-P1,4,7019.85
2026-10-02,ORD-900574,M_SWEATERS-P3,7,29646.52
2026-10-02,ORD-900575,M_SUITS_SPORT_COATS-P2,6,31415.35
2026-10-02,ORD-900576,W_SWIM-P5,5,51961.74
2026-10-02,ORD-900577,M_OUTERWEAR_COATS-P4,4,43740.54
2026-10-02,ORD-900578,M_JEANS-P4,3,30052.42
2026-10-02,ORD-900579,M_SWEATERS-P5,1,11569.45
2026-10-02,ORD-900580,M_JEANS-P3,5,31840.6
2026-10-02,ORD-900581,W_DRESSES-P4,6,43090.02
2026-10-02,ORD-900582,M_FASHION_HOODIES_SWEATSHIRTS-P1,2,4041.47
2026-10-02,ORD-900583,W_JEANS-P2,6,23131.29
2026-10-02,ORD-900584,W_JEANS-P4,7,58553.42
2026-10-02,ORD-900585,M_FASHION_HOODIES_SWEATSHIRTS-P5,5,40982.1
2026-10-02,ORD-900586,W_OUTERWEAR_COATS-P2,7,37407.74
2026-10-02,ORD-900587,M_JEANS-P4,9,81812.79
2026-10-02,ORD-900588,M_JEANS-P2,6,24004.06
2026-10-02,ORD-900589,M_SWEATERS-P2,4,12893.17
2026-10-02,ORD-900590,M_JEANS-P3,5,27776.61
2026-10-02,ORD-900591,W_SWIM-P1,5,9345.63
2026-10-02,ORD-900592,M_JEANS-P1,8,19828.05
2026-10-02,ORD-900593,M_SWIM-P1,7,11850.03
2026-10-02,ORD-900594,M_SWEATERS-P2,4,12797.65
2026-10-02,ORD-900595,M_FASHION_HOODIES_SWEATSHIRTS-P5,6,49131.59
2026-10-02,ORD-900596,M_PANTS-P4,8,40842.33
2026-10-02,ORD-900597,M_PANTS-P3,5,19701.41
2026-10-02,ORD-900598,M_FASHION_HOODIES_SWEATSHIRTS-P1,4,7194.99
2026-10-02,ORD-900599,M_SUITS_SPORT_COATS-P4,3,35630.54
2026-10-02,ORD-900600,W_OUTERWEAR_COATS-P5,5,127460.85
2026-10-02,ORD-900601,M_PANTS-P3,6,21482.69
2026-10-02,ORD-900602,W_SWIM-P1,2,3501.75
2026-10-02,ORD-900603,M_JEANS-P2,8,34053.4
2026-10-02,ORD-900604,M_JEANS-P1,6,14323.78
2026-10-02,ORD-900605,M_FASHION_HOODIES_SWEATSHIRTS-P2,6,20323.56
2026-10-02,ORD-900606,W_OUTERWEAR_COATS-P2,1,5705.5
2026-10-02,ORD-900607,M_JEANS-P5,8,114955.06
2026-10-02,ORD-900608,M_OUTERWEAR_COATS-P1,8,26402.37
2026-10-02,ORD-900609,M_SWIM-P1,1,1923.45
2026-10-02,ORD-900610,M_FASHION_HOODIES_SWEATSHIRTS-P2,7,21667.08
2026-10-02,ORD-900611,M_OUTERWEAR_COATS-P5,9,253052.19
2026-10-02,ORD-900612,M_FASHION_HOODIES_SWEATSHIRTS-P4,2,10176.19
2026-10-02,ORD-900613,W_INTIMATES-P1,7,5586.79
2026-10-02,ORD-900614,W_SWIM-P4,4,22948.97
2026-10-02,ORD-900615,W_DRESSES-P2,4,11085.22
2026-10-02,ORD-900616,W_OUTERWEAR_COATS-P3,3,24383.55
2026-10-02,ORD-900617,M_JEANS-P2,2,7318.72
2026-10-02,ORD-900618,W_INTIMATES-P1,5,3909.64
2026-10-02,ORD-900619,W_JEANS-P1,8,19557.75
2026-10-02,ORD-900620,M_JEANS-P3,7,41290.7
2026-10-02,ORD-900621,M_FASHION_HOODIES_SWEATSHIRTS-P2,6,19913.72
2026-10-02,ORD-900622,W_SWIM-P5,1,9460.19
2026-10-02,ORD-900623,M_SWEATERS-P2,9,29343.2
2026-10-02,ORD-900624,M_JEANS-P3,2,11465.19
2026-10-02,ORD-900625,M_SWIM-P3,2,6748.0
2026-10-02,ORD-900626,M_PANTS-P1,3,5059.36
2026-10-02,ORD-900627,M_SWIM-P3,9,31686.76
2026-10-02,ORD-900628,M_SUITS_SPORT_COATS-P3,4,28008.53
2026-10-02,ORD-900629,M_SWEATERS-P2,8,23889.93
2026-10-02,ORD-900630,M_OUTERWEAR_COATS-P4,8,87318.75
2026-10-02,ORD-900631,M_JEANS-P2,8,29992.23
2026-10-02,ORD-900632,W_SWIM-P2,2,6042.59
2026-10-02,ORD-900633,M_SWIM-P3,3,10261.39
2026-10-02,ORD-900634,W_DRESSES-P1,9,8978.38
2026-10-02,ORD-900635,W_DRESSES-P4,2,14627.38
2026-10-02,ORD-900636,M_FASHION_HOODIES_SWEATSHIRTS-P1,4,7376.93
2026-10-02,ORD-900637,W_OUTERWEAR_COATS-P2,2,11534.63
2026-10-02,ORD-900638,W_INTIMATES-P5,7,36811.22
2026-10-02,ORD-900639,M_SWIM-P4,1,4239.79
2026-10-02,ORD-900640,M_SWIM-P2,5,14736.21
2026-10-02,ORD-900641,M_SWIM-P5,1,6034.72
2026-10-02,ORD-900642,M_PANTS-P5,2,17112.11
2026-10-02,ORD-900643,M_SWIM-P5,2,12620.49
2026-10-02,ORD-900644,M_SWEATERS-P2,6,20647.91
2026-10-02,ORD-900645,M_OUTERWEAR_COATS-P4,9,111761.36
2026-10-02,ORD-900646,W_DRESSES-P1,9,10177.71
2026-10-02,ORD-900647,M_JEANS-P2,7,28528.38
2026-10-02,ORD-900648,M_PANTS-P3,5,18281.52
2026-10-02,ORD-900649,M_JEANS-P1,7,19074.85
2026-10-02,ORD-900650,M_SUITS_SPORT_COATS-P5,6,130826.69
2026-10-02,ORD-900651,M_SUITS_SPORT_COATS-P2,8,37056.5
2026-10-02,ORD-900652,M_PANTS-P5,9,74931.75
2026-10-02,ORD-900653,M_SWIM-P4,7,30399.26
2026-10-02,ORD-900654,M_SWEATERS-P1,4,7982.9
2026-10-02,ORD-900655,W_INTIMATES-P5,6,30855.85
2026-10-02,ORD-900656,M_SUITS_SPORT_COATS-P4,8,100622.82
2026-10-02,ORD-900657,M_SWIM-P4,9,38693.95
2026-10-02,ORD-900658,M_FASHION_HOODIES_SWEATSHIRTS-P1,6,11563.22
2026-10-02,ORD-900659,M_JEANS-P2,1,4116.9
2026-10-02,ORD-900660,M_SUITS_SPORT_COATS-P3,4,28591.21
2026-10-02,ORD-900661,W_DRESSES-P3,6,28217.92
2026-10-02,ORD-900662,M_OUTERWEAR_COATS-P4,1,11195.49
2026-10-02,ORD-900663,M_SWIM-P2,2,5528.64
2026-10-03,ORD-900664,M_SUITS_SPORT_COATS-P3,1,7748.5
2026-10-03,ORD-900665,M_OUTERWEAR_COATS-P4,5,58633.45
2026-10-03,ORD-900666,W_OUTERWEAR_COATS-P1,7,20091.01
2026-10-03,ORD-900667,M_SUITS_SPORT_COATS-P4,7,76230.07
2026-10-03,ORD-900668,W_DRESSES-P1,2,1964.0
2026-10-03,ORD-900669,M_OUTERWEAR_COATS-P5,5,132085.74
2026-10-03,ORD-900670,M_SUITS_SPORT_COATS-P1,3,6272.16
2026-10-03,ORD-900671,W_JEANS-P5,5,71548.47
2026-10-03,ORD-900672,M_FASHION_HOODIES_SWEATSHIRTS-P4,8,34713.37
2026-10-03,ORD-900673,W_DRESSES-P4,2,14972.44
2026-10-03,ORD-900674,W_SWIM-P4,6,35118.49
2026-10-03,ORD-900675,M_FASHION_HOODIES_SWEATSHIRTS-P2,4,12688.54
2026-10-03,ORD-900676,M_FASHION_HOODIES_SWEATSHIRTS-P1,8,15448.44
2026-10-03,ORD-900677,W_INTIMATES-P3,2,3948.87
2026-10-03,ORD-900678,M_JEANS-P1,8,21429.36
2026-10-03,ORD-900679,M_JEANS-P4,7,70841.32
2026-10-03,ORD-900680,W_INTIMATES-P3,7,15361.89
2026-10-03,ORD-900681,M_SWEATERS-P4,6,42910.49
2026-10-03,ORD-900682,W_JEANS-P1,2,4935.97
2026-10-03,ORD-900683,W_OUTERWEAR_COATS-P3,6,49995.46
2026-10-03,ORD-900684,OTHER-ASSORTED,2,6954.32
2026-10-03,ORD-900685,M_SWEATERS-P1,5,10004.45
2026-10-03,ORD-900686,W_INTIMATES-P1,9,6406.54
2026-10-03,ORD-900687,W_OUTERWEAR_COATS-P5,4,96898.92
2026-10-03,ORD-900688,M_SUITS_SPORT_COATS-P1,9,16782.86
2026-10-03,ORD-900689,W_SWIM-P5,2,19077.1
2026-10-03,ORD-900690,M_PANTS-P3,8,30215.15
2026-10-03,ORD-900691,W_SWIM-P2,7,21556.1
2026-10-03,ORD-900692,M_OUTERWEAR_COATS-P3,8,65034.08
2026-10-03,ORD-900693,W_INTIMATES-P4,7,20464.27
2026-10-03,ORD-900694,M_SWIM-P1,2,3595.38
2026-10-03,ORD-900695,W_OUTERWEAR_COATS-P4,3,35201.52
2026-10-03,ORD-900696,M_SUITS_SPORT_COATS-P1,4,7292.41
2026-10-03,ORD-900697,W_OUTERWEAR_COATS-P2,3,17070.25
2026-10-03,ORD-900698,M_SUITS_SPORT_COATS-P5,9,197363.97
2026-10-03,ORD-900699,M_SWEATERS-P4,8,52368.04
2026-10-03,ORD-900700,W_DRESSES-P2,3,8290.4
2026-10-03,ORD-900701,M_SWEATERS-P1,6,10834.51
2026-10-03,ORD-900702,M_SWIM-P2,4,11272.03
2026-10-03,ORD-900703,M_SUITS_SPORT_COATS-P3,7,51830.54
2026-10-03,ORD-900704,M_PANTS-P2,2,5972.1
2026-10-03,ORD-900705,M_PANTS-P2,7,19037.11
2026-10-03,ORD-900706,M_OUTERWEAR_COATS-P4,7,86405.33
2026-10-03,ORD-900707,M_FASHION_HOODIES_SWEATSHIRTS-P5,9,70699.97
2026-10-03,ORD-900708,M_SWEATERS-P2,9,28830.6
2026-10-03,ORD-900709,M_SWIM-P2,2,5265.4
2026-10-03,ORD-900710,W_JEANS-P3,2,12081.92
2026-10-03,ORD-900711,M_SWIM-P3,3,10062.25
2026-10-03,ORD-900712,W_INTIMATES-P4,6,17706.75
2026-10-03,ORD-900713,OTHER-ASSORTED,8,26149.26
2026-10-03,ORD-900714,M_JEANS-P5,8,133182.1
2026-10-03,ORD-900715,W_JEANS-P3,6,36990.69
2026-10-03,ORD-900716,M_JEANS-P2,4,16725.83
2026-10-03,ORD-900717,M_OUTERWEAR_COATS-P4,4,49011.11
2026-10-03,ORD-900718,W_JEANS-P2,6,20395.01
2026-10-03,ORD-900719,W_JEANS-P3,4,23782.51
2026-10-03,ORD-900720,W_SWIM-P2,6,17780.04
2026-10-03,ORD-900721,M_SUITS_SPORT_COATS-P4,2,25155.89
2026-10-03,ORD-900722,W_INTIMATES-P5,5,28405.66
2026-10-03,ORD-900723,W_OUTERWEAR_COATS-P3,5,37887.02
2026-10-03,ORD-900724,M_SUITS_SPORT_COATS-P3,1,6911.1
2026-10-03,ORD-900725,W_SWIM-P1,5,8931.77
2026-10-03,ORD-900726,M_PANTS-P4,5,25119.27
2026-10-03,ORD-900727,M_PANTS-P2,8,21118.56
2026-10-03,ORD-900728,M_FASHION_HOODIES_SWEATSHIRTS-P2,5,16421.47
2026-10-03,ORD-900729,W_SWIM-P5,9,85802.65
2026-10-03,ORD-900730,M_SUITS_SPORT_COATS-P5,3,67265.96
2026-10-03,ORD-900731,M_SWIM-P5,3,18783.11
2026-10-03,ORD-900732,M_SWIM-P5,3,18551.75
2026-10-03,ORD-900733,W_INTIMATES-P2,5,6837.5
2026-10-03,ORD-900734,M_SWEATERS-P3,6,28361.51
2026-10-03,ORD-900735,M_SWIM-P5,4,24514.99
2026-10-03,ORD-900736,W_INTIMATES-P3,6,12210.38
2026-10-03,ORD-900737,M_OUTERWEAR_COATS-P4,9,99985.5
2026-10-03,ORD-900738,W_JEANS-P1,6,14925.65
2026-10-03,ORD-900739,M_FASHION_HOODIES_SWEATSHIRTS-P5,9,69830.29
2026-10-03,ORD-900740,W_SWIM-P5,2,19576.8
2026-10-03,ORD-900741,M_FASHION_HOODIES_SWEATSHIRTS-P1,2,4200.16
2026-10-03,ORD-900742,M_JEANS-P3,4,25662.47
2026-10-03,ORD-900743,M_PANTS-P5,6,57277.07
2026-10-03,ORD-900744,M_FASHION_HOODIES_SWEATSHIRTS-P4,2,8824.35
2026-10-03,ORD-900745,M_SWEATERS-P2,3,10465.39
2026-10-03,ORD-900746,W_INTIMATES-P3,9,18935.4
2026-10-03,ORD-900747,M_SWEATERS-P3,9,42734.38
2026-10-03,ORD-900748,M_JEANS-P1,9,24144.36
2026-10-03,ORD-900749,W_DRESSES-P4,8,63603.23
2026-10-03,ORD-900750,W_SWIM-P1,2,3426.82
2026-10-03,ORD-900751,M_SWIM-P2,4,10248.72
2026-10-03,ORD-900752,M_SWIM-P2,1,2783.44
2026-10-03,ORD-900753,W_SWIM-P2,9,24069.61
2026-10-03,ORD-900754,W_SWIM-P2,5,13773.99
2026-10-03,ORD-900755,M_OUTERWEAR_COATS-P5,5,146005.87
2026-10-03,ORD-900756,M_SWIM-P5,3,19553.59
2026-10-03,ORD-900757,W_SWIM-P4,1,5824.56
2026-10-03,ORD-900758,W_JEANS-P5,6,89947.74
2026-10-03,ORD-900759,M_JEANS-P1,9,22038.12
2026-10-03,ORD-900760,W_SWIM-P3,1,3807.79
2026-10-03,ORD-900761,M_PANTS-P5,5,48371.29
2026-10-03,ORD-900762,M_FASHION_HOODIES_SWEATSHIRTS-P2,7,20192.97
2026-10-03,ORD-900763,W_OUTERWEAR_COATS-P3,3,25088.33
2026-10-03,ORD-900764,M_SWIM-P4,2,7895.75
2026-10-03,ORD-900765,M_FASHION_HOODIES_SWEATSHIRTS-P5,4,35850.22
2026-10-03,ORD-900766,W_OUTERWEAR_COATS-P3,4,31924.79
2026-10-03,ORD-900767,M_SUITS_SPORT_COATS-P2,4,19291.28
2026-10-03,ORD-900768,M_FASHION_HOODIES_SWEATSHIRTS-P1,4,7519.36
2026-10-03,ORD-900769,W_DRESSES-P2,6,16708.05
2026-10-03,ORD-900770,M_SUITS_SPORT_COATS-P2,9,45855.59
2026-10-03,ORD-900771,M_SWEATERS-P5,4,52909.72
2026-10-03,ORD-900772,M_SWEATERS-P2,3,9196.46
2026-10-03,ORD-900773,M_OUTERWEAR_COATS-P4,5,57296.33
2026-10-03,ORD-900774,M_OUTERWEAR_COATS-P5,6,154581.6
2026-10-03,ORD-900775,W_INTIMATES-P3,5,10612.76
2026-10-03,ORD-900776,W_DRESSES-P1,5,5341.51
2026-10-03,ORD-900777,M_FASHION_HOODIES_SWEATSHIRTS-P2,3,9093.05
2026-10-03,ORD-900778,M_FASHION_HOODIES_SWEATSHIRTS-P5,5,41573.32
2026-10-03,ORD-900779,W_JEANS-P2,4,14943.13
2026-10-03,ORD-900780,W_JEANS-P5,4,56281.32
2026-10-03,ORD-900781,M_JEANS-P1,9,22380.28
2026-10-03,ORD-900782,M_OUTERWEAR_COATS-P4,1,11387.64
2026-10-03,ORD-900783,M_JEANS-P4,6,59870.69
2026-10-03,ORD-900784,M_FASHION_HOODIES_SWEATSHIRTS-P5,2,17966.99
2026-10-03,ORD-900785,M_SUITS_SPORT_COATS-P5,3,62957.27
2026-10-03,ORD-900786,W_INTIMATES-P2,4,5500.05
2026-10-03,ORD-900787,W_JEANS-P5,4,54776.45
2026-10-03,ORD-900788,M_PANTS-P4,9,45458.53
2026-10-03,ORD-900789,W_JEANS-P2,2,7230.33
2026-10-03,ORD-900790,W_OUTERWEAR_COATS-P2,1,5132.64
2026-10-03,ORD-900791,M_FASHION_HOODIES_SWEATSHIRTS-P3,7,29053.87
2026-10-03,ORD-900792,M_SWEATERS-P3,3,13002.55
2026-10-03,ORD-900793,M_OUTERWEAR_COATS-P4,3,36856.95
2026-10-03,ORD-900794,M_OUTERWEAR_COATS-P5,6,158878.38
2026-10-03,ORD-900795,W_SWIM-P4,3,16130.05
2026-10-03,ORD-900796,W_INTIMATES-P5,6,35979.91
2026-10-03,ORD-900797,M_OUTERWEAR_COATS-P3,4,30564.34
2026-10-03,ORD-900798,W_INTIMATES-P3,4,8892.18
2026-10-03,ORD-900799,W_JEANS-P1,8,18277.47
2026-10-03,ORD-900800,W_JEANS-P1,2,5005.16
2026-10-03,ORD-900801,M_JEANS-P5,2,33464.95
2026-10-03,ORD-900802,W_JEANS-P1,6,14434.14
2026-10-03,ORD-900803,M_JEANS-P3,5,28760.97
2026-10-03,ORD-900804,W_DRESSES-P2,2,5334.94
2026-10-03,ORD-900805,M_SWIM-P4,9,40830.0
2026-10-03,ORD-900806,M_SWEATERS-P4,9,57938.59
2026-10-03,ORD-900807,M_JEANS-P1,2,5329.68
2026-10-03,ORD-900808,M_FASHION_HOODIES_SWEATSHIRTS-P2,2,6702.94
2026-10-03,ORD-900809,W_JEANS-P3,9,50003.24
2026-10-03,ORD-900810,M_SUITS_SPORT_COATS-P2,2,9558.85
2026-10-03,ORD-900811,W_JEANS-P5,8,109006.17
2026-10-03,ORD-900812,W_OUTERWEAR_COATS-P4,8,89238.34
2026-10-03,ORD-900813,M_OUTERWEAR_COATS-P3,3,26230.86
2026-10-03,ORD-900814,W_INTIMATES-P3,1,2067.72
2026-10-03,ORD-900815,W_DRESSES-P2,7,19548.81
2026-10-03,ORD-900816,M_PANTS-P4,3,13783.09
2026-10-03,ORD-900817,M_SWEATERS-P1,4,8354.84
2026-10-03,ORD-900818,M_FASHION_HOODIES_SWEATSHIRTS-P2,4,12361.68
2026-10-03,ORD-900819,M_SWIM-P2,2,5481.43
2026-10-03,ORD-900820,M_OUTERWEAR_COATS-P2,6,31840.39
2026-10-03,ORD-900821,M_PANTS-P5,1,8739.7
2026-10-03,ORD-900822,W_OUTERWEAR_COATS-P4,9,98773.92
2026-10-03,ORD-900823,M_SWIM-P1,5,9099.55
2026-10-03,ORD-900824,M_SUITS_SPORT_COATS-P1,3,5810.4
2026-10-03,ORD-900825,W_SWIM-P1,7,12019.03
2026-10-03,ORD-900826,W_DRESSES-P2,8,21274.71
2026-10-03,ORD-900827,W_SWIM-P5,8,77370.78
2026-10-03,ORD-900828,W_SWIM-P4,3,17069.38
2026-10-03,ORD-900829,OTHER-ASSORTED,5,17561.15
2026-10-03,ORD-900830,W_SWIM-P4,6,32797.12
2026-10-03,ORD-900831,W_DRESSES-P2,7,18294.1
2026-10-03,ORD-900832,W_SWIM-P5,6,58544.24
2026-10-03,ORD-900833,M_JEANS-P2,1,3889.14
2026-10-03,ORD-900834,OTHER-ASSORTED,2,6722.38
2026-10-03,ORD-900835,W_SWIM-P4,9,52780.51
2026-10-03,ORD-900836,W_INTIMATES-P3,1,2146.09
2026-10-03,ORD-900837,M_SWEATERS-P1,5,9690.56
2026-10-03,ORD-900838,W_OUTERWEAR_COATS-P4,8,83089.98
2026-10-03,ORD-900839,M_SUITS_SPORT_COATS-P1,8,16246.35
2026-10-03,ORD-900840,M_FASHION_HOODIES_SWEATSHIRTS-P4,3,15194.35
2026-10-03,ORD-900841,M_PANTS-P3,9,34195.35
2026-10-03,ORD-900842,M_JEANS-P1,5,13642.84
2026-10-03,ORD-900843,M_PANTS-P1,7,12065.68
2026-10-03,ORD-900844,M_PANTS-P2,4,12135.0
2026-10-03,ORD-900845,M_SWIM-P3,2,7185.05
2026-10-03,ORD-900846,OTHER-ASSORTED,1,3614.05
2026-10-03,ORD-900847,M_SWIM-P2,8,20766.48
2026-10-03,ORD-900848,M_SUITS_SPORT_COATS-P1,9,17869.33
2026-10-03,ORD-900849,W_SWIM-P4,4,23442.7
2026-10-03,ORD-900850,W_INTIMATES-P4,8,24529.97
2026-10-03,ORD-900851,W_INTIMATES-P2,3,4371.59
2026-10-03,ORD-900852,W_OUTERWEAR_COATS-P1,5,14731.94
2026-10-03,ORD-900853,W_OUTERWEAR_COATS-P1,3,7864.62
2026-10-03,ORD-900854,M_SWIM-P1,5,9234.67
2026-10-03,ORD-900855,M_FASHION_HOODIES_SWEATSHIRTS-P3,1,4151.81
2026-10-03,ORD-900856,W_INTIMATES-P2,6,8438.74
2026-10-03,ORD-900857,W_INTIMATES-P1,7,5713.81
2026-10-03,ORD-900858,W_INTIMATES-P1,2,1643.7
2026-10-03,ORD-900859,M_OUTERWEAR_COATS-P1,2,6328.64
2026-10-03,ORD-900860,M_PANTS-P4,7,33707.42
2026-10-03,ORD-900861,M_OUTERWEAR_COATS-P2,5,31227.95
2026-10-03,ORD-900862,W_DRESSES-P4,3,23193.75
2026-10-03,ORD-900863,W_INTIMATES-P2,1,1398.23
2026-10-03,ORD-900864,M_SWEATERS-P2,7,23671.65
2026-10-03,ORD-900865,W_OUTERWEAR_COATS-P5,1,26280.49
2026-10-03,ORD-900866,W_SWIM-P5,8,82878.76
2026-10-03,ORD-900867,M_SWIM-P2,4,10813.86
2026-10-03,ORD-900868,M_SUITS_SPORT_COATS-P3,1,6727.75
2026-10-03,ORD-900869,M_OUTERWEAR_COATS-P1,8,27683.97
2026-10-03,ORD-900870,M_OUTERWEAR_COATS-P5,4,111602.93
2026-10-03,ORD-900871,W_JEANS-P4,2,18188.69
2026-10-03,ORD-900872,M_SWIM-P4,7,29228.76
2026-10-03,ORD-900873,M_PANTS-P3,3,10596.39
2026-10-03,ORD-900874,M_PANTS-P3,2,7454.75
2026-10-03,ORD-900875,W_SWIM-P4,1,6114.63
2026-10-03,ORD-900876,M_PANTS-P4,9,48149.62
2026-10-03,ORD-900877,W_DRESSES-P4,5,39983.79
2026-10-03,ORD-900878,W_JEANS-P4,1,8561.22
2026-10-03,ORD-900879,M_PANTS-P3,4,15403.2
2026-10-03,ORD-900880,M_SWIM-P2,2,5084.35
2026-10-03,ORD-900881,W_OUTERWEAR_COATS-P5,9,216190.92
2026-10-03,ORD-900882,W_JEANS-P3,9,50567.91
2026-10-03,ORD-900883,M_OUTERWEAR_COATS-P3,6,46710.89
2026-10-03,ORD-900884,M_SUITS_SPORT_COATS-P1,7,12890.31
2026-10-03,ORD-900885,M_FASHION_HOODIES_SWEATSHIRTS-P4,6,27204.23
2026-10-03,ORD-900886,W_OUTERWEAR_COATS-P5,9,230460.46
2026-10-03,ORD-900887,M_SWEATERS-P2,4,13535.96
2026-10-03,ORD-900888,W_SWIM-P3,2,7633.06
2026-10-03,ORD-900889,M_SWEATERS-P3,8,38024.33
2026-10-03,ORD-900890,W_JEANS-P3,9,55511.61
2026-10-03,ORD-900891,W_SWIM-P4,9,54954.39
2026-10-03,ORD-900892,M_PANTS-P2,9,25232.61
2026-10-03,ORD-900893,M_FASHION_HOODIES_SWEATSHIRTS-P1,9,16401.82
2026-10-03,ORD-900894,M_OUTERWEAR_COATS-P2,1,5887.6
2026-10-03,ORD-900895,M_OUTERWEAR_COATS-P2,9,56070.33
2026-10-03,ORD-900896,W_JEANS-P5,6,80600.24
2026-10-03,ORD-900897,W_OUTERWEAR_COATS-P1,1,2897.73
2026-10-03,ORD-900898,M_SWEATERS-P5,1,12196.67
2026-10-03,ORD-900899,M_JEANS-P2,8,30292.95
2026-10-03,ORD-900900,M_PANTS-P2,1,2865.88
2026-10-03,ORD-900901,M_FASHION_HOODIES_SWEATSHIRTS-P1,5,9731.54
2026-10-03,ORD-900902,W_DRESSES-P4,8,63037.48
2026-10-03,ORD-900903,M_SWEATERS-P3,8,37329.27
2026-10-03,ORD-900904,W_JEANS-P2,4,14283.42
2026-10-03,ORD-900905,W_INTIMATES-P1,4,3136.87
2026-10-03,ORD-900906,W_DRESSES-P4,7,48000.74
2026-10-03,ORD-900907,W_INTIMATES-P5,3,16025.0
2026-10-03,ORD-900908,W_DRESSES-P1,8,8304.82
2026-10-03,ORD-900909,M_SUITS_SPORT_COATS-P5,2,44281.15
2026-10-03,ORD-900910,W_JEANS-P1,8,19066.07
2026-10-03,ORD-900911,M_OUTERWEAR_COATS-P4,4,48940.97
2026-10-03,ORD-900912,M_SWIM-P2,6,17722.38
2026-10-03,ORD-900913,W_DRESSES-P5,2,30380.17
2026-10-03,ORD-900914,M_FASHION_HOODIES_SWEATSHIRTS-P2,4,13224.62
2026-10-03,ORD-900915,W_JEANS-P1,9,21301.02
2026-10-03,ORD-900916,W_JEANS-P2,7,26983.56
2026-10-03,ORD-900917,M_OUTERWEAR_COATS-P3,5,37511.1
2026-10-03,ORD-900918,M_JEANS-P1,5,12877.47
2026-10-03,ORD-900919,M_SUITS_SPORT_COATS-P4,7,77806.74
2026-10-03,ORD-900920,M_SWEATERS-P3,6,26319.15
2026-10-03,ORD-900921,M_FASHION_HOODIES_SWEATSHIRTS-P2,7,23279.91
2026-10-03,ORD-900922,W_DRESSES-P4,2,14731.23
2026-10-03,ORD-900923,M_SWIM-P1,9,15924.04
2026-10-03,ORD-900924,M_SUITS_SPORT_COATS-P5,9,206754.65
2026-10-03,ORD-900925,W_JEANS-P5,7,104166.01
2026-10-03,ORD-900926,M_FASHION_HOODIES_SWEATSHIRTS-P5,4,32070.77
2026-10-03,ORD-900927,W_JEANS-P1,8,18489.74
2026-10-03,ORD-900928,W_INTIMATES-P1,5,3630.69
2026-10-03,ORD-900929,W_JEANS-P4,2,17730.22
2026-10-03,ORD-900930,W_JEANS-P1,6,14168.46
2026-10-03,ORD-900931,M_SWEATERS-P1,1,2049.29
2026-10-03,ORD-900932,M_SUITS_SPORT_COATS-P3,7,49123.85
2026-10-03,ORD-900933,W_DRESSES-P4,7,49520.0
2026-10-03,ORD-900934,M_SWEATERS-P1,5,10496.32
2026-10-03,ORD-900935,M_OUTERWEAR_COATS-P3,7,52762.78
2026-10-03,ORD-900936,W_DRESSES-P2,1,2921.83
2026-10-03,ORD-900937,W_OUTERWEAR_COATS-P3,7,52624.88
2026-10-03,ORD-900938,W_INTIMATES-P5,6,34863.53
2026-10-03,ORD-900939,W_DRESSES-P2,8,21256.8
2026-10-03,ORD-900940,W_INTIMATES-P5,9,49441.63
2026-10-03,ORD-900941,M_OUTERWEAR_COATS-P1,1,3096.24
2026-10-03,ORD-900942,W_JEANS-P4,6,55587.19
2026-10-03,ORD-900943,M_SWIM-P3,1,3500.01
2026-10-03,ORD-900944,W_DRESSES-P1,6,6361.96
2026-10-03,ORD-900945,M_SWIM-P2,6,15618.04
2026-10-03,ORD-900946,W_DRESSES-P5,8,128381.69
2026-10-03,ORD-900947,M_PANTS-P4,7,35839.2
2026-10-03,ORD-900948,M_JEANS-P2,1,3964.91
2026-10-03,ORD-900949,M_SWIM-P4,9,41967.72
2026-10-03,ORD-900950,W_DRESSES-P1,1,1135.53
2026-10-03,ORD-900951,M_SUITS_SPORT_COATS-P3,7,53408.56
2026-10-03,ORD-900952,M_FASHION_HOODIES_SWEATSHIRTS-P5,1,8023.44
2026-10-03,ORD-900953,W_INTIMATES-P4,3,9032.56
2026-10-03,ORD-900954,W_OUTERWEAR_COATS-P3,4,31775.6
2026-10-03,ORD-900955,M_PANTS-P3,3,11235.81
2026-10-03,ORD-900956,M_SWIM-P5,9,50921.84
2026-10-03,ORD-900957,M_SUITS_SPORT_COATS-P4,7,84015.19
2026-10-03,ORD-900958,M_JEANS-P5,5,79030.53
2026-10-03,ORD-900959,W_OUTERWEAR_COATS-P3,4,30832.42
2026-10-03,ORD-900960,M_FASHION_HOODIES_SWEATSHIRTS-P2,2,6691.26
2026-10-03,ORD-900961,W_DRESSES-P5,1,16245.95
2026-10-03,ORD-900962,M_PANTS-P2,1,2836.7
2026-10-03,ORD-900963,W_INTIMATES-P4,1,2998.79
2026-10-03,ORD-900964,M_PANTS-P4,6,28395.34
2026-10-03,ORD-900965,W_INTIMATES-P5,6,34597.83
2026-10-03,ORD-900966,M_SUITS_SPORT_COATS-P2,4,20947.24
2026-10-03,ORD-900967,W_INTIMATES-P4,6,16121.05
2026-10-03,ORD-900968,W_SWIM-P3,5,20746.68
2026-10-03,ORD-900969,M_SUITS_SPORT_COATS-P3,4,29489.03
2026-10-03,ORD-900970,W_DRESSES-P3,6,25131.33
2026-10-03,ORD-900971,W_SWIM-P3,6,25628.14
2026-10-03,ORD-900972,W_SWIM-P1,7,11501.28
2026-10-03,ORD-900973,M_OUTERWEAR_COATS-P2,3,17250.11
2026-10-03,ORD-900974,W_DRESSES-P3,6,25425.99
2026-10-03,ORD-900975,W_SWIM-P1,6,11075.44
2026-10-03,ORD-900976,M_OUTERWEAR_COATS-P5,8,212653.35
2026-10-03,ORD-900977,M_OUTERWEAR_COATS-P5,8,225574.2
2026-10-03,ORD-900978,M_FASHION_HOODIES_SWEATSHIRTS-P4,2,9809.37
2026-10-03,ORD-900979,W_INTIMATES-P3,9,20191.84
2026-10-03,ORD-900980,M_FASHION_HOODIES_SWEATSHIRTS-P2,2,6075.9
2026-10-03,ORD-900981,W_DRESSES-P2,6,17364.83
2026-10-03,ORD-900982,M_SWIM-P2,9,26318.09
2026-10-03,ORD-900983,M_FASHION_HOODIES_SWEATSHIRTS-P5,2,16373.08
2026-10-03,ORD-900984,W_SWIM-P3,3,12334.16
2026-10-03,ORD-900985,M_FASHION_HOODIES_SWEATSHIRTS-P3,3,11949.94
2026-10-03,ORD-900986,M_SUITS_SPORT_COATS-P1,1,1973.68
2026-10-03,ORD-900987,M_PANTS-P4,4,20097.22
2026-10-03,ORD-900988,M_SUITS_SPORT_COATS-P3,4,28563.58
2026-10-03,ORD-900989,M_PANTS-P1,5,7932.93
2026-10-03,ORD-900990,M_FASHION_HOODIES_SWEATSHIRTS-P1,1,1913.31
2026-10-03,ORD-900991,M_SWEATERS-P2,3,9306.58
2026-10-03,ORD-900992,M_JEANS-P3,3,18821.1
2026-10-03,ORD-900993,M_SWIM-P1,9,15212.11
2026-10-03,ORD-900994,M_SWIM-P5,8,50772.39
2026-10-03,ORD-900995,M_SWIM-P3,4,14338.32
2026-10-03,ORD-900996,M_SUITS_SPORT_COATS-P5,6,127733.61
2026-10-03,ORD-900997,M_SWEATERS-P5,8,99168.64
2026-10-03,ORD-900998,M_SWIM-P5,4,23707.15
2026-10-03,ORD-900999,M_PANTS-P4,5,24414.32
2026-10-03,ORD-901000,W_INTIMATES-P1,1,776.44
2026-10-03,ORD-901001,M_PANTS-P4,9,42442.64
2026-10-03,ORD-901002,W_OUTERWEAR_COATS-P5,9,241011.76
2026-10-03,ORD-901003,W_INTIMATES-P4,6,18224.53
2026-10-03,ORD-901004,M_SWEATERS-P5,2,24248.35
2026-10-03,ORD-901005,OTHER-ASSORTED,4,14308.68
2026-10-03,ORD-901006,W_INTIMATES-P1,4,2827.2
2026-10-03,ORD-901007,M_PANTS-P1,9,15941.54
2026-10-03,ORD-901008,M_SWIM-P5,7,43145.03
2026-10-03,ORD-901009,M_PANTS-P5,1,9530.9
2026-10-03,ORD-901010,M_SWIM-P4,6,27974.97
2026-10-03,ORD-901011,M_FASHION_HOODIES_SWEATSHIRTS-P5,9,80886.89
2026-10-04,ORD-901012,W_OUTERWEAR_COATS-P5,3,81838.23
2026-10-04,ORD-901013,W_INTIMATES-P5,2,11061.97
2026-10-04,ORD-901014,W_SWIM-P5,7,71953.68
2026-10-04,ORD-901015,M_SWIM-P5,1,6233.21
2026-10-04,ORD-901016,M_OUTERWEAR_COATS-P2,2,11482.4
2026-10-04,ORD-901017,W_SWIM-P2,4,11824.3
2026-10-04,ORD-901018,M_OUTERWEAR_COATS-P4,8,94787.01
2026-10-04,ORD-901019,W_OUTERWEAR_COATS-P1,6,18185.55
2026-10-04,ORD-901020,W_SWIM-P3,1,3741.63
2026-10-04,ORD-901021,W_JEANS-P1,4,9509.44
2026-10-04,ORD-901022,M_PANTS-P1,5,7979.9
2026-10-04,ORD-901023,W_SWIM-P2,9,25950.36
2026-10-04,ORD-901024,W_DRESSES-P5,3,44993.65
2026-10-04,ORD-901025,W_OUTERWEAR_COATS-P2,4,23158.2
2026-10-04,ORD-901026,M_FASHION_HOODIES_SWEATSHIRTS-P4,6,25970.19
2026-10-04,ORD-901027,W_OUTERWEAR_COATS-P1,3,8812.93
2026-10-04,ORD-901028,W_DRESSES-P5,1,16249.14
2026-10-04,ORD-901029,W_SWIM-P1,8,14237.71
2026-10-04,ORD-901030,M_SUITS_SPORT_COATS-P1,5,10589.77
2026-10-04,ORD-901031,W_JEANS-P2,3,10560.27
2026-10-04,ORD-901032,M_JEANS-P3,1,6362.45
2026-10-04,ORD-901033,M_FASHION_HOODIES_SWEATSHIRTS-P3,5,18906.06
2026-10-04,ORD-901034,W_OUTERWEAR_COATS-P2,5,27224.03
2026-10-04,ORD-901035,W_INTIMATES-P1,3,2250.89
2026-10-04,ORD-901036,W_INTIMATES-P1,1,727.92
2026-10-04,ORD-901037,M_PANTS-P3,5,20523.71
2026-10-04,ORD-901038,W_INTIMATES-P3,2,3874.23
2026-10-04,ORD-901039,M_OUTERWEAR_COATS-P2,4,22643.32
2026-10-04,ORD-901040,W_SWIM-P4,2,12360.09
2026-10-04,ORD-901041,W_INTIMATES-P2,7,10614.92
2026-10-04,ORD-901042,M_SUITS_SPORT_COATS-P1,8,14564.45
2026-10-04,ORD-901043,M_SWEATERS-P2,8,26200.0
2026-10-04,ORD-901044,M_JEANS-P3,9,51162.78
2026-10-04,ORD-901045,M_JEANS-P3,1,5790.44
2026-10-04,ORD-901046,W_DRESSES-P3,6,26953.68
2026-10-04,ORD-901047,M_SUITS_SPORT_COATS-P5,3,68560.06
2026-10-04,ORD-901048,W_INTIMATES-P1,3,2169.98
2026-10-04,ORD-901049,M_FASHION_HOODIES_SWEATSHIRTS-P1,8,16077.98
2026-10-04,ORD-901050,W_INTIMATES-P1,4,3018.05
2026-10-04,ORD-901051,M_SWIM-P2,1,2561.92
2026-10-04,ORD-901052,W_OUTERWEAR_COATS-P5,1,24368.52
2026-10-04,ORD-901053,M_SUITS_SPORT_COATS-P5,8,162360.62
2026-10-04,ORD-901054,M_SWEATERS-P3,7,33596.68
2026-10-04,ORD-901055,W_JEANS-P3,6,36499.04
2026-10-04,ORD-901056,M_FASHION_HOODIES_SWEATSHIRTS-P4,6,29704.87
2026-10-04,ORD-901057,M_JEANS-P5,5,73011.36
2026-10-04,ORD-901058,M_FASHION_HOODIES_SWEATSHIRTS-P3,1,3689.86
2026-10-04,ORD-901059,W_INTIMATES-P1,7,5010.65
2026-10-04,ORD-901060,W_INTIMATES-P5,1,5242.08
2026-10-04,ORD-901061,M_SUITS_SPORT_COATS-P2,1,5026.78
2026-10-04,ORD-901062,M_OUTERWEAR_COATS-P5,5,128706.76
2026-10-04,ORD-901063,M_SWEATERS-P4,2,13268.94
2026-10-04,ORD-901064,M_FASHION_HOODIES_SWEATSHIRTS-P5,9,70554.61
2026-10-04,ORD-901065,M_OUTERWEAR_COATS-P1,9,31124.41
2026-10-04,ORD-901066,M_SWEATERS-P2,3,9484.26
2026-10-04,ORD-901067,W_JEANS-P2,9,30458.84
2026-10-04,ORD-901068,M_FASHION_HOODIES_SWEATSHIRTS-P1,8,15157.26
2026-10-04,ORD-901069,W_DRESSES-P4,1,7040.04
2026-10-04,ORD-901070,M_SUITS_SPORT_COATS-P2,1,4885.94
2026-10-04,ORD-901071,W_JEANS-P5,7,94386.72
2026-10-04,ORD-901072,M_PANTS-P4,3,14070.5
2026-10-04,ORD-901073,W_OUTERWEAR_COATS-P1,6,18002.09
2026-10-04,ORD-901074,M_JEANS-P2,1,3833.42
2026-10-04,ORD-901075,M_PANTS-P5,5,43004.57
2026-10-04,ORD-901076,W_JEANS-P5,2,28887.33
2026-10-04,ORD-901077,W_SWIM-P4,3,17528.74
2026-10-04,ORD-901078,W_OUTERWEAR_COATS-P5,6,162813.32
2026-10-04,ORD-901079,M_JEANS-P3,9,57659.43
2026-10-04,ORD-901080,W_JEANS-P2,7,26967.21
2026-10-04,ORD-901081,M_SUITS_SPORT_COATS-P4,5,63359.73
2026-10-04,ORD-901082,W_OUTERWEAR_COATS-P3,8,66547.62
2026-10-04,ORD-901083,W_DRESSES-P1,3,3038.42
2026-10-04,ORD-901084,M_SWIM-P2,2,5173.27
2026-10-04,ORD-901085,W_JEANS-P4,1,8710.38
2026-10-04,ORD-901086,W_DRESSES-P2,5,13185.47
2026-10-04,ORD-901087,W_DRESSES-P3,7,29535.02
2026-10-04,ORD-901088,M_SWEATERS-P4,1,6438.45
2026-10-04,ORD-901089,M_SUITS_SPORT_COATS-P4,9,108663.71
2026-10-04,ORD-901090,M_OUTERWEAR_COATS-P3,9,77527.11
2026-10-04,ORD-901091,M_OUTERWEAR_COATS-P3,7,57507.19
2026-10-04,ORD-901092,M_SUITS_SPORT_COATS-P2,1,4630.69
2026-10-04,ORD-901093,W_INTIMATES-P4,1,2980.06
2026-10-04,ORD-901094,W_INTIMATES-P1,5,3785.75
2026-10-04,ORD-901095,M_SWIM-P3,1,3372.48
2026-10-04,ORD-901096,W_INTIMATES-P5,4,23446.84
2026-10-04,ORD-901097,M_OUTERWEAR_COATS-P2,8,48970.8
2026-10-04,ORD-901098,W_SWIM-P4,7,38485.17
2026-10-04,ORD-901099,OTHER-ASSORTED,7,22519.16
2026-10-04,ORD-901100,W_JEANS-P1,8,18813.48
2026-10-04,ORD-901101,W_DRESSES-P4,3,23812.35
2026-10-04,ORD-901102,W_INTIMATES-P1,4,2853.37
2026-10-04,ORD-901103,W_DRESSES-P3,3,13762.8
2026-10-04,ORD-901104,M_SWEATERS-P2,7,23895.83
2026-10-04,ORD-901105,M_SWIM-P5,4,24891.4
2026-10-04,ORD-901106,W_INTIMATES-P3,6,13517.77
2026-10-04,ORD-901107,M_FASHION_HOODIES_SWEATSHIRTS-P4,6,26273.01
2026-10-04,ORD-901108,M_FASHION_HOODIES_SWEATSHIRTS-P3,3,11492.1
2026-10-04,ORD-901109,W_OUTERWEAR_COATS-P2,5,28601.0
2026-10-04,ORD-901110,OTHER-ASSORTED,8,28507.93
2026-10-04,ORD-901111,M_SUITS_SPORT_COATS-P4,2,21652.97
2026-10-04,ORD-901112,W_INTIMATES-P1,1,758.03
2026-10-04,ORD-901113,M_JEANS-P2,1,4049.13
2026-10-04,ORD-901114,W_OUTERWEAR_COATS-P4,2,21163.26
2026-10-04,ORD-901115,M_SUITS_SPORT_COATS-P3,3,20441.71
2026-10-04,ORD-901116,W_INTIMATES-P4,6,18735.01
2026-10-04,ORD-901117,M_SUITS_SPORT_COATS-P4,6,74679.5
2026-10-04,ORD-901118,OTHER-ASSORTED,4,14269.53
2026-10-04,ORD-901119,W_INTIMATES-P3,9,20298.41
2026-10-04,ORD-901120,M_PANTS-P4,8,41615.01
2026-10-04,ORD-901121,W_DRESSES-P5,7,108763.07
2026-10-04,ORD-901122,M_FASHION_HOODIES_SWEATSHIRTS-P1,8,15600.91
2026-10-04,ORD-901123,M_PANTS-P2,8,23121.9
2026-10-04,ORD-901124,M_SWIM-P3,3,10931.61
2026-10-04,ORD-901125,M_FASHION_HOODIES_SWEATSHIRTS-P4,9,39644.51
2026-10-04,ORD-901126,W_DRESSES-P3,6,27510.8
2026-10-04,ORD-901127,W_JEANS-P5,5,64890.67
2026-10-04,ORD-901128,W_DRESSES-P3,9,39507.8
2026-10-04,ORD-901129,M_PANTS-P3,7,28928.14
2026-10-04,ORD-901130,W_INTIMATES-P3,8,17915.73
2026-10-04,ORD-901131,W_INTIMATES-P3,8,17706.64
2026-10-04,ORD-901132,M_JEANS-P1,2,4800.89
2026-10-04,ORD-901133,M_SWEATERS-P1,9,16219.68
2026-10-04,ORD-901134,W_INTIMATES-P3,3,6208.57
2026-10-04,ORD-901135,W_DRESSES-P1,7,6889.67
2026-10-04,ORD-901136,M_OUTERWEAR_COATS-P5,3,80842.16
2026-10-04,ORD-901137,M_PANTS-P4,5,24315.25
2026-10-04,ORD-901138,W_SWIM-P1,4,7216.17
2026-10-04,ORD-901139,M_FASHION_HOODIES_SWEATSHIRTS-P1,3,5856.75
2026-10-04,ORD-901140,M_JEANS-P4,3,27331.69
2026-10-04,ORD-901141,W_SWIM-P1,2,3513.69
2026-10-04,ORD-901142,M_JEANS-P5,4,60178.88
2026-10-04,ORD-901143,M_OUTERWEAR_COATS-P2,1,5564.35
2026-10-04,ORD-901144,M_FASHION_HOODIES_SWEATSHIRTS-P4,6,29137.41
2026-10-04,ORD-901145,M_SWEATERS-P3,2,8615.32
2026-10-04,ORD-901146,M_FASHION_HOODIES_SWEATSHIRTS-P3,6,23025.57
2026-10-04,ORD-901147,W_SWIM-P2,4,12121.45
2026-10-04,ORD-901148,W_SWIM-P3,3,12163.48
2026-10-04,ORD-901149,M_PANTS-P5,5,48067.85
2026-10-04,ORD-901150,M_OUTERWEAR_COATS-P4,2,22794.06
2026-10-04,ORD-901151,M_OUTERWEAR_COATS-P1,8,26898.8
2026-10-04,ORD-901152,M_SUITS_SPORT_COATS-P1,1,2058.99
2026-10-04,ORD-901153,W_SWIM-P2,1,3024.59
2026-10-04,ORD-901154,M_PANTS-P1,3,5209.18
2026-10-04,ORD-901155,M_SWIM-P3,9,34739.98
2026-10-04,ORD-901156,M_PANTS-P1,3,4967.93
2026-10-04,ORD-901157,M_SUITS_SPORT_COATS-P1,3,6048.27
2026-10-04,ORD-901158,M_PANTS-P2,4,11056.44
2026-10-04,ORD-901159,M_SWEATERS-P2,4,12830.41
2026-10-04,ORD-901160,M_JEANS-P3,9,49751.57
2026-10-04,ORD-901161,M_OUTERWEAR_COATS-P1,4,13909.89
2026-10-04,ORD-901162,M_SWIM-P2,8,21554.08
2026-10-04,ORD-901163,M_SUITS_SPORT_COATS-P4,2,22118.07
2026-10-04,ORD-901164,W_DRESSES-P3,4,16689.82
2026-10-04,ORD-901165,W_INTIMATES-P4,9,26691.46
2026-10-04,ORD-901166,W_DRESSES-P4,7,51137.89
2026-10-04,ORD-901167,W_INTIMATES-P1,6,4881.2
2026-10-04,ORD-901168,W_JEANS-P5,6,78564.5
2026-10-04,ORD-901169,M_PANTS-P2,6,16953.03
2026-10-04,ORD-901170,OTHER-ASSORTED,5,17658.43
2026-10-04,ORD-901171,W_INTIMATES-P3,3,6628.26
2026-10-04,ORD-901172,M_SUITS_SPORT_COATS-P5,1,20387.23
2026-10-04,ORD-901173,M_SUITS_SPORT_COATS-P1,2,4281.27
2026-10-04,ORD-901174,M_OUTERWEAR_COATS-P2,5,29323.82
2026-10-04,ORD-901175,W_DRESSES-P5,2,32286.5
2026-10-04,ORD-901176,W_DRESSES-P5,9,149819.09
2026-10-04,ORD-901177,M_JEANS-P1,9,22420.13
2026-10-04,ORD-901178,W_JEANS-P3,8,44761.34
2026-10-04,ORD-901179,W_SWIM-P1,2,3389.27
2026-10-04,ORD-901180,M_SWIM-P1,4,7490.71
2026-10-04,ORD-901181,W_SWIM-P4,7,42094.61
2026-10-04,ORD-901182,M_PANTS-P5,8,66225.9
2026-10-04,ORD-901183,W_DRESSES-P5,6,93666.32
2026-10-04,ORD-901184,M_FASHION_HOODIES_SWEATSHIRTS-P1,2,3862.75
2026-10-04,ORD-901185,M_JEANS-P1,9,21481.64
2026-10-04,ORD-901186,M_SWEATERS-P5,8,100322.65
2026-10-04,ORD-901187,M_SUITS_SPORT_COATS-P1,6,10978.73
2026-10-04,ORD-901188,M_SWEATERS-P2,8,25184.98
2026-10-04,ORD-901189,M_JEANS-P4,6,59406.09
2026-10-04,ORD-901190,W_JEANS-P3,2,10993.92
2026-10-04,ORD-901191,W_OUTERWEAR_COATS-P1,2,5298.11
2026-10-04,ORD-901192,W_INTIMATES-P1,2,1523.18
2026-10-04,ORD-901193,M_OUTERWEAR_COATS-P2,7,41224.51
2026-10-04,ORD-901194,M_PANTS-P5,6,54619.0
2026-10-04,ORD-901195,W_SWIM-P2,5,15459.91
2026-10-04,ORD-901196,W_JEANS-P3,8,48062.86
2026-10-04,ORD-901197,M_SWIM-P1,3,5597.63
2026-10-04,ORD-901198,W_INTIMATES-P2,2,2664.68
2026-10-04,ORD-901199,M_SWIM-P4,7,31704.9
2026-10-04,ORD-901200,W_JEANS-P2,8,27054.96
2026-10-04,ORD-901201,M_JEANS-P5,1,16416.26
2026-10-04,ORD-901202,W_JEANS-P4,5,41186.73
2026-10-04,ORD-901203,M_JEANS-P4,8,73312.42
2026-10-04,ORD-901204,W_DRESSES-P1,5,5390.18
2026-10-04,ORD-901205,W_DRESSES-P4,6,41569.91
2026-10-04,ORD-901206,M_SUITS_SPORT_COATS-P2,7,31752.8
2026-10-04,ORD-901207,OTHER-ASSORTED,7,21933.98
2026-10-04,ORD-901208,W_SWIM-P1,4,6448.38
2026-10-04,ORD-901209,M_PANTS-P3,3,11341.19
2026-10-04,ORD-901210,M_SWIM-P4,4,17025.73
2026-10-04,ORD-901211,M_FASHION_HOODIES_SWEATSHIRTS-P3,5,17860.84
2026-10-04,ORD-901212,M_SWEATERS-P5,2,24870.45
2026-10-04,ORD-901213,W_DRESSES-P3,4,17997.4
2026-10-04,ORD-901214,M_SWIM-P5,8,45089.3
2026-10-04,ORD-901215,M_OUTERWEAR_COATS-P4,7,82590.47
2026-10-04,ORD-901216,M_SWIM-P1,8,13493.64
2026-10-04,ORD-901217,W_JEANS-P3,8,50354.65
2026-10-04,ORD-901218,M_OUTERWEAR_COATS-P4,2,22586.13
2026-10-04,ORD-901219,M_SWEATERS-P3,4,19708.8
2026-10-04,ORD-901220,M_JEANS-P1,1,2586.55
2026-10-04,ORD-901221,M_JEANS-P4,6,54222.24
2026-10-04,ORD-901222,M_PANTS-P4,9,46829.79
2026-10-04,ORD-901223,M_SWEATERS-P3,8,33955.29
2026-10-04,ORD-901224,W_JEANS-P4,6,55446.11
2026-10-04,ORD-901225,M_SWIM-P3,6,23550.43
2026-10-04,ORD-901226,W_INTIMATES-P4,3,8246.0
2026-10-04,ORD-901227,M_SWIM-P4,7,30475.37
2026-10-04,ORD-901228,W_SWIM-P4,1,5768.08
2026-10-04,ORD-901229,W_SWIM-P2,7,20673.85
2026-10-04,ORD-901230,M_OUTERWEAR_COATS-P5,6,150352.22
2026-10-04,ORD-901231,M_SUITS_SPORT_COATS-P1,4,7763.31
2026-10-04,ORD-901232,M_PANTS-P5,3,24964.37
2026-10-04,ORD-901233,W_INTIMATES-P3,7,14222.9
2026-10-04,ORD-901234,M_OUTERWEAR_COATS-P2,2,11244.69
2026-10-04,ORD-901235,M_SWEATERS-P4,4,25411.19
2026-10-04,ORD-901236,W_OUTERWEAR_COATS-P2,2,10540.3
2026-10-04,ORD-901237,M_SUITS_SPORT_COATS-P5,6,127005.04
2026-10-04,ORD-901238,M_JEANS-P1,5,11997.16
2026-10-04,ORD-901239,M_SWIM-P2,6,15401.95
2026-10-04,ORD-901240,M_JEANS-P2,5,21408.55
2026-10-04,ORD-901241,M_FASHION_HOODIES_SWEATSHIRTS-P5,5,42208.32
2026-10-04,ORD-901242,M_SWIM-P4,2,8141.92
2026-10-04,ORD-901243,M_SUITS_SPORT_COATS-P2,4,21226.34
2026-10-04,ORD-901244,M_OUTERWEAR_COATS-P5,2,54026.74
2026-10-04,ORD-901245,W_SWIM-P2,8,21342.84
2026-10-04,ORD-901246,W_DRESSES-P2,6,15809.53
2026-10-04,ORD-901247,W_SWIM-P2,7,21336.9
2026-10-04,ORD-901248,M_SWIM-P3,1,3363.57
2026-10-04,ORD-901249,M_PANTS-P4,5,26143.5
2026-10-04,ORD-901250,M_SWEATERS-P1,2,3939.5
2026-10-04,ORD-901251,W_OUTERWEAR_COATS-P2,7,36053.94
2026-10-04,ORD-901252,M_PANTS-P1,7,11937.26
2026-10-04,ORD-901253,M_SUITS_SPORT_COATS-P2,8,37790.95
2026-10-04,ORD-901254,M_FASHION_HOODIES_SWEATSHIRTS-P5,1,8033.09
2026-10-04,ORD-901255,M_PANTS-P3,9,33322.82
2026-10-04,ORD-901256,W_SWIM-P4,9,49677.12
2026-10-04,ORD-901257,M_FASHION_HOODIES_SWEATSHIRTS-P2,8,25773.9
2026-10-04,ORD-901258,M_SUITS_SPORT_COATS-P2,8,41566.82
2026-10-04,ORD-901259,M_JEANS-P1,5,13256.67
2026-10-04,ORD-901260,M_FASHION_HOODIES_SWEATSHIRTS-P1,5,10213.06
2026-10-04,ORD-901261,M_OUTERWEAR_COATS-P1,2,6304.27
2026-10-04,ORD-901262,W_OUTERWEAR_COATS-P1,8,22765.2
2026-10-04,ORD-901263,W_JEANS-P1,1,2281.91
2026-10-04,ORD-901264,M_SWEATERS-P4,9,60607.08
2026-10-04,ORD-901265,M_FASHION_HOODIES_SWEATSHIRTS-P2,7,20448.13
2026-10-04,ORD-901266,W_JEANS-P5,9,129026.24
2026-10-04,ORD-901267,M_JEANS-P2,6,23491.68
2026-10-04,ORD-901268,M_PANTS-P3,9,33892.61
2026-10-04,ORD-901269,W_OUTERWEAR_COATS-P3,3,25029.04
2026-10-04,ORD-901270,M_SWEATERS-P5,9,118420.16
2026-10-04,ORD-901271,W_OUTERWEAR_COATS-P3,9,73154.35
2026-10-04,ORD-901272,W_OUTERWEAR_COATS-P4,1,11846.83
2026-10-04,ORD-901273,W_OUTERWEAR_COATS-P2,9,50766.88
2026-10-04,ORD-901274,W_SWIM-P3,1,4142.5
2026-10-04,ORD-901275,M_JEANS-P4,7,62308.36
2026-10-04,ORD-901276,W_DRESSES-P2,3,8871.72
2026-10-04,ORD-901277,M_PANTS-P3,3,12274.06
2026-10-04,ORD-901278,W_JEANS-P3,8,43869.69
2026-10-04,ORD-901279,W_DRESSES-P5,5,82284.98
2026-10-04,ORD-901280,M_SWEATERS-P3,1,4476.92
2026-10-04,ORD-901281,W_SWIM-P2,7,21382.28
2026-10-04,ORD-901282,W_JEANS-P4,5,47435.88
2026-10-04,ORD-901283,M_SWEATERS-P2,8,26820.08
2026-10-04,ORD-901284,M_FASHION_HOODIES_SWEATSHIRTS-P4,9,39258.4
2026-10-04,ORD-901285,M_SWEATERS-P4,8,51382.87
2026-10-04,ORD-901286,M_OUTERWEAR_COATS-P1,2,6682.41
2026-10-04,ORD-901287,M_SUITS_SPORT_COATS-P5,8,159471.1
2026-10-04,ORD-901288,M_SWEATERS-P4,3,19351.9
2026-10-04,ORD-901289,W_INTIMATES-P3,9,17572.39
2026-10-04,ORD-901290,M_SUITS_SPORT_COATS-P2,7,34128.92
2026-10-04,ORD-901291,M_SWIM-P1,9,15871.66
2026-10-04,ORD-901292,W_DRESSES-P3,5,23888.25
2026-10-04,ORD-901293,W_SWIM-P4,9,49137.36
2026-10-04,ORD-901294,M_PANTS-P1,4,6522.47
2026-10-04,ORD-901295,W_INTIMATES-P1,8,6197.2
2026-10-04,ORD-901296,M_SUITS_SPORT_COATS-P3,5,35412.49
2026-10-04,ORD-901297,M_FASHION_HOODIES_SWEATSHIRTS-P2,3,8746.71
2026-10-04,ORD-901298,M_OUTERWEAR_COATS-P4,1,11860.09
2026-10-04,ORD-901299,M_JEANS-P2,4,14944.49
2026-10-04,ORD-901300,M_JEANS-P1,5,13094.55
2026-10-04,ORD-901301,M_SWEATERS-P4,5,36175.5
2026-10-04,ORD-901302,W_INTIMATES-P5,8,41856.3
2026-10-04,ORD-901303,M_SUITS_SPORT_COATS-P3,9,68714.86
2026-10-04,ORD-901304,M_SWIM-P4,6,26898.42
2026-10-04,ORD-901305,M_JEANS-P4,3,27923.6
2026-10-04,ORD-901306,W_SWIM-P5,4,38281.64
2026-10-04,ORD-901307,W_JEANS-P2,2,7807.27
2026-10-04,ORD-901308,W_SWIM-P4,7,42380.11
2026-10-04,ORD-901309,W_OUTERWEAR_COATS-P2,6,33667.76
2026-10-04,ORD-901310,M_FASHION_HOODIES_SWEATSHIRTS-P5,1,7666.05
2026-10-04,ORD-901311,M_FASHION_HOODIES_SWEATSHIRTS-P4,9,43886.94
2026-10-05,ORD-901312,M_FASHION_HOODIES_SWEATSHIRTS-P4,8,39790.94
2026-10-05,ORD-901313,M_OUTERWEAR_COATS-P3,6,50412.7
2026-10-05,ORD-901314,M_SUITS_SPORT_COATS-P4,1,11967.41
2026-10-05,ORD-901315,M_FASHION_HOODIES_SWEATSHIRTS-P5,7,60285.03
2026-10-05,ORD-901316,W_OUTERWEAR_COATS-P1,7,19483.22
2026-10-05,ORD-901317,M_OUTERWEAR_COATS-P4,3,34376.81
2026-10-05,ORD-901318,W_INTIMATES-P3,9,19482.19
2026-10-05,ORD-901319,M_OUTERWEAR_COATS-P1,1,3566.25
2026-10-05,ORD-901320,W_SWIM-P3,4,17214.98
2026-10-05,ORD-901321,M_JEANS-P4,4,41855.71
2026-10-05,ORD-901322,W_OUTERWEAR_COATS-P2,3,17140.81
2026-10-05,ORD-901323,M_FASHION_HOODIES_SWEATSHIRTS-P2,3,9755.53
2026-10-05,ORD-901324,W_DRESSES-P4,3,21720.52
2026-10-05,ORD-901325,M_SUITS_SPORT_COATS-P2,2,9649.11
2026-10-05,ORD-901326,M_FASHION_HOODIES_SWEATSHIRTS-P4,9,45164.89
2026-10-05,ORD-901327,W_INTIMATES-P2,8,11508.06
2026-10-05,ORD-901328,W_OUTERWEAR_COATS-P1,2,6033.66
2026-10-05,ORD-901329,W_OUTERWEAR_COATS-P2,8,44093.68
2026-10-05,ORD-901330,M_FASHION_HOODIES_SWEATSHIRTS-P1,3,6230.93
2026-10-05,ORD-901331,W_DRESSES-P4,6,43508.75
2026-10-05,ORD-901332,M_FASHION_HOODIES_SWEATSHIRTS-P1,6,11992.59
2026-10-05,ORD-901333,M_SWIM-P2,4,11679.25
2026-10-05,ORD-901334,W_JEANS-P4,4,35006.64
2026-10-05,ORD-901335,W_SWIM-P2,7,20808.35
2026-10-05,ORD-901336,OTHER-ASSORTED,6,21588.28
2026-10-05,ORD-901337,M_FASHION_HOODIES_SWEATSHIRTS-P4,7,31852.34
2026-10-05,ORD-901338,M_FASHION_HOODIES_SWEATSHIRTS-P5,2,16813.11
2026-10-05,ORD-901339,W_JEANS-P2,7,26448.3
2026-10-05,ORD-901340,M_JEANS-P1,9,23079.83
2026-10-05,ORD-901341,W_OUTERWEAR_COATS-P1,1,2725.68
2026-10-05,ORD-901342,W_INTIMATES-P3,4,8463.59
2026-10-05,ORD-901343,M_PANTS-P5,4,34885.58
2026-10-05,ORD-901344,M_SWIM-P4,5,21240.92
2026-10-05,ORD-901345,W_INTIMATES-P4,5,14195.38
2026-10-05,ORD-901346,W_OUTERWEAR_COATS-P4,9,102870.93
2026-10-05,ORD-901347,W_INTIMATES-P4,9,25634.69
2026-10-05,ORD-901348,M_SWEATERS-P2,6,20641.96
2026-10-05,ORD-901349,W_SWIM-P5,3,32236.88
2026-10-05,ORD-901350,W_JEANS-P2,7,23515.03
2026-10-05,ORD-901351,M_JEANS-P4,4,40422.01
2026-10-05,ORD-901352,W_OUTERWEAR_COATS-P3,9,76325.98
2026-10-05,ORD-901353,M_OUTERWEAR_COATS-P1,2,6731.61
2026-10-05,ORD-901354,W_DRESSES-P3,8,33414.33
2026-10-05,ORD-901355,M_SUITS_SPORT_COATS-P1,9,19250.88
2026-10-05,ORD-901356,M_FASHION_HOODIES_SWEATSHIRTS-P4,8,36833.66
2026-10-05,ORD-901357,M_FASHION_HOODIES_SWEATSHIRTS-P5,1,7966.83
2026-10-05,ORD-901358,M_OUTERWEAR_COATS-P4,3,33513.33
2026-10-05,ORD-901359,W_DRESSES-P3,7,30205.15
2026-10-05,ORD-901360,W_INTIMATES-P2,9,13766.55
2026-10-05,ORD-901361,W_SWIM-P1,5,9272.94
2026-10-05,ORD-901362,M_SUITS_SPORT_COATS-P3,2,14870.84
2026-10-05,ORD-901363,W_OUTERWEAR_COATS-P1,2,5585.44
2026-10-05,ORD-901364,M_SWIM-P3,3,10407.31
2026-10-05,ORD-901365,W_JEANS-P1,9,21328.5
2026-10-05,ORD-901366,W_OUTERWEAR_COATS-P2,3,15422.2
2026-10-05,ORD-901367,W_SWIM-P1,8,14732.24
2026-10-05,ORD-901368,M_SWIM-P2,1,2733.14
2026-10-05,ORD-901369,M_PANTS-P3,1,3932.49
2026-10-05,ORD-901370,M_FASHION_HOODIES_SWEATSHIRTS-P1,8,16130.22
2026-10-05,ORD-901371,M_JEANS-P3,6,36896.94
2026-10-05,ORD-901372,W_INTIMATES-P4,7,19840.38
2026-10-05,ORD-901373,W_JEANS-P4,3,26039.1
2026-10-05,ORD-901374,M_SWIM-P4,5,22854.79
2026-10-05,ORD-901375,W_INTIMATES-P4,5,14221.21
2026-10-05,ORD-901376,W_JEANS-P4,7,60275.25
2026-10-05,ORD-901377,M_OUTERWEAR_COATS-P3,1,7592.72
2026-10-05,ORD-901378,M_JEANS-P1,8,19259.44
2026-10-05,ORD-901379,M_OUTERWEAR_COATS-P1,1,3410.88
2026-10-05,ORD-901380,M_SUITS_SPORT_COATS-P2,7,37295.27
2026-10-05,ORD-901381,M_PANTS-P4,5,23754.36
2026-10-05,ORD-901382,M_OUTERWEAR_COATS-P5,1,25592.01
2026-10-05,ORD-901383,M_FASHION_HOODIES_SWEATSHIRTS-P2,3,9380.87
2026-10-05,ORD-901384,M_SWEATERS-P2,7,22091.57
2026-10-05,ORD-901385,W_SWIM-P5,6,58772.37
2026-10-05,ORD-901386,M_OUTERWEAR_COATS-P3,9,72387.9
2026-10-05,ORD-901387,M_SWEATERS-P5,1,12037.7
2026-10-05,ORD-901388,W_DRESSES-P4,9,61758.85
2026-10-05,ORD-901389,W_INTIMATES-P4,3,8361.03
2026-10-05,ORD-901390,W_INTIMATES-P3,4,7998.72
2026-10-05,ORD-901391,M_JEANS-P5,9,150211.02
2026-10-05,ORD-901392,W_SWIM-P3,2,8727.71
2026-10-05,ORD-901393,M_SWIM-P5,8,45487.87
2026-10-05,ORD-901394,M_SUITS_SPORT_COATS-P4,4,43381.38
2026-10-05,ORD-901395,M_PANTS-P4,1,4558.51
2026-10-05,ORD-901396,W_SWIM-P3,6,25955.95
2026-10-05,ORD-901397,W_OUTERWEAR_COATS-P5,6,144024.63
2026-10-05,ORD-901398,W_SWIM-P5,7,67764.99
2026-10-05,ORD-901399,W_OUTERWEAR_COATS-P4,4,41846.57
2026-10-05,ORD-901400,M_SWIM-P5,5,28454.62
2026-10-05,ORD-901401,M_SWEATERS-P4,2,14102.75
2026-10-05,ORD-901402,M_PANTS-P2,8,23963.93
2026-10-05,ORD-901403,M_PANTS-P1,7,12115.51
2026-10-05,ORD-901404,M_PANTS-P2,1,2863.09
2026-10-05,ORD-901405,M_SUITS_SPORT_COATS-P5,9,183159.29
2026-10-05,ORD-901406,M_SWEATERS-P4,3,20771.59
2026-10-05,ORD-901407,M_OUTERWEAR_COATS-P5,4,101961.24
2026-10-05,ORD-901408,W_OUTERWEAR_COATS-P4,5,53502.36
2026-10-05,ORD-901409,M_JEANS-P1,9,24141.57
2026-10-05,ORD-901410,M_SWEATERS-P2,1,3242.91
2026-10-05,ORD-901411,M_FASHION_HOODIES_SWEATSHIRTS-P4,8,39958.2
2026-10-05,ORD-901412,M_SUITS_SPORT_COATS-P5,4,80391.02
2026-10-05,ORD-901413,W_JEANS-P1,8,20077.36
2026-10-05,ORD-901414,M_OUTERWEAR_COATS-P4,1,11054.38
2026-10-05,ORD-901415,M_SWIM-P1,2,3473.97
2026-10-05,ORD-901416,W_OUTERWEAR_COATS-P4,8,88504.52
2026-10-05,ORD-901417,W_INTIMATES-P1,1,714.77
2026-10-05,ORD-901418,M_JEANS-P4,1,9854.99
2026-10-05,ORD-901419,W_INTIMATES-P1,3,2315.91
2026-10-05,ORD-901420,M_SWEATERS-P4,3,19778.08
2026-10-05,ORD-901421,M_SWIM-P4,1,4404.11
2026-10-05,ORD-901422,M_OUTERWEAR_COATS-P1,8,28086.04
2026-10-05,ORD-901423,M_OUTERWEAR_COATS-P2,8,48757.07
2026-10-05,ORD-901424,W_OUTERWEAR_COATS-P1,4,10860.64
2026-10-05,ORD-901425,M_OUTERWEAR_COATS-P3,1,8063.17
2026-10-05,ORD-901426,M_SWEATERS-P5,8,97685.64
2026-10-05,ORD-901427,M_JEANS-P4,5,46672.08
2026-10-05,ORD-901428,W_JEANS-P4,5,45932.77
2026-10-05,ORD-901429,W_SWIM-P1,5,8400.07
2026-10-05,ORD-901430,OTHER-ASSORTED,2,7275.36
2026-10-05,ORD-901431,W_SWIM-P1,9,15951.33
2026-10-05,ORD-901432,OTHER-ASSORTED,9,28060.67
2026-10-05,ORD-901433,M_SWEATERS-P5,2,25730.76
2026-10-05,ORD-901434,M_SWIM-P1,4,7417.66
2026-10-05,ORD-901435,W_OUTERWEAR_COATS-P4,7,77982.76
2026-10-05,ORD-901436,M_SWEATERS-P4,1,7207.63
2026-10-05,ORD-901437,M_JEANS-P3,7,43757.78
2026-10-05,ORD-901438,W_INTIMATES-P3,8,17331.07
2026-10-05,ORD-901439,M_JEANS-P4,2,19433.04
2026-10-05,ORD-901440,W_INTIMATES-P1,7,4978.04
2026-10-05,ORD-901441,M_JEANS-P2,2,8129.99
2026-10-05,ORD-901442,W_OUTERWEAR_COATS-P5,8,209698.19
2026-10-05,ORD-901443,M_OUTERWEAR_COATS-P1,5,17636.0
2026-10-05,ORD-901444,W_DRESSES-P4,9,61733.7
2026-10-05,ORD-901445,M_OUTERWEAR_COATS-P3,6,48267.23
2026-10-05,ORD-901446,W_OUTERWEAR_COATS-P4,3,34175.72
2026-10-05,ORD-901447,M_PANTS-P2,3,7877.72
2026-10-05,ORD-901448,OTHER-ASSORTED,6,19869.19
2026-10-05,ORD-901449,W_SWIM-P4,9,48949.38
2026-10-05,ORD-901450,M_OUTERWEAR_COATS-P4,4,42464.06
2026-10-05,ORD-901451,M_FASHION_HOODIES_SWEATSHIRTS-P2,2,6583.08
2026-10-05,ORD-901452,W_OUTERWEAR_COATS-P5,7,171303.54
2026-10-05,ORD-901453,M_FASHION_HOODIES_SWEATSHIRTS-P1,6,11897.27
2026-10-05,ORD-901454,M_PANTS-P1,3,5019.61
2026-10-05,ORD-901455,W_SWIM-P3,9,35319.98
2026-10-05,ORD-901456,W_DRESSES-P3,9,38632.02
2026-10-05,ORD-901457,W_JEANS-P3,4,22507.53
2026-10-05,ORD-901458,W_OUTERWEAR_COATS-P5,4,110742.24
2026-10-05,ORD-901459,M_SUITS_SPORT_COATS-P3,3,23607.21
2026-10-05,ORD-901460,W_DRESSES-P2,1,2659.75
2026-10-05,ORD-901461,W_INTIMATES-P1,1,736.92
2026-10-05,ORD-901462,M_JEANS-P3,1,6011.53
2026-10-05,ORD-901463,M_PANTS-P1,4,6089.92
2026-10-05,ORD-901464,M_OUTERWEAR_COATS-P3,3,26033.03
2026-10-05,ORD-901465,M_SWEATERS-P5,5,58467.82
2026-10-05,ORD-901466,W_SWIM-P1,1,1833.2
2026-10-05,ORD-901467,W_OUTERWEAR_COATS-P3,3,24742.58
2026-10-05,ORD-901468,W_SWIM-P4,4,23350.25
2026-10-05,ORD-901469,W_DRESSES-P2,6,15520.35
2026-10-05,ORD-901470,W_DRESSES-P3,5,21303.96
2026-10-05,ORD-901471,W_INTIMATES-P1,7,5652.66
2026-10-05,ORD-901472,W_JEANS-P1,4,9605.02
2026-10-05,ORD-901473,M_PANTS-P1,6,9218.45
2026-10-05,ORD-901474,M_JEANS-P4,9,84323.9
2026-10-05,ORD-901475,W_SWIM-P1,9,14419.48
2026-10-05,ORD-901476,M_OUTERWEAR_COATS-P1,9,31099.0
2026-10-05,ORD-901477,W_DRESSES-P3,4,17179.78
2026-10-05,ORD-901478,W_DRESSES-P1,8,8176.88
2026-10-05,ORD-901479,M_JEANS-P2,5,18355.37
2026-10-05,ORD-901480,M_SWEATERS-P1,9,18697.71
2026-10-05,ORD-901481,M_SWIM-P1,3,5757.96
2026-10-05,ORD-901482,W_DRESSES-P4,2,15325.33
2026-10-05,ORD-901483,W_INTIMATES-P3,5,11016.46
2026-10-05,ORD-901484,M_FASHION_HOODIES_SWEATSHIRTS-P1,4,8042.94
2026-10-05,ORD-901485,M_OUTERWEAR_COATS-P2,9,53870.08
2026-10-05,ORD-901486,W_DRESSES-P2,8,22073.09
2026-10-05,ORD-901487,M_JEANS-P5,5,77478.26
2026-10-05,ORD-901488,M_SWIM-P4,9,36925.87
2026-10-05,ORD-901489,W_JEANS-P1,2,4740.19
2026-10-05,ORD-901490,M_PANTS-P5,5,45296.73
2026-10-05,ORD-901491,W_JEANS-P4,4,33980.04
2026-10-05,ORD-901492,M_SUITS_SPORT_COATS-P4,7,81759.87
2026-10-05,ORD-901493,W_SWIM-P2,9,24486.27
2026-10-05,ORD-901494,M_JEANS-P5,9,139198.66
2026-10-05,ORD-901495,M_SUITS_SPORT_COATS-P2,3,14562.71
2026-10-05,ORD-901496,M_JEANS-P1,2,4775.64
2026-10-05,ORD-901497,W_DRESSES-P2,4,11615.82
2026-10-05,ORD-901498,M_SWEATERS-P3,8,37519.44
2026-10-05,ORD-901499,W_DRESSES-P5,9,137321.1
2026-10-05,ORD-901500,W_OUTERWEAR_COATS-P4,9,97070.12
2026-10-05,ORD-901501,W_OUTERWEAR_COATS-P5,9,241795.66
2026-10-05,ORD-901502,M_SWEATERS-P3,8,39781.29
2026-10-05,ORD-901503,M_SWIM-P1,3,5251.52
2026-10-05,ORD-901504,W_DRESSES-P4,6,43021.82
2026-10-05,ORD-901505,M_FASHION_HOODIES_SWEATSHIRTS-P2,3,8882.75
2026-10-05,ORD-901506,W_INTIMATES-P5,3,15814.24
2026-10-05,ORD-901507,M_SWIM-P4,4,18668.56
2026-10-05,ORD-901508,M_JEANS-P1,8,19062.89
2026-10-05,ORD-901509,M_OUTERWEAR_COATS-P3,8,60494.01
2026-10-05,ORD-901510,W_JEANS-P5,8,120653.25
2026-10-05,ORD-901511,W_OUTERWEAR_COATS-P4,6,65849.14
2026-10-05,ORD-901512,M_PANTS-P4,2,10135.35
2026-10-05,ORD-901513,M_SWIM-P1,9,14710.87
2026-10-05,ORD-901514,W_DRESSES-P1,7,7168.57
2026-10-05,ORD-901515,W_DRESSES-P3,5,21654.8
2026-10-05,ORD-901516,M_SWIM-P3,1,3893.21
2026-10-05,ORD-901517,M_PANTS-P1,8,12791.07
2026-10-05,ORD-901518,M_SWIM-P2,3,8191.66
2026-10-05,ORD-901519,M_OUTERWEAR_COATS-P4,8,88257.89
2026-10-05,ORD-901520,M_SUITS_SPORT_COATS-P3,5,36355.16
2026-10-05,ORD-901521,W_DRESSES-P5,8,127795.91
2026-10-05,ORD-901522,W_SWIM-P4,3,16404.45
2026-10-05,ORD-901523,W_INTIMATES-P3,9,19455.36
2026-10-05,ORD-901524,M_SUITS_SPORT_COATS-P4,5,57827.36
2026-10-05,ORD-901525,M_SWEATERS-P3,8,38012.7
2026-10-05,ORD-901526,M_PANTS-P2,5,13930.07
2026-10-05,ORD-901527,M_SWEATERS-P4,7,46158.3
2026-10-05,ORD-901528,W_DRESSES-P1,3,3178.1
2026-10-05,ORD-901529,OTHER-ASSORTED,7,23778.37
2026-10-05,ORD-901530,W_SWIM-P5,3,31607.42
2026-10-05,ORD-901531,M_JEANS-P1,6,16862.35
2026-10-05,ORD-901532,M_FASHION_HOODIES_SWEATSHIRTS-P1,9,16299.78
2026-10-05,ORD-901533,W_OUTERWEAR_COATS-P2,5,29928.93
2026-10-05,ORD-901534,W_JEANS-P5,3,44927.39
2026-10-05,ORD-901535,M_JEANS-P2,8,29361.63
2026-10-05,ORD-901536,M_OUTERWEAR_COATS-P1,6,18167.08
2026-10-05,ORD-901537,M_FASHION_HOODIES_SWEATSHIRTS-P4,7,31845.85
2026-10-05,ORD-901538,M_SWIM-P2,4,11195.13
2026-10-05,ORD-901539,W_SWIM-P3,1,4193.03
2026-10-05,ORD-901540,M_PANTS-P1,8,12852.47
2026-10-05,ORD-901541,M_SWIM-P1,2,3514.69
2026-10-05,ORD-901542,M_SWEATERS-P3,8,35172.52
2026-10-05,ORD-901543,M_OUTERWEAR_COATS-P1,8,27494.5
2026-10-05,ORD-901544,M_SWIM-P2,5,13165.71
2026-10-05,ORD-901545,M_FASHION_HOODIES_SWEATSHIRTS-P4,2,9568.51
2026-10-05,ORD-901546,M_FASHION_HOODIES_SWEATSHIRTS-P4,3,13685.3
2026-10-05,ORD-901547,M_SWEATERS-P1,2,3700.5
2026-10-05,ORD-901548,W_INTIMATES-P4,5,15202.47
2026-10-05,ORD-901549,M_FASHION_HOODIES_SWEATSHIRTS-P3,6,22137.99
2026-10-05,ORD-901550,M_SWIM-P1,8,13536.77
2026-10-05,ORD-901551,W_DRESSES-P5,3,44907.13
2026-10-05,ORD-901552,W_JEANS-P2,2,7691.98
2026-10-05,ORD-901553,M_JEANS-P3,2,10952.5
2026-10-05,ORD-901554,M_FASHION_HOODIES_SWEATSHIRTS-P2,4,13345.52
2026-10-05,ORD-901555,W_JEANS-P5,8,108584.86
2026-10-05,ORD-901556,M_SWEATERS-P5,9,113297.75
2026-10-05,ORD-901557,M_SWEATERS-P4,9,57299.19
2026-10-05,ORD-901558,W_JEANS-P3,7,43017.34
2026-10-05,ORD-901559,M_PANTS-P1,1,1718.75
2026-10-05,ORD-901560,M_JEANS-P2,3,11136.28
2026-10-05,ORD-901561,M_OUTERWEAR_COATS-P5,3,83298.79
2026-10-05,ORD-901562,M_PANTS-P2,5,13037.05
2026-10-05,ORD-901563,M_SUITS_SPORT_COATS-P4,7,87624.87
2026-10-05,ORD-901564,W_JEANS-P1,8,17936.71
2026-10-05,ORD-901565,M_FASHION_HOODIES_SWEATSHIRTS-P1,8,16930.32
2026-10-05,ORD-901566,M_PANTS-P2,2,5593.4
2026-10-05,ORD-901567,W_JEANS-P4,6,54507.26
2026-10-05,ORD-901568,M_SUITS_SPORT_COATS-P1,2,3985.72
2026-10-05,ORD-901569,M_SUITS_SPORT_COATS-P3,7,48776.14
2026-10-05,ORD-901570,M_SUITS_SPORT_COATS-P3,1,7669.05
2026-10-05,ORD-901571,M_PANTS-P5,9,85332.12
2026-10-05,ORD-901572,M_SWEATERS-P5,5,65622.12
2026-10-05,ORD-901573,M_FASHION_HOODIES_SWEATSHIRTS-P2,4,12142.01
2026-10-05,ORD-901574,M_SWIM-P4,7,31243.48
2026-10-05,ORD-901575,M_SWIM-P5,7,43184.35
2026-10-05,ORD-901576,M_SUITS_SPORT_COATS-P4,9,109024.15
2026-10-05,ORD-901577,M_SWIM-P2,8,22441.61
2026-10-05,ORD-901578,W_JEANS-P3,5,28974.54
2026-10-05,ORD-901579,W_DRESSES-P3,8,33080.35
2026-10-05,ORD-901580,M_SUITS_SPORT_COATS-P3,3,22206.57
2026-10-05,ORD-901581,W_SWIM-P2,2,5643.76
2026-10-05,ORD-901582,W_OUTERWEAR_COATS-P4,3,35070.58
2026-10-05,ORD-901583,M_JEANS-P4,9,94120.14
2026-10-05,ORD-901584,M_SUITS_SPORT_COATS-P4,1,12213.12
2026-10-05,ORD-901585,M_SWIM-P2,3,7640.53
2026-10-05,ORD-901586,W_JEANS-P4,8,65351.29
2026-10-05,ORD-901587,M_OUTERWEAR_COATS-P5,1,28471.0
2026-10-05,ORD-901588,W_JEANS-P4,4,35029.42
2026-10-05,ORD-901589,M_FASHION_HOODIES_SWEATSHIRTS-P2,3,9430.41
2026-10-05,ORD-901590,M_OUTERWEAR_COATS-P2,4,21431.41
2026-10-05,ORD-901591,M_OUTERWEAR_COATS-P3,5,40856.41
2026-10-05,ORD-901592,W_DRESSES-P3,8,35358.18
2026-10-05,ORD-901593,W_DRESSES-P5,8,123098.5
2026-10-05,ORD-901594,W_OUTERWEAR_COATS-P3,9,71322.98
2026-10-05,ORD-901595,M_OUTERWEAR_COATS-P3,2,17170.13
2026-10-05,ORD-901596,W_JEANS-P4,9,79635.5
2026-10-05,ORD-901597,W_DRESSES-P2,2,5144.86
2026-10-05,ORD-901598,M_PANTS-P4,4,20348.1
2026-10-05,ORD-901599,M_JEANS-P5,9,137821.09
2026-10-05,ORD-901600,M_SUITS_SPORT_COATS-P3,7,54623.97
2026-10-05,ORD-901601,M_OUTERWEAR_COATS-P2,5,30826.59
2026-10-05,ORD-901602,M_FASHION_HOODIES_SWEATSHIRTS-P1,3,5695.18
2026-10-05,ORD-901603,M_SUITS_SPORT_COATS-P1,9,17704.25
2026-10-05,ORD-901604,M_SWEATERS-P3,1,4816.45
2026-10-05,ORD-901605,W_OUTERWEAR_COATS-P1,7,19438.53
2026-10-05,ORD-901606,M_SWEATERS-P4,9,61879.21
2026-10-05,ORD-901607,M_SUITS_SPORT_COATS-P1,4,8376.21
2026-10-05,ORD-901608,M_SWEATERS-P2,4,13032.36
2026-10-05,ORD-901609,M_SWIM-P4,7,29472.3
2026-10-05,ORD-901610,M_FASHION_HOODIES_SWEATSHIRTS-P1,5,10039.38
2026-10-05,ORD-901611,M_SWIM-P5,3,17131.54
2026-10-05,ORD-901612,M_FASHION_HOODIES_SWEATSHIRTS-P5,5,43559.01
2026-10-05,ORD-901613,W_INTIMATES-P1,3,2118.11
2026-10-05,ORD-901614,M_PANTS-P5,6,57879.97
2026-10-05,ORD-901615,W_INTIMATES-P3,9,19822.12
2026-10-05,ORD-901616,W_OUTERWEAR_COATS-P3,3,25956.48
2026-10-05,ORD-901617,W_SWIM-P2,2,5990.64
2026-10-05,ORD-901618,M_OUTERWEAR_COATS-P5,8,211517.18
2026-10-05,ORD-901619,W_JEANS-P2,5,18647.3
2026-10-05,ORD-901620,W_SWIM-P4,3,17022.63
2026-10-05,ORD-901621,W_JEANS-P4,1,9521.79
2026-10-05,ORD-901622,W_DRESSES-P3,7,31038.76
2026-10-05,ORD-901623,M_SUITS_SPORT_COATS-P5,2,43035.9
2026-10-05,ORD-901624,W_OUTERWEAR_COATS-P5,3,78221.69
2026-10-05,ORD-901625,W_JEANS-P2,9,30280.82
2026-10-05,ORD-901626,W_OUTERWEAR_COATS-P5,6,160556.89
2026-10-05,ORD-901627,M_FASHION_HOODIES_SWEATSHIRTS-P3,6,23015.06
2026-10-05,ORD-901628,M_OUTERWEAR_COATS-P4,9,106215.32
2026-10-05,ORD-901629,W_OUTERWEAR_COATS-P4,9,97045.17
2026-10-05,ORD-901630,W_DRESSES-P2,8,21221.63
2026-10-05,ORD-901631,M_FASHION_HOODIES_SWEATSHIRTS-P3,6,23341.74
2026-10-05,ORD-901632,M_SWEATERS-P2,3,10084.96
2026-10-05,ORD-901633,M_OUTERWEAR_COATS-P3,2,15973.03
2026-10-05,ORD-901634,W_DRESSES-P5,9,139510.93
2026-10-05,ORD-901635,W_INTIMATES-P4,7,21522.96
2026-10-05,ORD-901636,M_JEANS-P4,6,59760.27
2026-10-05,ORD-901637,M_PANTS-P4,6,31059.46
2026-10-05,ORD-901638,W_INTIMATES-P5,4,21180.5
2026-10-05,ORD-901639,M_SWEATERS-P3,7,30528.26
2026-10-05,ORD-901640,W_JEANS-P1,2,4403.46
2026-10-05,ORD-901641,M_SUITS_SPORT_COATS-P5,6,125046.59
2026-10-05,ORD-901642,M_SUITS_SPORT_COATS-P2,5,24176.74
2026-10-06,ORD-901643,M_OUTERWEAR_COATS-P1,7,23700.8
2026-10-06,ORD-901644,M_PANTS-P4,6,28657.57
2026-10-06,ORD-901645,M_OUTERWEAR_COATS-P2,7,43300.62
2026-10-06,ORD-901646,M_OUTERWEAR_COATS-P4,2,23902.86
2026-10-06,ORD-901647,W_OUTERWEAR_COATS-P3,5,43343.12
2026-10-06,ORD-901648,W_SWIM-P4,8,45094.6
2026-10-06,ORD-901649,W_DRESSES-P2,8,20578.49
2026-10-06,ORD-901650,M_SUITS_SPORT_COATS-P4,6,68987.69
2026-10-06,ORD-901651,M_SUITS_SPORT_COATS-P4,1,12613.34
2026-10-06,ORD-901652,M_SWIM-P2,2,5786.26
2026-10-06,ORD-901653,M_FASHION_HOODIES_SWEATSHIRTS-P1,8,16252.93
2026-10-06,ORD-901654,M_FASHION_HOODIES_SWEATSHIRTS-P4,2,8835.29
2026-10-06,ORD-901655,W_INTIMATES-P2,6,8103.61
2026-10-06,ORD-901656,W_DRESSES-P4,3,21941.26
2026-10-06,ORD-901657,W_JEANS-P2,8,27786.69
2026-10-06,ORD-901658,M_SWIM-P4,5,22814.73
2026-10-06,ORD-901659,M_SUITS_SPORT_COATS-P2,6,28821.07
2026-10-06,ORD-901660,M_FASHION_HOODIES_SWEATSHIRTS-P4,9,43964.35
2026-10-06,ORD-901661,W_INTIMATES-P2,2,2980.15
2026-10-06,ORD-901662,W_DRESSES-P5,8,131714.23
2026-10-06,ORD-901663,W_INTIMATES-P5,2,11388.44
2026-10-06,ORD-901664,W_DRESSES-P5,3,45891.59
2026-10-06,ORD-901665,M_OUTERWEAR_COATS-P5,3,80496.92
2026-10-06,ORD-901666,W_INTIMATES-P4,2,5710.8
2026-10-06,ORD-901667,W_INTIMATES-P3,9,19605.52
2026-10-06,ORD-901668,W_SWIM-P3,3,12579.2
2026-10-06,ORD-901669,W_SWIM-P4,8,42535.28
2026-10-06,ORD-901670,M_JEANS-P4,8,73191.6
2026-10-06,ORD-901671,M_SWEATERS-P3,9,41529.98
2026-10-06,ORD-901672,M_SWIM-P4,5,21087.7
2026-10-06,ORD-901673,M_FASHION_HOODIES_SWEATSHIRTS-P2,1,3072.28
2026-10-06,ORD-901674,W_OUTERWEAR_COATS-P2,2,11386.18
2026-10-06,ORD-901675,M_SWIM-P4,9,41198.92
2026-10-06,ORD-901676,W_INTIMATES-P5,2,11076.69
2026-10-06,ORD-901677,W_OUTERWEAR_COATS-P4,5,60803.86
2026-10-06,ORD-901678,M_SWIM-P5,3,19164.64
2026-10-06,ORD-901679,W_DRESSES-P3,3,13297.9
2026-10-06,ORD-901680,M_OUTERWEAR_COATS-P1,8,26125.64
2026-10-06,ORD-901681,W_INTIMATES-P3,9,17358.75
2026-10-06,ORD-901682,M_PANTS-P4,2,10440.14
2026-10-06,ORD-901683,M_SUITS_SPORT_COATS-P5,8,165134.02
2026-10-06,ORD-901684,M_PANTS-P1,6,9884.2
2026-10-06,ORD-901685,M_PANTS-P4,6,29301.14
2026-10-06,ORD-901686,M_FASHION_HOODIES_SWEATSHIRTS-P1,6,10881.72
2026-10-06,ORD-901687,M_FASHION_HOODIES_SWEATSHIRTS-P3,7,29088.16
2026-10-06,ORD-901688,W_SWIM-P1,5,8751.95
2026-10-06,ORD-901689,W_SWIM-P5,1,10190.66
2026-10-06,ORD-901690,W_INTIMATES-P3,2,4232.86
2026-10-06,ORD-901691,W_JEANS-P5,7,91231.28
2026-10-06,ORD-901692,W_SWIM-P2,6,17087.24
2026-10-06,ORD-901693,W_INTIMATES-P3,4,8810.23
2026-10-06,ORD-901694,M_SWIM-P2,7,18433.78
2026-10-06,ORD-901695,W_OUTERWEAR_COATS-P3,1,8384.1
2026-10-06,ORD-901696,W_JEANS-P2,3,11756.92
2026-10-06,ORD-901697,W_JEANS-P4,6,54916.22
2026-10-06,ORD-901698,W_JEANS-P4,9,85487.87
2026-10-06,ORD-901699,M_SUITS_SPORT_COATS-P5,7,146315.67
2026-10-06,ORD-901700,W_JEANS-P3,8,43185.74
2026-10-06,ORD-901701,M_SWEATERS-P5,3,35591.48
2026-10-06,ORD-901702,OTHER-ASSORTED,3,10698.83
2026-10-06,ORD-901703,M_SWIM-P3,8,27047.82
2026-10-06,ORD-901704,W_INTIMATES-P2,1,1515.12
2026-10-06,ORD-901705,W_DRESSES-P4,8,57258.88
2026-10-06,ORD-901706,M_FASHION_HOODIES_SWEATSHIRTS-P4,7,35045.38
2026-10-06,ORD-901707,M_SUITS_SPORT_COATS-P1,4,8486.39
2026-10-06,ORD-901708,M_SWIM-P2,9,26710.15
2026-10-06,ORD-901709,W_OUTERWEAR_COATS-P4,7,80533.12
2026-10-06,ORD-901710,M_OUTERWEAR_COATS-P2,8,49708.06
2026-10-06,ORD-901711,M_OUTERWEAR_COATS-P2,9,49129.25
2026-10-06,ORD-901712,M_OUTERWEAR_COATS-P4,3,34413.2
2026-10-06,ORD-901713,M_SWIM-P2,3,8785.31
2026-10-06,ORD-901714,M_SUITS_SPORT_COATS-P1,1,2118.79
2026-10-06,ORD-901715,M_FASHION_HOODIES_SWEATSHIRTS-P4,4,17997.69
2026-10-06,ORD-901716,W_SWIM-P5,7,75945.12
2026-10-06,ORD-901717,M_JEANS-P5,2,31730.01
2026-10-06,ORD-901718,M_SWEATERS-P5,5,66408.03
2026-10-06,ORD-901719,M_PANTS-P4,2,10359.7
2026-10-06,ORD-901720,W_DRESSES-P3,1,4163.78
2026-10-06,ORD-901721,W_JEANS-P2,5,17161.67
2026-10-06,ORD-901722,W_OUTERWEAR_COATS-P1,3,8595.53
2026-10-06,ORD-901723,M_FASHION_HOODIES_SWEATSHIRTS-P5,6,51717.75
2026-10-06,ORD-901724,W_DRESSES-P1,2,2156.41
2026-10-06,ORD-901725,M_SUITS_SPORT_COATS-P5,7,139509.49
2026-10-06,ORD-901726,W_INTIMATES-P3,4,8017.4
2026-10-06,ORD-901727,W_JEANS-P4,7,63730.14
2026-10-06,ORD-901728,M_OUTERWEAR_COATS-P4,7,84273.47
2026-10-06,ORD-901729,M_FASHION_HOODIES_SWEATSHIRTS-P1,3,6304.05
2026-10-06,ORD-901730,W_OUTERWEAR_COATS-P3,1,8431.7
2026-10-06,ORD-901731,M_SUITS_SPORT_COATS-P5,4,88837.39
2026-10-06,ORD-901732,M_PANTS-P3,3,10691.56
2026-10-06,ORD-901733,W_OUTERWEAR_COATS-P4,2,24210.09
2026-10-06,ORD-901734,W_SWIM-P3,2,8239.61
2026-10-06,ORD-901735,M_JEANS-P1,8,20793.37
2026-10-06,ORD-901736,M_FASHION_HOODIES_SWEATSHIRTS-P1,8,15431.25
2026-10-06,ORD-901737,M_OUTERWEAR_COATS-P2,6,35165.26
2026-10-06,ORD-901738,W_SWIM-P5,3,29208.66
2026-10-06,ORD-901739,W_SWIM-P2,8,24434.65
2026-10-06,ORD-901740,M_SUITS_SPORT_COATS-P3,1,7064.23
2026-10-06,ORD-901741,M_SWEATERS-P5,9,119267.31
2026-10-06,ORD-901742,M_SWIM-P4,4,16276.28
2026-10-06,ORD-901743,W_INTIMATES-P2,8,12172.59
2026-10-06,ORD-901744,W_OUTERWEAR_COATS-P4,5,60533.1
2026-10-06,ORD-901745,W_SWIM-P3,5,20551.29
2026-10-06,ORD-901746,M_SUITS_SPORT_COATS-P1,1,2126.43
2026-10-06,ORD-901747,W_INTIMATES-P2,3,4443.46
2026-10-06,ORD-901748,M_FASHION_HOODIES_SWEATSHIRTS-P5,5,44683.6
2026-10-06,ORD-901749,M_FASHION_HOODIES_SWEATSHIRTS-P2,5,15591.77
2026-10-06,ORD-901750,W_OUTERWEAR_COATS-P5,4,106192.75
2026-10-06,ORD-901751,M_SUITS_SPORT_COATS-P3,8,57873.6
2026-10-06,ORD-901752,M_OUTERWEAR_COATS-P4,1,11838.88
2026-10-06,ORD-901753,W_DRESSES-P4,9,67265.45
2026-10-06,ORD-901754,M_FASHION_HOODIES_SWEATSHIRTS-P5,8,67084.54
2026-10-06,ORD-901755,M_SWIM-P4,2,8334.45
2026-10-06,ORD-901756,M_OUTERWEAR_COATS-P5,9,230683.22
2026-10-06,ORD-901757,M_SWIM-P1,5,8715.48
2026-10-06,ORD-901758,W_DRESSES-P2,5,13148.78
2026-10-06,ORD-901759,M_SWEATERS-P3,5,22563.74
2026-10-06,ORD-901760,M_OUTERWEAR_COATS-P4,9,108097.77
2026-10-06,ORD-901761,W_OUTERWEAR_COATS-P1,9,25683.06
2026-10-06,ORD-901762,W_JEANS-P3,5,30760.34
2026-10-06,ORD-901763,M_SUITS_SPORT_COATS-P3,1,7026.35
2026-10-06,ORD-901764,W_DRESSES-P5,3,43942.12
2026-10-06,ORD-901765,M_OUTERWEAR_COATS-P2,2,11887.72
2026-10-06,ORD-901766,W_SWIM-P5,7,73966.77
2026-10-06,ORD-901767,M_SWIM-P4,9,38724.98
2026-10-06,ORD-901768,M_SUITS_SPORT_COATS-P4,6,75930.82
2026-10-06,ORD-901769,M_PANTS-P1,2,3217.68
2026-10-06,ORD-901770,M_SUITS_SPORT_COATS-P1,5,10049.57
2026-10-06,ORD-901771,M_SWEATERS-P3,5,22585.45
2026-10-06,ORD-901772,W_JEANS-P4,4,34952.44
2026-10-06,ORD-901773,W_SWIM-P2,2,5550.08
2026-10-06,ORD-901774,M_FASHION_HOODIES_SWEATSHIRTS-P4,5,21603.39
2026-10-06,ORD-901775,W_SWIM-P3,6,22790.59
2026-10-06,ORD-901776,W_DRESSES-P4,2,15163.66
2026-10-06,ORD-901777,W_JEANS-P2,2,7217.38
2026-10-06,ORD-901778,M_OUTERWEAR_COATS-P1,9,28962.48
2026-10-06,ORD-901779,M_PANTS-P4,2,9958.07
2026-10-06,ORD-901780,W_JEANS-P5,4,57163.32
2026-10-06,ORD-901781,W_DRESSES-P1,3,3217.48
2026-10-06,ORD-901782,W_DRESSES-P2,2,5445.19
2026-10-06,ORD-901783,M_SWEATERS-P1,5,10053.54
2026-10-06,ORD-901784,W_DRESSES-P4,1,7297.07
2026-10-06,ORD-901785,M_JEANS-P3,2,11008.52
2026-10-06,ORD-901786,M_SWIM-P1,7,11893.77
2026-10-06,ORD-901787,W_DRESSES-P3,4,17496.91
2026-10-06,ORD-901788,M_SUITS_SPORT_COATS-P3,3,22152.88
2026-10-06,ORD-901789,W_SWIM-P5,6,55778.12
2026-10-06,ORD-901790,M_SWIM-P1,2,3317.87
2026-10-06,ORD-901791,W_DRESSES-P5,6,86781.33
2026-10-06,ORD-901792,W_DRESSES-P2,8,21053.93
2026-10-06,ORD-901793,M_SWEATERS-P5,3,33997.94
2026-10-06,ORD-901794,M_SWIM-P3,6,20251.48
2026-10-06,ORD-901795,M_JEANS-P4,7,68011.59
2026-10-06,ORD-901796,M_SWIM-P5,4,24569.19
2026-10-06,ORD-901797,W_JEANS-P4,5,43243.84
2026-10-06,ORD-901798,W_SWIM-P3,1,4062.01
2026-10-06,ORD-901799,W_DRESSES-P3,8,33470.55
2026-10-06,ORD-901800,M_SWEATERS-P1,5,10443.22
2026-10-06,ORD-901801,M_FASHION_HOODIES_SWEATSHIRTS-P3,2,7900.07
2026-10-06,ORD-901802,M_SWEATERS-P3,4,19045.54
2026-10-06,ORD-901803,W_SWIM-P5,2,20712.77
2026-10-06,ORD-901804,M_OUTERWEAR_COATS-P2,3,17279.81
2026-10-06,ORD-901805,W_SWIM-P3,9,35161.75
2026-10-06,ORD-901806,W_DRESSES-P5,3,47441.79
2026-10-06,ORD-901807,M_FASHION_HOODIES_SWEATSHIRTS-P1,4,7489.36
2026-10-06,ORD-901808,M_FASHION_HOODIES_SWEATSHIRTS-P2,9,29090.79
2026-10-06,ORD-901809,W_OUTERWEAR_COATS-P5,5,136562.93
2026-10-06,ORD-901810,W_OUTERWEAR_COATS-P4,4,47064.0
2026-10-06,ORD-901811,W_INTIMATES-P3,9,19167.13
2026-10-06,ORD-901812,W_DRESSES-P5,5,78796.1
2026-10-06,ORD-901813,M_OUTERWEAR_COATS-P5,7,182057.11
2026-10-06,ORD-901814,M_JEANS-P1,5,12026.47
2026-10-06,ORD-901815,W_DRESSES-P2,8,20642.5
2026-10-06,ORD-901816,W_SWIM-P1,3,5613.48
2026-10-06,ORD-901817,M_JEANS-P5,8,133496.34
2026-10-06,ORD-901818,W_DRESSES-P4,1,7326.24
2026-10-06,ORD-901819,M_SWEATERS-P3,6,26177.37
2026-10-06,ORD-901820,W_JEANS-P4,2,18610.21
2026-10-06,ORD-901821,M_SWIM-P1,1,1634.96
2026-10-06,ORD-901822,W_DRESSES-P4,8,57569.61
2026-10-06,ORD-901823,W_JEANS-P1,8,19901.81
2026-10-06,ORD-901824,M_SWIM-P2,8,21512.76
2026-10-06,ORD-901825,W_JEANS-P3,6,36826.11
2026-10-06,ORD-901826,M_SUITS_SPORT_COATS-P3,3,22820.82
2026-10-06,ORD-901827,M_SUITS_SPORT_COATS-P3,3,23090.6
2026-10-06,ORD-901828,M_SWEATERS-P3,2,8898.03
2026-10-06,ORD-901829,M_FASHION_HOODIES_SWEATSHIRTS-P2,5,15593.14
2026-10-06,ORD-901830,W_JEANS-P5,1,14206.86
2026-10-06,ORD-901831,W_SWIM-P3,2,8457.78
2026-10-06,ORD-901832,W_INTIMATES-P4,8,24284.78
2026-10-06,ORD-901833,W_INTIMATES-P4,8,24980.9
2026-10-06,ORD-901834,W_DRESSES-P3,9,39752.15
2026-10-06,ORD-901835,M_SUITS_SPORT_COATS-P4,9,101719.41
2026-10-06,ORD-901836,M_OUTERWEAR_COATS-P3,1,8139.47
2026-10-06,ORD-901837,M_PANTS-P5,4,37232.97
2026-10-06,ORD-901838,W_DRESSES-P5,8,114533.05
2026-10-06,ORD-901839,M_OUTERWEAR_COATS-P4,3,35352.56
2026-10-06,ORD-901840,M_SWEATERS-P1,8,15978.66
2026-10-06,ORD-901841,M_SWIM-P1,6,10000.54
2026-10-06,ORD-901842,W_INTIMATES-P4,7,22045.77
2026-10-06,ORD-901843,M_JEANS-P1,9,23836.66
2026-10-06,ORD-901844,W_DRESSES-P4,3,22284.46
2026-10-06,ORD-901845,M_SWIM-P3,5,19679.21
2026-10-06,ORD-901846,W_OUTERWEAR_COATS-P5,7,174539.43
2026-10-06,ORD-901847,W_OUTERWEAR_COATS-P4,8,94356.09
2026-10-06,ORD-901848,W_SWIM-P3,2,8814.84
2026-10-06,ORD-901849,M_FASHION_HOODIES_SWEATSHIRTS-P3,4,15110.29
2026-10-06,ORD-901850,W_DRESSES-P2,4,11265.12
2026-10-06,ORD-901851,W_SWIM-P2,3,8937.92
2026-10-06,ORD-901852,W_DRESSES-P2,2,5142.15
2026-10-06,ORD-901853,M_FASHION_HOODIES_SWEATSHIRTS-P4,5,22018.3
2026-10-06,ORD-901854,M_FASHION_HOODIES_SWEATSHIRTS-P2,8,24176.64
2026-10-06,ORD-901855,M_PANTS-P5,5,47981.54
2026-10-06,ORD-901856,W_JEANS-P5,3,45278.03
2026-10-06,ORD-901857,M_JEANS-P2,5,20758.37
2026-10-06,ORD-901858,M_SWIM-P4,5,20821.58
2026-10-06,ORD-901859,W_SWIM-P5,3,29281.12
2026-10-06,ORD-901860,W_INTIMATES-P3,6,12261.1
2026-10-06,ORD-901861,M_FASHION_HOODIES_SWEATSHIRTS-P4,2,9211.03
2026-10-06,ORD-901862,M_SWEATERS-P5,4,46230.88
2026-10-06,ORD-901863,M_SWIM-P3,1,3930.28
2026-10-06,ORD-901864,M_SUITS_SPORT_COATS-P4,2,23523.78
2026-10-06,ORD-901865,W_OUTERWEAR_COATS-P1,2,5154.85
2026-10-06,ORD-901866,W_OUTERWEAR_COATS-P5,9,244565.39
2026-10-06,ORD-901867,W_JEANS-P2,6,20494.58
2026-10-06,ORD-901868,W_SWIM-P3,9,33976.3
2026-10-06,ORD-901869,M_JEANS-P1,3,7852.82
2026-10-06,ORD-901870,M_SWEATERS-P5,1,12933.8
2026-10-06,ORD-901871,W_DRESSES-P1,5,5417.91
2026-10-06,ORD-901872,M_FASHION_HOODIES_SWEATSHIRTS-P4,4,17456.78
2026-10-06,ORD-901873,M_SUITS_SPORT_COATS-P1,2,4220.25
2026-10-06,ORD-901874,M_FASHION_HOODIES_SWEATSHIRTS-P4,6,26668.94
2026-10-06,ORD-901875,W_SWIM-P4,6,34749.75
2026-10-06,ORD-901876,W_DRESSES-P2,2,5088.36
2026-10-06,ORD-901877,M_FASHION_HOODIES_SWEATSHIRTS-P5,3,24964.43
2026-10-06,ORD-901878,W_INTIMATES-P4,6,16592.46
2026-10-06,ORD-901879,W_JEANS-P3,3,18937.38
2026-10-06,ORD-901880,M_JEANS-P4,4,38403.7
2026-10-06,ORD-901881,M_JEANS-P1,9,25177.78
2026-10-06,ORD-901882,M_FASHION_HOODIES_SWEATSHIRTS-P1,6,12035.37
2026-10-06,ORD-901883,M_SWEATERS-P2,3,9056.75
2026-10-06,ORD-901884,M_OUTERWEAR_COATS-P5,9,243701.38
2026-10-06,ORD-901885,M_JEANS-P3,2,12841.72
2026-10-06,ORD-901886,M_SWEATERS-P1,3,5403.62
2026-10-06,ORD-901887,M_SWIM-P4,2,7975.12
2026-10-06,ORD-901888,W_SWIM-P2,8,23074.99
2026-10-06,ORD-901889,M_SWEATERS-P4,7,45640.79
2026-10-06,ORD-901890,M_SUITS_SPORT_COATS-P3,9,62604.95
2026-10-06,ORD-901891,W_JEANS-P2,6,20106.75
2026-10-06,ORD-901892,M_FASHION_HOODIES_SWEATSHIRTS-P2,4,12204.76
2026-10-06,ORD-901893,M_SWIM-P1,8,14540.64
2026-10-06,ORD-901894,M_OUTERWEAR_COATS-P5,8,207240.0
2026-10-06,ORD-901895,W_OUTERWEAR_COATS-P4,5,59206.06
2026-10-06,ORD-901896,M_SWEATERS-P4,5,31190.49
2026-10-06,ORD-901897,M_SWEATERS-P5,4,47301.29
2026-10-06,ORD-901898,M_PANTS-P4,1,4838.26
2026-10-06,ORD-901899,M_OUTERWEAR_COATS-P3,6,49452.91
2026-10-06,ORD-901900,M_FASHION_HOODIES_SWEATSHIRTS-P3,4,14750.81
2026-10-06,ORD-901901,M_PANTS-P2,3,8895.95
2026-10-06,ORD-901902,M_JEANS-P5,1,14525.84
2026-10-06,ORD-901903,M_OUTERWEAR_COATS-P3,1,7883.46
2026-10-06,ORD-901904,M_SWIM-P3,7,26887.91
2026-10-06,ORD-901905,W_OUTERWEAR_COATS-P3,2,14901.91
2026-10-06,ORD-901906,M_FASHION_HOODIES_SWEATSHIRTS-P2,6,17784.64
2026-10-06,ORD-901907,M_SUITS_SPORT_COATS-P1,1,1925.13
2026-10-06,ORD-901908,W_DRESSES-P4,3,20450.97
2026-10-06,ORD-901909,W_DRESSES-P1,4,4158.47
2026-10-06,ORD-901910,M_FASHION_HOODIES_SWEATSHIRTS-P4,3,14339.24
2026-10-06,ORD-901911,M_SUITS_SPORT_COATS-P2,2,9569.21
2026-10-06,ORD-901912,M_SUITS_SPORT_COATS-P1,4,8271.32
2026-10-06,ORD-901913,M_JEANS-P2,3,12404.26
2026-10-06,ORD-901914,W_JEANS-P2,6,20199.09
2026-10-06,ORD-901915,W_DRESSES-P2,4,11142.21
2026-10-06,ORD-901916,M_SWEATERS-P1,9,16308.92
2026-10-06,ORD-901917,M_PANTS-P3,3,12470.16
2026-10-06,ORD-901918,W_OUTERWEAR_COATS-P2,9,47785.19
2026-10-06,ORD-901919,M_FASHION_HOODIES_SWEATSHIRTS-P1,2,3612.57
2026-10-06,ORD-901920,M_OUTERWEAR_COATS-P4,5,59335.59
2026-10-06,ORD-901921,M_FASHION_HOODIES_SWEATSHIRTS-P2,5,15166.05
2026-10-06,ORD-901922,W_JEANS-P2,9,32659.77
2026-10-06,ORD-901923,M_JEANS-P1,9,24984.75
2026-10-06,ORD-901924,W_INTIMATES-P5,1,5481.19
2026-10-06,ORD-901925,W_OUTERWEAR_COATS-P4,4,42438.34
2026-10-06,ORD-901926,M_SUITS_SPORT_COATS-P3,6,45575.08
2026-10-06,ORD-901927,W_JEANS-P5,7,100030.77
2026-10-06,ORD-901928,W_JEANS-P1,7,17227.19
2026-10-06,ORD-901929,M_SWIM-P1,3,4955.7
2026-10-06,ORD-901930,M_PANTS-P2,5,15145.9
2026-10-06,ORD-901931,M_SWEATERS-P2,7,24337.6
2026-10-06,ORD-901932,W_DRESSES-P4,3,22272.52
2026-10-06,ORD-901933,W_OUTERWEAR_COATS-P2,9,48584.27
2026-10-06,ORD-901934,W_OUTERWEAR_COATS-P1,7,19410.33
2026-10-06,ORD-901935,W_OUTERWEAR_COATS-P5,5,134055.48
2026-10-06,ORD-901936,M_SWIM-P4,2,9043.75
2026-10-06,ORD-901937,M_PANTS-P2,9,27698.18
2026-10-06,ORD-901938,M_SUITS_SPORT_COATS-P3,4,27435.71
2026-10-06,ORD-901939,W_SWIM-P1,6,10420.71
2026-10-06,ORD-901940,M_SWEATERS-P4,7,48416.26
2026-10-06,ORD-901941,M_SUITS_SPORT_COATS-P4,6,73487.93
2026-10-06,ORD-901942,W_SWIM-P5,2,21904.08
2026-10-06,ORD-901943,M_JEANS-P4,5,46215.62
2026-10-06,ORD-901944,M_FASHION_HOODIES_SWEATSHIRTS-P2,2,6673.44
2026-10-06,ORD-901945,W_JEANS-P4,5,45608.7
2026-10-06,ORD-901946,M_SUITS_SPORT_COATS-P2,8,42628.69
2026-10-06,ORD-901947,W_JEANS-P5,2,26174.35
2026-10-06,ORD-901948,M_SWEATERS-P3,7,32066.8
2026-10-06,ORD-901949,W_SWIM-P5,6,62082.25
2026-10-06,ORD-901950,W_SWIM-P1,8,13187.76
2026-10-06,ORD-901951,M_SWEATERS-P2,1,3114.94
2026-10-06,ORD-901952,M_SWIM-P2,4,11679.44
2026-10-07,ORD-901953,W_JEANS-P1,7,17006.53
2026-10-07,ORD-901954,M_JEANS-P1,7,16848.3
2026-10-07,ORD-901955,W_JEANS-P3,2,12542.34
2026-10-07,ORD-901956,M_JEANS-P5,6,86570.09
2026-10-07,ORD-901957,W_SWIM-P1,2,3210.87
2026-10-07,ORD-901958,M_OUTERWEAR_COATS-P4,6,67646.94
2026-10-07,ORD-901959,M_FASHION_HOODIES_SWEATSHIRTS-P5,3,24611.09
2026-10-07,ORD-901960,M_OUTERWEAR_COATS-P1,8,24382.72
2026-10-07,ORD-901961,W_INTIMATES-P4,6,17835.78
2026-10-07,ORD-901962,M_SWIM-P2,3,8279.17
2026-10-07,ORD-901963,M_SWEATERS-P2,5,17235.56
2026-10-07,ORD-901964,M_FASHION_HOODIES_SWEATSHIRTS-P4,4,18643.21
2026-10-07,ORD-901965,W_JEANS-P5,6,88195.29
2026-10-07,ORD-901966,M_JEANS-P1,7,18834.1
2026-10-07,ORD-901967,M_SWIM-P3,2,7005.63
2026-10-07,ORD-901968,M_FASHION_HOODIES_SWEATSHIRTS-P4,6,28999.94
2026-10-07,ORD-901969,M_PANTS-P1,6,10217.61
2026-10-07,ORD-901970,M_SWIM-P4,2,8228.06
2026-10-07,ORD-901971,M_OUTERWEAR_COATS-P1,9,29084.71
2026-10-07,ORD-901972,W_JEANS-P2,8,29756.95
2026-10-07,ORD-901973,M_SUITS_SPORT_COATS-P5,9,206831.63
2026-10-07,ORD-901974,W_SWIM-P3,5,21499.45
2026-10-07,ORD-901975,OTHER-ASSORTED,4,14542.5
2026-10-07,ORD-901976,M_JEANS-P2,2,8528.16
2026-10-07,ORD-901977,W_INTIMATES-P4,8,24404.64
2026-10-07,ORD-901978,W_DRESSES-P2,5,14132.46
2026-10-07,ORD-901979,M_JEANS-P1,7,19534.51
2026-10-07,ORD-901980,W_INTIMATES-P1,6,4666.01
2026-10-07,ORD-901981,M_SUITS_SPORT_COATS-P2,2,10661.89
2026-10-07,ORD-901982,M_FASHION_HOODIES_SWEATSHIRTS-P5,4,33760.5
2026-10-07,ORD-901983,W_SWIM-P5,6,62063.47
2026-10-07,ORD-901984,W_SWIM-P3,1,3786.94
2026-10-07,ORD-901985,M_SWIM-P4,2,8132.87
2026-10-07,ORD-901986,M_OUTERWEAR_COATS-P1,8,27042.51
2026-10-07,ORD-901987,W_INTIMATES-P3,3,6709.2
2026-10-07,ORD-901988,M_JEANS-P5,5,73986.04
2026-10-07,ORD-901989,M_SUITS_SPORT_COATS-P4,1,10770.99
2026-10-07,ORD-901990,M_SUITS_SPORT_COATS-P4,1,12643.71
2026-10-07,ORD-901991,M_SUITS_SPORT_COATS-P5,5,107398.41
2026-10-07,ORD-901992,W_INTIMATES-P5,2,11129.5
2026-10-07,ORD-901993,W_DRESSES-P4,6,43706.1
2026-10-07,ORD-901994,M_PANTS-P3,5,20520.51
2026-10-07,ORD-901995,W_OUTERWEAR_COATS-P4,6,62671.27
2026-10-07,ORD-901996,M_JEANS-P3,9,53343.32
2026-10-07,ORD-901997,W_JEANS-P5,4,58169.53
2026-10-07,ORD-901998,M_OUTERWEAR_COATS-P4,9,95970.93
2026-10-07,ORD-901999,W_OUTERWEAR_COATS-P1,9,26498.77
2026-10-07,ORD-902000,W_OUTERWEAR_COATS-P3,2,16094.7
2026-10-07,ORD-902001,M_FASHION_HOODIES_SWEATSHIRTS-P3,6,24042.6
2026-10-07,ORD-902002,M_FASHION_HOODIES_SWEATSHIRTS-P5,4,33408.04
2026-10-07,ORD-902003,M_FASHION_HOODIES_SWEATSHIRTS-P2,2,5743.57
2026-10-07,ORD-902004,M_OUTERWEAR_COATS-P5,3,82315.0
2026-10-07,ORD-902005,M_FASHION_HOODIES_SWEATSHIRTS-P1,4,7195.48
2026-10-07,ORD-902006,M_JEANS-P5,8,126918.58
2026-10-07,ORD-902007,W_JEANS-P4,9,83841.99
2026-10-07,ORD-902008,M_SUITS_SPORT_COATS-P1,2,4124.38
2026-10-07,ORD-902009,W_SWIM-P4,6,36619.82
2026-10-07,ORD-902010,W_JEANS-P1,1,2306.43
2026-10-07,ORD-902011,W_DRESSES-P1,8,8544.17
2026-10-07,ORD-902012,M_FASHION_HOODIES_SWEATSHIRTS-P2,4,12410.66
2026-10-07,ORD-902013,W_OUTERWEAR_COATS-P5,5,129516.43
2026-10-07,ORD-902014,W_SWIM-P4,7,41760.29
2026-10-07,ORD-902015,M_OUTERWEAR_COATS-P5,1,26934.29
2026-10-07,ORD-902016,M_JEANS-P1,7,16942.77
2026-10-07,ORD-902017,M_JEANS-P2,1,3732.05
2026-10-07,ORD-902018,W_DRESSES-P5,5,74258.41
2026-10-07,ORD-902019,W_DRESSES-P5,3,49184.64
2026-10-07,ORD-902020,W_INTIMATES-P1,1,813.38
2026-10-07,ORD-902021,M_JEANS-P3,5,31453.65
2026-10-07,ORD-902022,OTHER-ASSORTED,7,25475.64
2026-10-07,ORD-902023,W_OUTERWEAR_COATS-P5,9,235002.78
2026-10-07,ORD-902024,W_JEANS-P2,9,33780.93
2026-10-07,ORD-902025,M_FASHION_HOODIES_SWEATSHIRTS-P5,6,46945.85
2026-10-07,ORD-902026,M_FASHION_HOODIES_SWEATSHIRTS-P2,4,11869.53
2026-10-07,ORD-902027,W_OUTERWEAR_COATS-P4,6,63536.22
2026-10-07,ORD-902028,M_JEANS-P5,6,94784.58
2026-10-07,ORD-902029,M_OUTERWEAR_COATS-P1,8,28180.24
2026-10-07,ORD-902030,M_OUTERWEAR_COATS-P4,8,97592.01
2026-10-07,ORD-902031,W_SWIM-P5,1,9480.38
2026-10-07,ORD-902032,W_INTIMATES-P4,9,26479.31
2026-10-07,ORD-902033,W_SWIM-P3,2,8072.68
2026-10-07,ORD-902034,M_SWEATERS-P2,4,13829.6
2026-10-07,ORD-902035,M_JEANS-P2,6,24419.44
2026-10-07,ORD-902036,W_DRESSES-P4,1,7831.53
2026-10-07,ORD-902037,M_FASHION_HOODIES_SWEATSHIRTS-P4,1,4530.05
2026-10-07,ORD-902038,W_INTIMATES-P3,1,2026.61
2026-10-07,ORD-902039,W_DRESSES-P2,7,20708.53
2026-10-07,ORD-902040,OTHER-ASSORTED,8,26873.47
2026-10-07,ORD-902041,W_OUTERWEAR_COATS-P1,6,15498.46
2026-10-07,ORD-902042,M_OUTERWEAR_COATS-P1,2,6295.82
2026-10-07,ORD-902043,W_OUTERWEAR_COATS-P2,3,15317.74
2026-10-07,ORD-902044,M_FASHION_HOODIES_SWEATSHIRTS-P2,8,24529.01
2026-10-07,ORD-902045,M_SUITS_SPORT_COATS-P5,2,45106.93
2026-10-07,ORD-902046,M_PANTS-P1,6,9698.47
2026-10-07,ORD-902047,M_SWEATERS-P3,2,8594.17
2026-10-07,ORD-902048,W_DRESSES-P4,7,53435.17
2026-10-07,ORD-902049,M_PANTS-P2,9,25423.09
2026-10-07,ORD-902050,M_SUITS_SPORT_COATS-P1,7,14999.15
2026-10-07,ORD-902051,M_SWIM-P1,1,1836.91
2026-10-07,ORD-902052,M_OUTERWEAR_COATS-P3,8,61152.76
2026-10-07,ORD-902053,M_PANTS-P3,4,16505.71
2026-10-07,ORD-902054,M_SUITS_SPORT_COATS-P5,8,183450.26
2026-10-07,ORD-902055,W_INTIMATES-P4,6,16508.89
2026-10-07,ORD-902056,M_SUITS_SPORT_COATS-P5,9,199102.87
2026-10-07,ORD-902057,W_DRESSES-P1,9,10143.85
2026-10-07,ORD-902058,W_OUTERWEAR_COATS-P3,3,25787.49
2026-10-07,ORD-902059,M_OUTERWEAR_COATS-P4,7,81432.24
2026-10-07,ORD-902060,W_DRESSES-P2,4,11622.65
2026-10-07,ORD-902061,M_FASHION_HOODIES_SWEATSHIRTS-P2,5,15816.66
2026-10-07,ORD-902062,M_SWIM-P2,5,13668.57
2026-10-07,ORD-902063,W_SWIM-P1,4,7368.14
2026-10-07,ORD-902064,M_SWIM-P3,5,17049.85
2026-10-07,ORD-902065,M_SUITS_SPORT_COATS-P4,8,87027.37
2026-10-07,ORD-902066,M_SWEATERS-P1,1,1922.9
2026-10-07,ORD-902067,M_SWIM-P1,7,13480.59
2026-10-07,ORD-902068,M_SWIM-P5,2,11607.96
2026-10-07,ORD-902069,M_OUTERWEAR_COATS-P2,9,55378.87
2026-10-07,ORD-902070,W_OUTERWEAR_COATS-P3,8,69492.84
2026-10-07,ORD-902071,M_SWIM-P3,5,18470.36
2026-10-07,ORD-902072,M_FASHION_HOODIES_SWEATSHIRTS-P4,4,18765.88
2026-10-07,ORD-902073,M_PANTS-P2,3,8472.75
2026-10-07,ORD-902074,W_JEANS-P3,9,56890.45
2026-10-07,ORD-902075,W_JEANS-P2,6,21806.68
2026-10-07,ORD-902076,M_JEANS-P3,8,45028.45
2026-10-07,ORD-902077,M_SUITS_SPORT_COATS-P5,7,151016.65
2026-10-07,ORD-902078,M_PANTS-P2,1,3014.89
2026-10-07,ORD-902079,M_SWIM-P5,9,59718.62
2026-10-07,ORD-902080,M_FASHION_HOODIES_SWEATSHIRTS-P2,5,15557.62
2026-10-07,ORD-902081,M_SUITS_SPORT_COATS-P1,9,18084.81
2026-10-07,ORD-902082,W_INTIMATES-P1,8,6537.48
2026-10-07,ORD-902083,M_SWEATERS-P4,1,6559.67
2026-10-07,ORD-902084,W_JEANS-P2,9,33438.48
2026-10-07,ORD-902085,W_INTIMATES-P2,4,5504.89
2026-10-07,ORD-902086,M_SWEATERS-P2,9,30074.03
2026-10-07,ORD-902087,M_FASHION_HOODIES_SWEATSHIRTS-P2,7,22318.22
2026-10-07,ORD-902088,M_SWIM-P3,5,19442.44
2026-10-07,ORD-902089,M_FASHION_HOODIES_SWEATSHIRTS-P5,8,64496.11
2026-10-07,ORD-902090,M_SUITS_SPORT_COATS-P1,9,16934.83
2026-10-07,ORD-902091,W_OUTERWEAR_COATS-P1,9,24424.1
2026-10-07,ORD-902092,W_DRESSES-P1,7,7196.75
2026-10-07,ORD-902093,W_JEANS-P4,3,27627.99
2026-10-07,ORD-902094,W_OUTERWEAR_COATS-P5,8,202963.92
2026-10-07,ORD-902095,W_JEANS-P2,5,17910.35
2026-10-07,ORD-902096,W_INTIMATES-P4,9,26411.59
2026-10-07,ORD-902097,M_SWEATERS-P1,5,10328.66
2026-10-07,ORD-902098,M_SWIM-P1,8,13993.48
2026-10-07,ORD-902099,W_INTIMATES-P5,2,10402.73
2026-10-07,ORD-902100,M_SWIM-P3,5,17935.95
2026-10-07,ORD-902101,M_JEANS-P2,3,12077.37
2026-10-07,ORD-902102,W_OUTERWEAR_COATS-P1,5,13177.96
2026-10-07,ORD-902103,M_SWEATERS-P5,6,75767.86
2026-10-07,ORD-902104,W_INTIMATES-P1,9,7150.12
2026-10-07,ORD-902105,M_SWEATERS-P1,7,13408.04
2026-10-07,ORD-902106,W_INTIMATES-P1,2,1447.36
2026-10-07,ORD-902107,W_JEANS-P3,1,6238.88
2026-10-07,ORD-902108,M_FASHION_HOODIES_SWEATSHIRTS-P5,9,71253.81
2026-10-07,ORD-902109,M_JEANS-P4,8,75623.55
2026-10-07,ORD-902110,M_OUTERWEAR_COATS-P2,2,11761.29
2026-10-07,ORD-902111,M_SWIM-P5,5,30930.36
2026-10-07,ORD-902112,M_SWIM-P3,3,11126.02
2026-10-07,ORD-902113,W_JEANS-P4,7,63778.99
2026-10-07,ORD-902114,W_OUTERWEAR_COATS-P2,9,49693.94
2026-10-07,ORD-902115,W_DRESSES-P5,5,73032.59
2026-10-07,ORD-902116,M_JEANS-P1,2,5154.7
2026-10-07,ORD-902117,W_INTIMATES-P3,2,3992.45
2026-10-07,ORD-902118,W_DRESSES-P4,5,37407.81
2026-10-07,ORD-902119,M_SWEATERS-P5,9,119787.44
2026-10-07,ORD-902120,M_JEANS-P5,6,89002.86
2026-10-07,ORD-902121,W_DRESSES-P5,9,137336.22
2026-10-07,ORD-902122,M_SUITS_SPORT_COATS-P2,8,37155.39
2026-10-07,ORD-902123,W_SWIM-P3,8,31341.04
2026-10-07,ORD-902124,M_FASHION_HOODIES_SWEATSHIRTS-P3,4,15826.46
2026-10-07,ORD-902125,M_PANTS-P5,2,18609.82
2026-10-07,ORD-902126,W_DRESSES-P1,2,1953.24
2026-10-07,ORD-902127,M_PANTS-P1,6,9406.48
2026-10-07,ORD-902128,W_OUTERWEAR_COATS-P3,8,66327.96
2026-10-07,ORD-902129,W_JEANS-P3,1,6203.22
2026-10-07,ORD-902130,M_SWIM-P2,7,18876.3
2026-10-07,ORD-902131,M_FASHION_HOODIES_SWEATSHIRTS-P3,6,22208.97
2026-10-07,ORD-902132,M_SUITS_SPORT_COATS-P4,9,111310.12
2026-10-07,ORD-902133,M_OUTERWEAR_COATS-P4,5,53053.6
2026-10-07,ORD-902134,W_SWIM-P1,8,12851.38
2026-10-07,ORD-902135,M_SUITS_SPORT_COATS-P3,9,61605.36
2026-10-07,ORD-902136,W_SWIM-P4,3,17850.67
2026-10-07,ORD-902137,M_SWEATERS-P4,2,12765.47
2026-10-07,ORD-902138,W_SWIM-P5,2,19849.54
2026-10-07,ORD-902139,W_OUTERWEAR_COATS-P2,7,41520.15
2026-10-07,ORD-902140,M_OUTERWEAR_COATS-P2,4,23729.2
2026-10-07,ORD-902141,W_DRESSES-P2,5,14956.38
2026-10-07,ORD-902142,M_FASHION_HOODIES_SWEATSHIRTS-P4,3,13065.11
2026-10-07,ORD-902143,M_OUTERWEAR_COATS-P4,3,37379.54
2026-10-07,ORD-902144,W_DRESSES-P2,8,23496.91
2026-10-07,ORD-902145,W_SWIM-P5,2,21747.06
2026-10-07,ORD-902146,M_FASHION_HOODIES_SWEATSHIRTS-P2,5,15320.91
2026-10-07,ORD-902147,W_SWIM-P5,8,80915.07
2026-10-07,ORD-902148,W_OUTERWEAR_COATS-P5,7,168662.59
2026-10-07,ORD-902149,M_SUITS_SPORT_COATS-P5,4,89912.1
2026-10-07,ORD-902150,M_SWIM-P2,5,14384.58
2026-10-07,ORD-902151,M_SWEATERS-P2,3,10020.31
2026-10-07,ORD-902152,M_SWIM-P4,2,8414.89
2026-10-07,ORD-902153,M_SWEATERS-P4,1,7145.93
2026-10-07,ORD-902154,M_PANTS-P1,4,6871.53
2026-10-07,ORD-902155,M_FASHION_HOODIES_SWEATSHIRTS-P3,5,19284.14
2026-10-07,ORD-902156,M_PANTS-P5,9,86519.89
2026-10-07,ORD-902157,M_SWEATERS-P3,9,38720.93
2026-10-07,ORD-902158,W_JEANS-P2,4,14903.5
2026-10-07,ORD-902159,M_PANTS-P3,6,21853.81
2026-10-07,ORD-902160,M_PANTS-P1,6,10519.42
2026-10-07,ORD-902161,M_PANTS-P3,9,32318.13
2026-10-07,ORD-902162,M_SWIM-P5,5,29831.52
2026-10-07,ORD-902163,M_SUITS_SPORT_COATS-P5,9,199613.37
2026-10-07,ORD-902164,W_SWIM-P4,1,5696.4
2026-10-07,ORD-902165,M_SWEATERS-P5,3,36282.1
2026-10-07,ORD-902166,M_JEANS-P4,5,47315.11
2026-10-07,ORD-902167,W_DRESSES-P3,2,8239.9
2026-10-07,ORD-902168,M_SUITS_SPORT_COATS-P4,2,22815.0
2026-10-07,ORD-902169,W_SWIM-P1,6,9836.21
2026-10-07,ORD-902170,M_OUTERWEAR_COATS-P5,9,236520.24
2026-10-07,ORD-902171,W_INTIMATES-P1,5,3840.78
2026-10-07,ORD-902172,W_INTIMATES-P2,8,11665.77
2026-10-07,ORD-902173,W_DRESSES-P1,4,4202.8
2026-10-07,ORD-902174,M_PANTS-P3,1,3924.04
2026-10-07,ORD-902175,M_PANTS-P3,5,19995.93
2026-10-07,ORD-902176,W_JEANS-P4,3,24803.21
2026-10-07,ORD-902177,W_INTIMATES-P5,1,5933.85
2026-10-07,ORD-902178,M_FASHION_HOODIES_SWEATSHIRTS-P5,3,22895.58
2026-10-07,ORD-902179,W_DRESSES-P3,4,17947.43
2026-10-07,ORD-902180,M_SWIM-P3,7,24407.11
2026-10-07,ORD-902181,W_JEANS-P4,8,71611.36
2026-10-07,ORD-902182,W_JEANS-P2,8,30724.17
2026-10-07,ORD-902183,M_SUITS_SPORT_COATS-P2,9,44641.22
2026-10-07,ORD-902184,M_JEANS-P2,5,20878.13
2026-10-07,ORD-902185,W_INTIMATES-P1,2,1434.57
2026-10-07,ORD-902186,M_SWEATERS-P3,1,4685.91
2026-10-07,ORD-902187,M_PANTS-P4,2,10620.79
2026-10-07,ORD-902188,M_SWIM-P1,4,6844.35
2026-10-07,ORD-902189,W_SWIM-P1,9,16605.57
2026-10-07,ORD-902190,M_SUITS_SPORT_COATS-P2,7,34976.18
2026-10-07,ORD-902191,M_FASHION_HOODIES_SWEATSHIRTS-P4,9,44321.61
2026-10-07,ORD-902192,M_SWIM-P2,8,20271.19
2026-10-07,ORD-902193,W_SWIM-P1,8,14822.13
2026-10-07,ORD-902194,W_JEANS-P3,2,11263.53
2026-10-07,ORD-902195,W_INTIMATES-P3,1,2193.27
2026-10-07,ORD-902196,M_SUITS_SPORT_COATS-P5,2,43209.59
2026-10-07,ORD-902197,M_PANTS-P5,6,57122.76
2026-10-07,ORD-902198,W_INTIMATES-P1,9,7151.45
2026-10-07,ORD-902199,M_PANTS-P4,1,4809.89
2026-10-07,ORD-902200,W_SWIM-P3,9,33855.91
2026-10-07,ORD-902201,M_FASHION_HOODIES_SWEATSHIRTS-P4,3,14529.27
2026-10-07,ORD-902202,M_PANTS-P2,6,17088.08
2026-10-07,ORD-902203,M_JEANS-P3,5,29777.88
2026-10-07,ORD-902204,M_SUITS_SPORT_COATS-P1,4,8398.58
2026-10-07,ORD-902205,M_PANTS-P2,9,25876.82
2026-10-07,ORD-902206,W_DRESSES-P1,4,4485.91
2026-10-07,ORD-902207,M_SWIM-P1,9,15799.23
2026-10-07,ORD-902208,M_SWEATERS-P1,9,17682.32
2026-10-07,ORD-902209,M_SWIM-P4,7,30251.27
2026-10-07,ORD-902210,W_INTIMATES-P2,2,2713.81
2026-10-07,ORD-902211,M_SUITS_SPORT_COATS-P5,1,23056.52
2026-10-07,ORD-902212,M_OUTERWEAR_COATS-P2,2,12052.37
2026-10-07,ORD-902213,M_JEANS-P5,2,30451.51
2026-10-07,ORD-902214,W_SWIM-P5,3,30696.21
2026-10-07,ORD-902215,W_JEANS-P1,7,15067.81
2026-10-07,ORD-902216,M_SWIM-P4,4,16334.29
2026-10-07,ORD-902217,W_OUTERWEAR_COATS-P4,6,67727.65
2026-10-07,ORD-902218,M_FASHION_HOODIES_SWEATSHIRTS-P1,7,14823.15
2026-10-07,ORD-902219,W_JEANS-P2,1,3762.52
2026-10-07,ORD-902220,M_FASHION_HOODIES_SWEATSHIRTS-P1,9,16923.59
2026-10-07,ORD-902221,W_INTIMATES-P1,2,1589.4
2026-10-07,ORD-902222,OTHER-ASSORTED,2,6969.17
2026-10-07,ORD-902223,W_INTIMATES-P3,2,4386.94
2026-10-07,ORD-902224,W_OUTERWEAR_COATS-P4,6,66296.12
2026-10-07,ORD-902225,M_JEANS-P5,6,92951.39
2026-10-07,ORD-902226,M_OUTERWEAR_COATS-P3,6,47328.71
2026-10-07,ORD-902227,W_OUTERWEAR_COATS-P2,8,41999.4
2026-10-07,ORD-902228,M_SWIM-P5,1,6092.26
2026-10-07,ORD-902229,M_JEANS-P3,3,19019.73
2026-10-07,ORD-902230,M_SUITS_SPORT_COATS-P2,9,45383.23
2026-10-07,ORD-902231,M_FASHION_HOODIES_SWEATSHIRTS-P4,5,25247.34
2026-10-07,ORD-902232,W_JEANS-P5,3,40618.55
2026-10-07,ORD-902233,M_OUTERWEAR_COATS-P1,8,26408.8
2026-10-07,ORD-902234,M_SWEATERS-P5,4,46880.0
2026-10-07,ORD-902235,M_JEANS-P4,7,70726.28
2026-10-07,ORD-902236,W_JEANS-P2,7,25636.23
2026-10-07,ORD-902237,W_JEANS-P3,5,30784.85
2026-10-07,ORD-902238,M_SWIM-P4,7,32044.9
2026-10-07,ORD-902239,W_OUTERWEAR_COATS-P2,5,27391.64
2026-10-07,ORD-902240,M_PANTS-P3,2,8165.3
2026-10-07,ORD-902241,W_DRESSES-P3,4,17533.64
2026-10-07,ORD-902242,W_OUTERWEAR_COATS-P2,7,42000.19
2026-10-07,ORD-902243,M_FASHION_HOODIES_SWEATSHIRTS-P4,1,4939.55
2026-10-07,ORD-902244,M_SWEATERS-P4,2,13830.29
2026-10-07,ORD-902245,M_FASHION_HOODIES_SWEATSHIRTS-P4,6,27404.83
2026-10-07,ORD-902246,M_JEANS-P5,6,90626.27
2026-10-07,ORD-902247,M_FASHION_HOODIES_SWEATSHIRTS-P2,3,9970.28
2026-10-07,ORD-902248,M_SWIM-P3,2,6973.95
2026-10-07,ORD-902249,W_JEANS-P4,7,60025.6
2026-10-07,ORD-902250,M_SWIM-P4,5,23240.5
2026-10-07,ORD-902251,W_JEANS-P1,5,11101.73
2026-10-07,ORD-902252,M_PANTS-P2,8,21904.63
2026-10-07,ORD-902253,W_SWIM-P2,9,25859.69
2026-10-07,ORD-902254,M_SWEATERS-P2,4,13240.12
2026-10-07,ORD-902255,M_SUITS_SPORT_COATS-P5,3,69148.89
2026-10-07,ORD-902256,M_JEANS-P1,5,12932.55
2026-10-07,ORD-902257,W_JEANS-P2,1,3801.91
2026-10-07,ORD-902258,M_JEANS-P4,7,66871.06
2026-10-07,ORD-902259,W_JEANS-P2,9,33740.09
2026-10-07,ORD-902260,M_SWIM-P3,1,3802.23
2026-10-07,ORD-902261,M_SWIM-P1,6,10016.55
2026-10-07,ORD-902262,M_SWIM-P4,7,31438.45
2026-10-07,ORD-902263,M_OUTERWEAR_COATS-P1,8,24616.82
2026-10-07,ORD-902264,W_JEANS-P2,1,3522.57
2026-10-07,ORD-902265,W_DRESSES-P2,6,17565.21
2026-10-07,ORD-902266,W_DRESSES-P1,5,5462.11
2026-10-07,ORD-902267,W_SWIM-P2,7,21031.99
2026-10-07,ORD-902268,M_FASHION_HOODIES_SWEATSHIRTS-P2,2,6456.93
2026-10-07,ORD-902269,W_SWIM-P3,8,30744.92
2026-10-07,ORD-902270,M_JEANS-P5,3,49109.41
2026-10-07,ORD-902271,M_FASHION_HOODIES_SWEATSHIRTS-P2,9,30205.06
2026-10-07,ORD-902272,W_SWIM-P3,4,16303.69
