date,order_id,sku,quantity,net_revenue
2026-09-17,ORD-000001,W_SWIM-P5,3,29836.01
2026-09-17,ORD-000002,M_FASHION_HOODIES_SWEATSHIRTS-P4,2,9895.32
2026-09-17,ORD-000003,M_JEANS-P2,6,24280.82
2026-09-17,ORD-000004,W_SWIM-P3,9,34918.8
2026-09-17,ORD-000005,M_JEANS-P1,7,17936.39
2026-09-17,ORD-000006,M_PANTS-P1,2,3311.47
2026-09-17,ORD-000007,M_FASHION_HOODIES_SWEATSHIRTS-P4,2,10093.88
2026-09-17,ORD-000008,W_DRESSES-P5,1,15822.12
2026-09-17,ORD-000009,M_SWEATERS-P1,1,2093.6
2026-09-17,ORD-000010,M_FASHION_HOODIES_SWEATSHIRTS-P3,9,36797.93
2026-09-17,ORD-000011,M_PANTS-P4,7,32736.71
2026-09-17,ORD-000012,M_JEANS-P3,5,29948.49
2026-09-17,ORD-000013,W_INTIMATES-P3,3,5850.38
2026-09-17,ORD-000014,W_DRESSES-P1,4,4131.01
2026-09-17,ORD-000015,OTHER-ASSORTED,2,6798.07
2026-09-17,ORD-000016,W_DRESSES-P4,4,29667.88
2026-09-17,ORD-000017,M_SWIM-P5,7,45037.85
2026-09-17,ORD-000018,M_SWEATERS-P5,8,96400.89
2026-09-17,ORD-000019,M_PANTS-P1,3,5089.32
2026-09-17,ORD-000020,M_PANTS-P1,2,3324.33
2026-09-17,ORD-000021,M_SWIM-P4,8,36634.42
2026-09-17,ORD-000022,W_JEANS-P1,8,18028.67
2026-09-17,ORD-000023,M_FASHION_HOODIES_SWEATSHIRTS-P5,2,16635.51
2026-09-17,ORD-000024,M_OUTERWEAR_COATS-P1,6,18628.85
2026-09-17,ORD-000025,M_SWIM-P2,7,17807.56
2026-09-17,ORD-000026,W_INTIMATES-P2,2,2952.04
2026-09-17,ORD-000027,W_DRESSES-P1,6,6162.26
2026-09-17,ORD-000028,M_SUITS_SPORT_COATS-P3,8,59283.1
2026-09-17,ORD-000029,M_SWEATERS-P5,2,26078.38
2026-09-17,ORD-000030,W_SWIM-P5,5,50399.22
2026-09-17,ORD-000031,W_INTIMATES-P2,2,2618.56
2026-09-17,ORD-000032,W_INTIMATES-P4,5,14948.92
2026-09-17,ORD-000033,W_INTIMATES-P3,8,16109.52
2026-09-17,ORD-000034,M_SUITS_SPORT_COATS-P5,6,117431.34
2026-09-17,ORD-000035,M_SWEATERS-P5,6,69899.84
2026-09-17,ORD-000036,M_JEANS-P3,8,43931.94
2026-09-17,ORD-000037,W_JEANS-P4,5,41300.97
2026-09-17,ORD-000038,M_PANTS-P1,7,11281.8
2026-09-17,ORD-000039,W_OUTERWEAR_COATS-P5,8,193225.82
2026-09-17,ORD-000040,M_SWEATERS-P4,7,47325.92
2026-09-17,ORD-000041,W_SWIM-P1,3,5491.42
2026-09-17,ORD-000042,W_OUTERWEAR_COATS-P5,9,225131.76
2026-09-17,ORD-000043,M_SWEATERS-P2,6,19956.9
2026-09-17,ORD-000044,M_SUITS_SPORT_COATS-P5,4,80118.2
2026-09-17,ORD-000045,M_OUTERWEAR_COATS-P2,3,16549.74
2026-09-17,ORD-000046,M_OUTERWEAR_COATS-P5,1,27131.85
2026-09-17,ORD-000047,W_DRESSES-P2,3,7986.89
2026-09-17,ORD-000048,M_FASHION_HOODIES_SWEATSHIRTS-P1,3,5793.76
2026-09-17,ORD-000049,M_SUITS_SPORT_COATS-P4,6,75492.06
2026-09-17,ORD-000050,W_INTIMATES-P4,9,28242.04
2026-09-17,ORD-000051,W_INTIMATES-P1,1,755.56
2026-09-17,ORD-000052,W_OUTERWEAR_COATS-P5,9,229597.41
2026-09-17,ORD-000053,M_SWEATERS-P1,7,12670.13
2026-09-17,ORD-000054,W_DRESSES-P5,7,101319.91
2026-09-17,ORD-000055,M_FASHION_HOODIES_SWEATSHIRTS-P5,4,32874.19
2026-09-17,ORD-000056,M_JEANS-P3,6,36179.51
2026-09-17,ORD-000057,M_JEANS-P2,1,4036.1
2026-09-17,ORD-000058,M_SWIM-P5,2,13221.85
2026-09-17,ORD-000059,W_DRESSES-P4,1,6886.98
2026-09-17,ORD-000060,M_OUTERWEAR_COATS-P4,7,76110.53
2026-09-17,ORD-000061,M_PANTS-P2,6,17343.6
2026-09-17,ORD-000062,M_SWIM-P1,2,3335.9
2026-09-17,ORD-000063,M_SWIM-P2,8,21982.27
2026-09-17,ORD-000064,M_PANTS-P5,2,16899.63
2026-09-17,ORD-000065,W_JEANS-P2,6,22656.42
2026-09-17,ORD-000066,M_SWIM-P1,3,5363.3
2026-09-17,ORD-000067,M_OUTERWEAR_COATS-P4,9,101571.87
2026-09-17,ORD-000068,W_INTIMATES-P4,9,28083.25
2026-09-17,ORD-000069,W_JEANS-P3,9,50995.25
2026-09-17,ORD-000070,W_INTIMATES-P1,2,1572.23
2026-09-17,ORD-000071,M_PANTS-P2,9,25005.55
2026-09-17,ORD-000072,M_OUTERWEAR_COATS-P1,6,20684.32
2026-09-17,ORD-000073,M_SWIM-P5,9,57922.74
2026-09-17,ORD-000074,M_SUITS_SPORT_COATS-P2,4,20175.61
2026-09-17,ORD-000075,W_JEANS-P5,4,58773.6
2026-09-17,ORD-000076,W_OUTERWEAR_COATS-P2,7,40406.59
2026-09-17,ORD-000077,M_OUTERWEAR_COATS-P5,4,109123.25
2026-09-17,ORD-000078,M_SUITS_SPORT_COATS-P3,1,7912.51
2026-09-17,ORD-000079,W_JEANS-P5,5,69557.05
2026-09-17,ORD-000080,M_OUTERWEAR_COATS-P3,6,48395.89
2026-09-17,ORD-000081,W_SWIM-P4,6,36937.94
2026-09-17,ORD-000082,M_SUITS_SPORT_COATS-P4,2,22292.25
2026-09-17,ORD-000083,M_OUTERWEAR_COATS-P5,8,206542.14
2026-09-17,ORD-000084,M_OUTERWEAR_COATS-P4,8,94349.52
2026-09-17,ORD-000085,W_SWIM-P2,1,2862.34
2026-09-17,ORD-000086,W_INTIMATES-P1,6,4795.87
2026-09-17,ORD-000087,M_JEANS-P1,2,5552.79
2026-09-17,ORD-000088,W_JEANS-P5,4,55699.92
2026-09-17,ORD-000089,M_OUTERWEAR_COATS-P2,7,42391.72
2026-09-17,ORD-000090,M_SUITS_SPORT_COATS-P2,2,10399.06
2026-09-17,ORD-000091,W_JEANS-P1,7,16255.42
2026-09-17,ORD-000092,W_JEANS-P2,2,7533.22
2026-09-17,ORD-000093,M_OUTERWEAR_COATS-P1,3,9108.14
2026-09-17,ORD-000094,W_DRESSES-P2,8,23319.7
2026-09-17,ORD-000095,M_JEANS-P5,8,127089.9
2026-09-17,ORD-000096,M_SUITS_SPORT_COATS-P3,3,22116.32
2026-09-17,ORD-000097,M_JEANS-P4,1,8912.52
2026-09-17,ORD-000098,W_JEANS-P1,2,4694.08
2026-09-17,ORD-000099,W_SWIM-P4,3,16970.01
2026-09-17,ORD-000100,W_OUTERWEAR_COATS-P5,4,109598.1
2026-09-17,ORD-000101,M_OUTERWEAR_COATS-P4,1,11072.93
2026-09-17,ORD-000102,M_PANTS-P4,9,42812.32
2026-09-17,ORD-000103,W_DRESSES-P2,6,15964.34
2026-09-17,ORD-000104,M_SWEATERS-P2,3,8969.44
2026-09-17,ORD-000105,W_JEANS-P2,6,23230.78
2026-09-17,ORD-000106,W_INTIMATES-P2,9,12550.92
2026-09-17,ORD-000107,W_SWIM-P3,9,34402.92
2026-09-17,ORD-000108,M_JEANS-P5,9,139550.62
2026-09-17,ORD-000109,W_OUTERWEAR_COATS-P5,8,217466.79
2026-09-17,ORD-000110,W_DRESSES-P3,1,4655.23
2026-09-17,ORD-000111,M_JEANS-P5,3,43645.27
2026-09-17,ORD-000112,W_DRESSES-P4,2,14983.35
2026-09-17,ORD-000113,M_SUITS_SPORT_COATS-P1,9,17952.49
2026-09-17,ORD-000114,M_SWIM-P1,2,3794.79
2026-09-17,ORD-000115,M_FASHION_HOODIES_SWEATSHIRTS-P4,4,17807.88
2026-09-17,ORD-000116,M_FASHION_HOODIES_SWEATSHIRTS-P3,2,7723.85
2026-09-17,ORD-000117,OTHER-ASSORTED,1,3509.29
2026-09-17,ORD-000118,W_SWIM-P3,2,8071.89
2026-09-17,ORD-000119,W_DRESSES-P4,9,67981.01
2026-09-17,ORD-000120,M_OUTERWEAR_COATS-P3,5,40364.81
2026-09-17,ORD-000121,M_SWIM-P5,8,49250.38
2026-09-17,ORD-000122,M_PANTS-P1,9,15707.62
2026-09-17,ORD-000123,W_SWIM-P5,5,54205.71
2026-09-17,ORD-000124,W_SWIM-P2,4,12143.57
2026-09-17,ORD-000125,M_JEANS-P4,7,63609.89
2026-09-17,ORD-000126,M_SWEATERS-P4,6,37349.5
2026-09-17,ORD-000127,M_PANTS-P1,7,10669.66
2026-09-17,ORD-000128,W_INTIMATES-P2,5,7403.03
2026-09-17,ORD-000129,W_SWIM-P2,3,9251.38
2026-09-17,ORD-000130,W_INTIMATES-P1,6,4293.3
2026-09-17,ORD-000131,W_SWIM-P1,3,5620.95
2026-09-17,ORD-000132,M_OUTERWEAR_COATS-P5,2,53473.16
2026-09-17,ORD-000133,M_SWIM-P2,3,8949.55
2026-09-17,ORD-000134,W_OUTERWEAR_COATS-P3,4,30587.0
2026-09-17,ORD-000135,M_SWEATERS-P3,9,40817.82
2026-09-17,ORD-000136,M_SWEATERS-P2,4,12599.04
2026-09-17,ORD-000137,M_JEANS-P1,6,14332.48
2026-09-17,ORD-000138,OTHER-ASSORTED,8,26633.6
2026-09-17,ORD-000139,M_FASHION_HOODIES_SWEATSHIRTS-P2,7,21292.97
2026-09-17,ORD-000140,W_DRESSES-P4,5,37183.41
2026-09-17,ORD-000141,M_FASHION_HOODIES_SWEATSHIRTS-P5,2,17952.05
2026-09-17,ORD-000142,W_JEANS-P5,4,60325.38
2026-09-17,ORD-000143,M_JEANS-P2,2,7669.19
2026-09-17,ORD-000144,M_FASHION_HOODIES_SWEATSHIRTS-P3,3,11125.66
2026-09-17,ORD-000145,M_JEANS-P4,7,71896.12
2026-09-17,ORD-000146,W_INTIMATES-P3,5,10280.89
2026-09-17,ORD-000147,M_SWIM-P5,9,55989.49
2026-09-17,ORD-000148,W_INTIMATES-P4,6,16302.43
2026-09-17,ORD-000149,M_FASHION_HOODIES_SWEATSHIRTS-P4,3,13908.3
2026-09-17,ORD-000150,M_FASHION_HOODIES_SWEATSHIRTS-P5,5,44555.04
2026-09-17,ORD-000151,W_DRESSES-P5,2,32819.83
2026-09-17,ORD-000152,M_JEANS-P1,4,9637.09
2026-09-17,ORD-000153,W_OUTERWEAR_COATS-P5,2,51556.28
2026-09-17,ORD-000154,M_SUITS_SPORT_COATS-P2,9,43935.67
2026-09-17,ORD-000155,W_SWIM-P3,5,20789.07
2026-09-17,ORD-000156,M_FASHION_HOODIES_SWEATSHIRTS-P3,9,35931.49
2026-09-17,ORD-000157,W_SWIM-P5,2,21839.84
2026-09-17,ORD-000158,M_PANTS-P2,1,2690.02
2026-09-17,ORD-000159,W_SWIM-P4,5,29217.39
2026-09-17,ORD-000160,M_SWIM-P4,4,16627.03
2026-09-17,ORD-000161,M_SWIM-P3,3,10492.87
2026-09-17,ORD-000162,W_OUTERWEAR_COATS-P1,1,3033.18
2026-09-17,ORD-000163,M_FASHION_HOODIES_SWEATSHIRTS-P3,1,3545.65
2026-09-17,ORD-000164,M_SWIM-P3,9,35360.65
2026-09-17,ORD-000165,M_SWIM-P3,8,27859.82
2026-09-17,ORD-000166,M_SWEATERS-P4,2,13766.41
2026-09-17,ORD-000167,W_INTIMATES-P1,7,5467.38
2026-09-17,ORD-000168,M_SWIM-P5,7,46430.58
2026-09-17,ORD-000169,M_PANTS-P5,4,38849.31
2026-09-17,ORD-000170,M_SUITS_SPORT_COATS-P2,4,20902.53
2026-09-17,ORD-000171,W_INTIMATES-P5,3,16472.42
2026-09-17,ORD-000172,M_SUITS_SPORT_COATS-P3,1,7725.47
2026-09-17,ORD-000173,M_FASHION_HOODIES_SWEATSHIRTS-P1,2,3998.02
2026-09-17,ORD-000174,W_SWIM-P1,5,8586.65
2026-09-17,ORD-000175,M_FASHION_HOODIES_SWEATSHIRTS-P4,2,9649.75
2026-09-17,ORD-000176,M_SUITS_SPORT_COATS-P5,9,196940.41
2026-09-17,ORD-000177,M_PANTS-P4,4,20535.14
2026-09-17,ORD-000178,M_FASHION_HOODIES_SWEATSHIRTS-P3,8,29228.37
2026-09-17,ORD-000179,M_PANTS-P3,8,28137.22
2026-09-17,ORD-000180,M_SUITS_SPORT_COATS-P4,6,75721.66
2026-09-17,ORD-000181,OTHER-ASSORTED,6,19312.37
2026-09-17,ORD-000182,W_SWIM-P1,5,8276.71
2026-09-17,ORD-000183,M_OUTERWEAR_COATS-P2,1,5616.65
2026-09-17,ORD-000184,M_JEANS-P1,8,20013.7
2026-09-17,ORD-000185,W_INTIMATES-P1,4,2915.87
2026-09-17,ORD-000186,W_JEANS-P4,1,8203.38
2026-09-17,ORD-000187,W_OUTERWEAR_COATS-P2,2,10436.11
2026-09-17,ORD-000188,W_DRESSES-P2,1,2723.27
2026-09-17,ORD-000189,M_PANTS-P5,5,45905.28
2026-09-17,ORD-000190,M_JEANS-P1,9,24766.01
2026-09-17,ORD-000191,M_JEANS-P5,7,113147.44
2026-09-17,ORD-000192,W_JEANS-P1,8,17594.84
2026-09-17,ORD-000193,W_JEANS-P1,3,6473.91
2026-09-17,ORD-000194,W_OUTERWEAR_COATS-P3,9,74517.35
2026-09-17,ORD-000195,W_JEANS-P1,9,19758.4
2026-09-17,ORD-000196,M_SWIM-P4,9,39220.83
2026-09-17,ORD-000197,W_OUTERWEAR_COATS-P2,1,5852.85
2026-09-17,ORD-000198,W_DRESSES-P2,4,10318.98
2026-09-17,ORD-000199,M_FASHION_HOODIES_SWEATSHIRTS-P3,3,11836.73
2026-09-17,ORD-000200,M_JEANS-P2,7,29512.5
2026-09-17,ORD-000201,OTHER-ASSORTED,1,3434.76
2026-09-17,ORD-000202,W_DRESSES-P5,9,144839.15
2026-09-17,ORD-000203,M_SWIM-P2,5,12636.76
2026-09-17,ORD-000204,W_OUTERWEAR_COATS-P1,2,5835.17
2026-09-17,ORD-000205,M_SWIM-P3,9,30498.78
2026-09-17,ORD-000206,M_SWIM-P4,2,8971.72
2026-09-17,ORD-000207,M_SWIM-P1,5,9376.41
2026-09-17,ORD-000208,W_OUTERWEAR_COATS-P4,5,53608.9
2026-09-17,ORD-000209,W_JEANS-P3,4,22399.75
2026-09-17,ORD-000210,W_INTIMATES-P1,8,6082.55
2026-09-17,ORD-000211,M_SUITS_SPORT_COATS-P5,2,42398.71
2026-09-17,ORD-000212,W_INTIMATES-P3,5,10912.92
2026-09-17,ORD-000213,W_DRESSES-P4,4,27583.53
2026-09-17,ORD-000214,M_JEANS-P5,6,89039.73
2026-09-17,ORD-000215,W_JEANS-P2,5,18517.77
2026-09-17,ORD-000216,M_JEANS-P4,1,9673.82
2026-09-17,ORD-000217,M_SWIM-P2,5,14875.8
2026-09-17,ORD-000218,M_JEANS-P2,4,16435.85
2026-09-17,ORD-000219,M_PANTS-P4,9,43149.92
2026-09-17,ORD-000220,M_SWEATERS-P5,8,103109.42
2026-09-17,ORD-000221,W_SWIM-P2,9,24547.05
2026-09-17,ORD-000222,M_JEANS-P1,8,19103.08
2026-09-17,ORD-000223,M_SWEATERS-P5,2,25995.39
2026-09-17,ORD-000224,M_SWEATERS-P4,5,32890.64
2026-09-17,ORD-000225,W_SWIM-P3,4,15136.8
2026-09-17,ORD-000226,M_JEANS-P1,3,8117.19
2026-09-17,ORD-000227,M_PANTS-P2,6,16001.38
2026-09-17,ORD-000228,W_OUTERWEAR_COATS-P2,9,48098.39
2026-09-17,ORD-000229,M_JEANS-P3,6,33977.14
2026-09-17,ORD-000230,W_SWIM-P2,8,22569.9
2026-09-17,ORD-000231,M_OUTERWEAR_COATS-P1,1,3545.76
2026-09-17,ORD-000232,W_INTIMATES-P3,8,16447.95
2026-09-17,ORD-000233,W_JEANS-P1,3,6911.42
2026-09-17,ORD-000234,M_SUITS_SPORT_COATS-P5,6,119535.27
2026-09-17,ORD-000235,M_SUITS_SPORT_COATS-P2,1,4804.41
2026-09-17,ORD-000236,M_SUITS_SPORT_COATS-P2,7,32443.27
2026-09-17,ORD-000237,W_SWIM-P4,4,23697.38
2026-09-17,ORD-000238,W_SWIM-P2,5,13767.13
2026-09-17,ORD-000239,M_FASHION_HOODIES_SWEATSHIRTS-P5,7,57038.37
2026-09-17,ORD-000240,W_OUTERWEAR_COATS-P5,2,50745.86
2026-09-17,ORD-000241,M_SWEATERS-P3,5,24416.55
2026-09-17,ORD-000242,M_PANTS-P3,2,7096.02
2026-09-17,ORD-000243,W_INTIMATES-P2,5,7226.59
2026-09-17,ORD-000244,M_JEANS-P5,4,66800.78
2026-09-17,ORD-000245,M_SWEATERS-P3,9,40204.5
2026-09-17,ORD-000246,W_JEANS-P4,6,55369.29
2026-09-17,ORD-000247,M_SWEATERS-P3,1,4850.64
2026-09-17,ORD-000248,W_DRESSES-P5,7,116918.1
2026-09-17,ORD-000249,W_SWIM-P5,9,91865.87
2026-09-17,ORD-000250,W_JEANS-P1,2,4320.4
2026-09-17,ORD-000251,W_JEANS-P1,7,16221.71
2026-09-17,ORD-000252,W_JEANS-P3,3,18019.84
2026-09-17,ORD-000253,M_PANTS-P4,8,36778.07
2026-09-17,ORD-000254,W_SWIM-P4,9,48265.51
2026-09-17,ORD-000255,M_SWIM-P1,7,12153.19
2026-09-17,ORD-000256,M_PANTS-P5,5,46728.78
2026-09-17,ORD-000257,W_INTIMATES-P1,5,3745.63
2026-09-17,ORD-000258,M_PANTS-P1,5,8185.31
2026-09-17,ORD-000259,W_INTIMATES-P2,7,9262.93
2026-09-17,ORD-000260,W_INTIMATES-P1,3,2120.7
2026-09-17,ORD-000261,M_SWIM-P3,8,29345.91
2026-09-17,ORD-000262,M_SWEATERS-P4,6,43579.32
2026-09-17,ORD-000263,M_SWEATERS-P4,7,44101.87
2026-09-17,ORD-000264,M_OUTERWEAR_COATS-P3,4,30318.93
2026-09-17,ORD-000265,M_SUITS_SPORT_COATS-P2,9,41496.64
2026-09-17,ORD-000266,M_PANTS-P1,6,9451.22
2026-09-17,ORD-000267,W_DRESSES-P1,4,4495.26
2026-09-17,ORD-000268,W_JEANS-P2,7,24910.03
2026-09-17,ORD-000269,W_JEANS-P2,9,31080.88
2026-09-17,ORD-000270,M_PANTS-P3,6,23990.38
2026-09-18,ORD-000271,M_PANTS-P3,6,21574.53
2026-09-18,ORD-000272,M_SWIM-P3,9,33448.93
2026-09-18,ORD-000273,W_OUTERWEAR_COATS-P5,4,96822.2
2026-09-18,ORD-000274,W_SWIM-P2,4,11266.62
2026-09-18,ORD-000275,W_INTIMATES-P1,8,6019.16
2026-09-18,ORD-000276,M_PANTS-P5,1,8424.41
2026-09-18,ORD-000277,M_SWEATERS-P3,8,39771.22
2026-09-18,ORD-000278,M_SWIM-P2,1,2559.61
2026-09-18,ORD-000279,W_SWIM-P4,9,54548.09
2026-09-18,ORD-000280,M_SWEATERS-P4,4,28093.76
2026-09-18,ORD-000281,M_OUTERWEAR_COATS-P5,3,76842.83
2026-09-18,ORD-000282,W_INTIMATES-P3,2,4487.38
2026-09-18,ORD-000283,W_JEANS-P1,8,17392.89
2026-09-18,ORD-000284,W_JEANS-P4,1,8071.29
2026-09-18,ORD-000285,M_JEANS-P4,4,39260.93
2026-09-18,ORD-000286,M_FASHION_HOODIES_SWEATSHIRTS-P3,5,20779.32
2026-09-18,ORD-000287,W_DRESSES-P5,5,78471.19
2026-09-18,ORD-000288,M_SWEATERS-P3,2,8600.34
2026-09-18,ORD-000289,M_PANTS-P5,9,86883.69
2026-09-18,ORD-000290,M_OUTERWEAR_COATS-P3,7,54682.76
2026-09-18,ORD-000291,W_JEANS-P5,1,12829.73
2026-09-18,ORD-000292,M_PANTS-P5,8,69218.81
2026-09-18,ORD-000293,M_SUITS_SPORT_COATS-P1,4,7905.15
2026-09-18,ORD-000294,M_PANTS-P1,9,14148.85
2026-09-18,ORD-000295,M_SWEATERS-P2,5,14933.93
2026-09-18,ORD-000296,M_OUTERWEAR_COATS-P3,8,69302.83
2026-09-18,ORD-000297,W_INTIMATES-P1,7,4953.59
2026-09-18,ORD-000298,M_OUTERWEAR_COATS-P5,7,203970.15
2026-09-18,ORD-000299,M_OUTERWEAR_COATS-P5,8,200611.83
2026-09-18,ORD-000300,M_SUITS_SPORT_COATS-P2,7,33850.23
2026-09-18,ORD-000301,M_SWEATERS-P1,4,7114.27
2026-09-18,ORD-000302,M_PANTS-P4,9,41513.77
2026-09-18,ORD-000303,M_SWIM-P2,4,10679.39
2026-09-18,ORD-000304,W_OUTERWEAR_COATS-P2,4,21195.67
2026-09-18,ORD-000305,M_OUTERWEAR_COATS-P5,5,141939.08
2026-09-18,ORD-000306,M_PANTS-P4,2,10699.72
2026-09-18,ORD-000307,M_SWIM-P2,3,8820.09
2026-09-18,ORD-000308,M_SWIM-P2,7,20625.23
2026-09-18,ORD-000309,M_FASHION_HOODIES_SWEATSHIRTS-P4,3,15080.57
2026-09-18,ORD-000310,M_FASHION_HOODIES_SWEATSHIRTS-P4,4,17280.13
2026-09-18,ORD-000311,W_DRESSES-P3,3,13158.86
2026-09-18,ORD-000312,W_INTIMATES-P5,1,5284.51
2026-09-18,ORD-000313,M_SWEATERS-P4,6,41800.92
2026-09-18,ORD-000314,M_JEANS-P1,3,7570.86
2026-09-18,ORD-000315,M_OUTERWEAR_COATS-P2,9,54130.51
2026-09-18,ORD-000316,M_FASHION_HOODIES_SWEATSHIRTS-P3,5,19816.15
2026-09-18,ORD-000317,M_SUITS_SPORT_COATS-P5,6,138020.43
2026-09-18,ORD-000318,M_SWEATERS-P4,3,18797.51
2026-09-18,ORD-000319,M_JEANS-P1,5,12077.14
2026-09-18,ORD-000320,M_SWEATERS-P2,2,6520.76
2026-09-18,ORD-000321,W_JEANS-P3,4,22987.1
2026-09-18,ORD-000322,W_JEANS-P4,5,46413.15
2026-09-18,ORD-000323,M_SWEATERS-P3,2,8522.8
2026-09-18,ORD-000324,M_SWIM-P1,4,6979.4
2026-09-18,ORD-000325,W_SWIM-P3,8,30920.53
2026-09-18,ORD-000326,M_SUITS_SPORT_COATS-P4,8,86187.16
2026-09-18,ORD-000327,M_SWEATERS-P2,4,13583.92
2026-09-18,ORD-000328,W_JEANS-P4,7,56904.94
2026-09-18,ORD-000329,M_FASHION_HOODIES_SWEATSHIRTS-P3,8,28593.48
2026-09-18,ORD-000330,W_SWIM-P3,1,3908.77
2026-09-18,ORD-000331,W_JEANS-P2,2,7744.62
2026-09-18,ORD-000332,M_SUITS_SPORT_COATS-P2,6,28566.47
2026-09-18,ORD-000333,W_DRESSES-P4,1,7125.62
2026-09-18,ORD-000334,W_INTIMATES-P5,6,35859.98
2026-09-18,ORD-000335,M_PANTS-P5,1,9319.46
2026-09-18,ORD-000336,W_DRESSES-P3,2,8189.24
2026-09-18,ORD-000337,M_OUTERWEAR_COATS-P5,2,54174.59
2026-09-18,ORD-000338,M_SWEATERS-P5,7,90548.25
2026-09-18,ORD-000339,W_SWIM-P3,7,30027.78
2026-09-18,ORD-000340,M_JEANS-P4,8,73494.68
2026-09-18,ORD-000341,W_OUTERWEAR_COATS-P1,5,14762.77
2026-09-18,ORD-000342,W_JEANS-P4,3,26896.91
2026-09-18,ORD-000343,M_SUITS_SPORT_COATS-P1,6,11828.74
2026-09-18,ORD-000344,W_JEANS-P5,2,28008.55
2026-09-18,ORD-000345,M_SWEATERS-P1,3,5570.21
2026-09-18,ORD-000346,M_FASHION_HOODIES_SWEATSHIRTS-P5,1,8275.68
2026-09-18,ORD-000347,M_SWIM-P5,6,34792.04
2026-09-18,ORD-000348,M_SWEATERS-P3,2,9973.0
2026-09-18,ORD-000349,M_PANTS-P2,2,5405.94
2026-09-18,ORD-000350,M_SWEATERS-P2,8,27932.04
2026-09-18,ORD-000351,M_SWEATERS-P4,3,19219.74
2026-09-18,ORD-000352,M_SWEATERS-P2,8,26339.12
2026-09-18,ORD-000353,W_INTIMATES-P3,4,8703.73
2026-09-18,ORD-000354,W_OUTERWEAR_COATS-P4,2,23493.21
2026-09-18,ORD-000355,M_PANTS-P4,5,23946.56
2026-09-18,ORD-000356,M_PANTS-P3,6,22069.02
2026-09-18,ORD-000357,M_PANTS-P2,4,11252.08
2026-09-18,ORD-000358,M_OUTERWEAR_COATS-P2,4,22080.06
2026-09-18,ORD-000359,M_PANTS-P4,4,19313.75
2026-09-18,ORD-000360,M_SWEATERS-P1,5,10494.33
2026-09-18,ORD-000361,M_SWIM-P3,9,31263.85
2026-09-18,ORD-000362,W_OUTERWEAR_COATS-P1,2,5746.03
2026-09-18,ORD-000363,M_FASHION_HOODIES_SWEATSHIRTS-P3,2,7073.27
2026-09-18,ORD-000364,W_SWIM-P1,4,7346.68
2026-09-18,ORD-000365,W_SWIM-P3,6,22564.86
2026-09-18,ORD-000366,M_PANTS-P4,4,18623.21
2026-09-18,ORD-000367,M_OUTERWEAR_COATS-P3,4,34898.69
2026-09-18,ORD-000368,M_SUITS_SPORT_COATS-P4,9,111704.02
2026-09-18,ORD-000369,M_SWEATERS-P4,5,35071.63
2026-09-18,ORD-000370,W_INTIMATES-P2,1,1319.97
2026-09-18,ORD-000371,W_DRESSES-P3,6,25432.99
2026-09-18,ORD-000372,M_SUITS_SPORT_COATS-P4,6,65946.69
2026-09-18,ORD-000373,M_OUTERWEAR_COATS-P4,5,53296.64
2026-09-18,ORD-000374,W_JEANS-P1,4,9839.55
2026-09-18,ORD-000375,W_OUTERWEAR_COATS-P2,6,32787.83
2026-09-18,ORD-000376,M_SUITS_SPORT_COATS-P4,3,35793.49
2026-09-18,ORD-000377,M_FASHION_HOODIES_SWEATSHIRTS-P5,4,30597.21
2026-09-18,ORD-000378,M_SWIM-P2,9,24742.99
2026-09-18,ORD-000379,M_SWEATERS-P2,2,6774.67
2026-09-18,ORD-000380,W_INTIMATES-P2,9,11983.69
2026-09-18,ORD-000381,M_SWIM-P5,2,12612.06
2026-09-18,ORD-000382,M_SWEATERS-P1,5,9547.67
2026-09-18,ORD-000383,M_PANTS-P4,5,24523.54
2026-09-18,ORD-000384,M_FASHION_HOODIES_SWEATSHIRTS-P4,5,24439.55
2026-09-18,ORD-000385,W_SWIM-P1,6,10274.88
2026-09-18,ORD-000386,M_FASHION_HOODIES_SWEATSHIRTS-P2,6,19236.3
2026-09-18,ORD-000387,M_SWEATERS-P1,7,12897.89
2026-09-18,ORD-000388,M_FASHION_HOODIES_SWEATSHIRTS-P1,7,14627.45
2026-09-18,ORD-000389,M_SWEATERS-P3,2,9714.26
2026-09-18,ORD-000390,M_SWEATERS-P1,6,11556.86
2026-09-18,ORD-000391,M_OUTERWEAR_COATS-P1,3,9087.06
2026-09-18,ORD-000392,OTHER-ASSORTED,3,10326.11
2026-09-18,ORD-000393,W_SWIM-P3,7,26558.33
2026-09-18,ORD-000394,W_DRESSES-P4,6,46299.14
2026-09-18,ORD-000395,M_OUTERWEAR_COATS-P1,3,9639.28
2026-09-18,ORD-000396,M_OUTERWEAR_COATS-P1,9,28041.74
2026-09-18,ORD-000397,M_FASHION_HOODIES_SWEATSHIRTS-P5,2,16278.79
2026-09-18,ORD-000398,W_JEANS-P3,4,22678.42
2026-09-18,ORD-000399,W_OUTERWEAR_COATS-P3,1,8752.81
2026-09-18,ORD-000400,M_SWIM-P1,6,9896.58
2026-09-18,ORD-000401,W_SWIM-P4,7,37264.59
2026-09-18,ORD-000402,W_INTIMATES-P5,3,17133.48
2026-09-18,ORD-000403,W_OUTERWEAR_COATS-P4,4,45792.68
2026-09-18,ORD-000404,W_DRESSES-P4,4,31323.51
2026-09-18,ORD-000405,M_OUTERWEAR_COATS-P2,4,21329.66
2026-09-18,ORD-000406,W_SWIM-P5,9,85868.38
2026-09-18,ORD-000407,M_SUITS_SPORT_COATS-P3,2,13765.75
2026-09-18,ORD-000408,W_JEANS-P1,4,8627.67
2026-09-18,ORD-000409,OTHER-ASSORTED,1,3457.38
2026-09-18,ORD-000410,M_SUITS_SPORT_COATS-P1,2,3895.72
2026-09-18,ORD-000411,M_SWEATERS-P5,9,117520.96
2026-09-18,ORD-000412,W_JEANS-P4,5,45136.49
2026-09-18,ORD-000413,M_PANTS-P5,4,35495.75
2026-09-18,ORD-000414,W_INTIMATES-P2,6,8404.46
2026-09-18,ORD-000415,M_SWEATERS-P4,3,18508.98
2026-09-18,ORD-000416,W_DRESSES-P4,8,59025.89
2026-09-18,ORD-000417,M_SWEATERS-P4,8,56667.94
2026-09-18,ORD-000418,W_OUTERWEAR_COATS-P1,8,22034.02
2026-09-18,ORD-000419,M_FASHION_HOODIES_SWEATSHIRTS-P5,3,24313.18
2026-09-18,ORD-000420,M_SUITS_SPORT_COATS-P4,2,24572.86
2026-09-18,ORD-000421,M_SWIM-P3,9,33599.64
2026-09-18,ORD-000422,M_FASHION_HOODIES_SWEATSHIRTS-P3,3,10760.68
2026-09-18,ORD-000423,W_JEANS-P1,6,14672.14
2026-09-18,ORD-000424,M_SWIM-P3,2,6731.57
2026-09-18,ORD-000425,M_SWIM-P3,7,26114.49
2026-09-18,ORD-000426,W_JEANS-P5,3,38597.38
2026-09-18,ORD-000427,M_FASHION_HOODIES_SWEATSHIRTS-P5,2,15750.04
2026-09-18,ORD-000428,W_SWIM-P1,8,13405.84
2026-09-18,ORD-000429,W_OUTERWEAR_COATS-P1,3,8665.25
2026-09-18,ORD-000430,W_JEANS-P1,4,8665.92
2026-09-18,ORD-000431,M_SUITS_SPORT_COATS-P3,5,34471.37
2026-09-18,ORD-000432,W_SWIM-P2,5,15336.07
2026-09-18,ORD-000433,M_SWEATERS-P5,3,35484.05
2026-09-18,ORD-000434,W_SWIM-P3,8,31004.1
2026-09-18,ORD-000435,M_PANTS-P2,9,24451.29
2026-09-18,ORD-000436,M_SUITS_SPORT_COATS-P4,1,11103.95
2026-09-18,ORD-000437,M_SWEATERS-P1,3,5949.68
2026-09-18,ORD-000438,M_PANTS-P3,6,24543.21
2026-09-18,ORD-000439,M_OUTERWEAR_COATS-P1,5,15422.07
2026-09-18,ORD-000440,M_SWIM-P4,1,4406.86
2026-09-18,ORD-000441,M_SUITS_SPORT_COATS-P4,8,94417.09
2026-09-18,ORD-000442,W_DRESSES-P2,2,5314.63
2026-09-18,ORD-000443,M_SWIM-P5,7,44754.33
2026-09-18,ORD-000444,M_SUITS_SPORT_COATS-P4,5,57252.27
2026-09-18,ORD-000445,M_SUITS_SPORT_COATS-P4,3,34260.29
2026-09-18,ORD-000446,W_JEANS-P3,2,11615.73
2026-09-18,ORD-000447,M_OUTERWEAR_COATS-P2,1,5578.95
2026-09-18,ORD-000448,M_SWIM-P4,5,20856.4
2026-09-18,ORD-000449,W_OUTERWEAR_COATS-P5,6,161964.53
2026-09-18,ORD-000450,W_JEANS-P2,1,3460.51
2026-09-18,ORD-000451,M_PANTS-P4,7,34332.03
2026-09-18,ORD-000452,M_SUITS_SPORT_COATS-P4,1,10972.8
2026-09-18,ORD-000453,M_OUTERWEAR_COATS-P5,1,25022.65
2026-09-18,ORD-000454,M_FASHION_HOODIES_SWEATSHIRTS-P1,6,11360.69
2026-09-18,ORD-000455,M_SWIM-P4,6,25998.33
2026-09-18,ORD-000456,M_SWEATERS-P2,5,16377.53
2026-09-18,ORD-000457,M_OUTERWEAR_COATS-P4,6,70760.55
2026-09-18,ORD-000458,M_SWIM-P1,3,5021.23
2026-09-18,ORD-000459,W_SWIM-P4,4,23676.1
2026-09-18,ORD-000460,M_SWEATERS-P4,2,12429.88
2026-09-18,ORD-000461,M_JEANS-P5,5,76119.59
2026-09-18,ORD-000462,M_PANTS-P2,1,2630.47
2026-09-18,ORD-000463,W_OUTERWEAR_COATS-P2,9,53230.36
2026-09-18,ORD-000464,W_DRESSES-P3,8,36202.87
2026-09-18,ORD-000465,M_SWIM-P4,8,33014.53
2026-09-18,ORD-000466,W_SWIM-P2,1,2652.72
2026-09-18,ORD-000467,M_SWIM-P5,1,6051.44
2026-09-18,ORD-000468,M_PANTS-P1,3,4560.54
2026-09-18,ORD-000469,W_JEANS-P4,2,16175.01
2026-09-18,ORD-000470,OTHER-ASSORTED,4,12644.57
2026-09-18,ORD-000471,M_OUTERWEAR_COATS-P3,9,74568.35
2026-09-18,ORD-000472,M_SWIM-P3,7,26800.0
2026-09-18,ORD-000473,M_OUTERWEAR_COATS-P2,9,50323.8
2026-09-18,ORD-000474,M_PANTS-P5,1,9729.83
2026-09-18,ORD-000475,W_JEANS-P1,8,19367.87
2026-09-18,ORD-000476,M_FASHION_HOODIES_SWEATSHIRTS-P1,7,14496.07
2026-09-18,ORD-000477,W_JEANS-P2,8,26997.07
2026-09-18,ORD-000478,W_INTIMATES-P1,8,5757.47
2026-09-18,ORD-000479,M_JEANS-P2,5,19061.71
2026-09-18,ORD-000480,M_FASHION_HOODIES_SWEATSHIRTS-P3,2,7501.23
2026-09-18,ORD-000481,W_JEANS-P2,5,18793.15
2026-09-18,ORD-000482,M_PANTS-P3,9,35563.87
2026-09-18,ORD-000483,W_INTIMATES-P3,9,20288.99
2026-09-18,ORD-000484,M_PANTS-P4,4,18510.54
2026-09-18,ORD-000485,M_SWIM-P3,1,3436.2
2026-09-18,ORD-000486,W_SWIM-P2,4,12146.89
2026-09-18,ORD-000487,M_OUTERWEAR_COATS-P3,3,25421.05
2026-09-18,ORD-000488,M_SUITS_SPORT_COATS-P1,4,8443.77
2026-09-18,ORD-000489,M_SUITS_SPORT_COATS-P2,4,19399.83
2026-09-18,ORD-000490,W_OUTERWEAR_COATS-P4,9,100468.4
2026-09-18,ORD-000491,W_OUTERWEAR_COATS-P3,9,75376.81
2026-09-18,ORD-000492,W_OUTERWEAR_COATS-P4,1,11102.45
2026-09-18,ORD-000493,W_JEANS-P1,4,9456.71
2026-09-18,ORD-000494,M_PANTS-P5,4,35289.87
2026-09-18,ORD-000495,W_DRESSES-P2,2,5605.68
2026-09-18,ORD-000496,M_OUTERWEAR_COATS-P1,3,9117.03
2026-09-18,ORD-000497,M_JEANS-P3,2,12102.06
2026-09-18,ORD-000498,M_OUTERWEAR_COATS-P1,6,21365.57
2026-09-18,ORD-000499,W_INTIMATES-P4,1,2688.42
2026-09-18,ORD-000500,M_JEANS-P4,1,10022.76
2026-09-18,ORD-000501,W_JEANS-P2,1,3365.68
2026-09-18,ORD-000502,W_DRESSES-P2,6,15796.91
2026-09-18,ORD-000503,W_OUTERWEAR_COATS-P2,9,53218.68
2026-09-18,ORD-000504,M_FASHION_HOODIES_SWEATSHIRTS-P5,7,54281.85
2026-09-18,ORD-000505,M_OUTERWEAR_COATS-P4,4,43208.4
2026-09-18,ORD-000506,M_FASHION_HOODIES_SWEATSHIRTS-P3,2,8134.13
2026-09-18,ORD-000507,W_DRESSES-P5,5,77801.82
2026-09-18,ORD-000508,M_JEANS-P4,2,20354.35
2026-09-18,ORD-000509,W_INTIMATES-P1,4,2939.49
2026-09-18,ORD-000510,M_SUITS_SPORT_COATS-P2,7,33262.77
2026-09-18,ORD-000511,M_SUITS_SPORT_COATS-P3,5,39197.9
2026-09-18,ORD-000512,M_FASHION_HOODIES_SWEATSHIRTS-P4,6,30106.42
2026-09-18,ORD-000513,W_JEANS-P4,9,78948.14
2026-09-18,ORD-000514,M_PANTS-P4,1,5214.11
2026-09-18,ORD-000515,M_FASHION_HOODIES_SWEATSHIRTS-P2,7,21980.16
2026-09-18,ORD-000516,M_JEANS-P2,6,23823.88
2026-09-18,ORD-000517,M_FASHION_HOODIES_SWEATSHIRTS-P4,9,42721.87
2026-09-18,ORD-000518,W_INTIMATES-P5,2,11299.28
2026-09-18,ORD-000519,M_PANTS-P4,3,14759.66
2026-09-18,ORD-000520,M_SWIM-P4,4,16622.33
2026-09-18,ORD-000521,W_JEANS-P3,1,5377.44
2026-09-18,ORD-000522,M_SWIM-P2,2,5505.81
2026-09-18,ORD-000523,W_JEANS-P5,3,45212.14
2026-09-18,ORD-000524,W_DRESSES-P2,6,17909.94
2026-09-18,ORD-000525,M_SWIM-P3,5,18425.39
2026-09-18,ORD-000526,M_OUTERWEAR_COATS-P1,5,17356.58
2026-09-18,ORD-000527,W_SWIM-P5,4,40483.74
2026-09-18,ORD-000528,M_JEANS-P3,2,11840.33
2026-09-18,ORD-000529,W_INTIMATES-P4,9,27523.36
2026-09-18,ORD-000530,W_DRESSES-P5,6,91453.74
2026-09-18,ORD-000531,M_SWEATERS-P1,7,14463.23
2026-09-18,ORD-000532,W_JEANS-P2,2,7164.96
2026-09-18,ORD-000533,W_INTIMATES-P1,1,744.76
2026-09-18,ORD-000534,M_PANTS-P5,5,44387.17
2026-09-18,ORD-000535,M_SWIM-P5,9,52284.62
2026-09-18,ORD-000536,W_SWIM-P1,4,7467.08
2026-09-18,ORD-000537,M_JEANS-P4,9,88698.65
2026-09-18,ORD-000538,W_INTIMATES-P4,1,2843.74
2026-09-18,ORD-000539,M_SUITS_SPORT_COATS-P1,9,16828.77
2026-09-18,ORD-000540,W_OUTERWEAR_COATS-P3,8,66615.55
2026-09-18,ORD-000541,W_JEANS-P2,6,20572.93
2026-09-18,ORD-000542,M_SWEATERS-P4,5,33971.28
2026-09-18,ORD-000543,M_JEANS-P4,6,57843.88
2026-09-18,ORD-000544,W_SWIM-P1,4,6958.97
2026-09-18,ORD-000545,M_PANTS-P3,5,20000.42
2026-09-18,ORD-000546,W_OUTERWEAR_COATS-P2,3,17270.97
2026-09-18,ORD-000547,M_PANTS-P1,6,10020.0
2026-09-18,ORD-000548,M_SUITS_SPORT_COATS-P3,3,20967.56
2026-09-18,ORD-000549,M_OUTERWEAR_COATS-P3,5,43930.07
2026-09-18,ORD-000550,W_JEANS-P1,2,4410.57
2026-09-18,ORD-000551,W_INTIMATES-P2,2,2682.41
2026-09-18,ORD-000552,M_JEANS-P5,3,48729.72
2026-09-18,ORD-000553,W_JEANS-P1,5,11555.73
2026-09-18,ORD-000554,M_OUTERWEAR_COATS-P3,2,16652.3
2026-09-18,ORD-000555,M_JEANS-P2,5,18975.24
2026-09-19,ORD-000556,M_SWEATERS-P5,1,11328.61
2026-09-19,ORD-000557,W_OUTERWEAR_COATS-P4,7,81090.06
2026-09-19,ORD-000558,M_SWIM-P3,5,18075.68
2026-09-19,ORD-000559,M_JEANS-P5,5,78736.49
2026-09-19,ORD-000560,M_SWEATERS-P1,1,2017.14
2026-09-19,ORD-000561,W_SWIM-P3,7,29484.55
2026-09-19,ORD-000562,W_DRESSES-P2,7,20533.19
2026-09-19,ORD-000563,W_INTIMATES-P2,4,5823.56
2026-09-19,ORD-000564,W_INTIMATES-P1,2,1510.42
2026-09-19,ORD-000565,M_SUITS_SPORT_COATS-P1,5,10135.83
2026-09-19,ORD-000566,M_JEANS-P2,7,26733.68
2026-09-19,ORD-000567,M_SWEATERS-P1,3,5572.89
2026-09-19,ORD-000568,M_SWEATERS-P3,8,36600.09
2026-09-19,ORD-000569,W_DRESSES-P4,7,52108.92
2026-09-19,ORD-000570,W_INTIMATES-P2,3,4520.38
2026-09-19,ORD-000571,M_SUITS_SPORT_COATS-P1,1,1947.49
2026-09-19,ORD-000572,M_SWIM-P2,2,5086.89
2026-09-19,ORD-000573,M_SWIM-P5,4,23195.31
2026-09-19,ORD-000574,W_JEANS-P5,4,56085.83
2026-09-19,ORD-000575,M_JEANS-P2,8,32150.99
2026-09-19,ORD-000576,W_INTIMATES-P5,8,44730.66
2026-09-19,ORD-000577,W_DRESSES-P5,6,94062.31
2026-09-19,ORD-000578,M_SWEATERS-P2,8,24564.05
2026-09-19,ORD-000579,W_INTIMATES-P3,3,6154.4
2026-09-19,ORD-000580,W_JEANS-P3,2,12179.56
2026-09-19,ORD-000581,W_DRESSES-P4,6,45555.24
2026-09-19,ORD-000582,M_PANTS-P2,5,13928.02
2026-09-19,ORD-000583,M_FASHION_HOODIES_SWEATSHIRTS-P4,1,4360.6
2026-09-19,ORD-000584,W_SWIM-P3,7,29137.5
2026-09-19,ORD-000585,W_INTIMATES-P3,6,12703.08
2026-09-19,ORD-000586,M_JEANS-P2,4,15439.88
2026-09-19,ORD-000587,M_SWEATERS-P1,9,18828.54
2026-09-19,ORD-000588,W_OUTERWEAR_COATS-P1,7,19482.77
2026-09-19,ORD-000589,M_OUTERWEAR_COATS-P1,3,10603.23
2026-09-19,ORD-000590,M_FASHION_HOODIES_SWEATSHIRTS-P5,4,33032.97
2026-09-19,ORD-000591,OTHER-ASSORTED,4,14160.34
2026-09-19,ORD-000592,M_JEANS-P5,6,95453.92
2026-09-19,ORD-000593,W_OUTERWEAR_COATS-P3,7,56443.55
2026-09-19,ORD-000594,M_PANTS-P4,9,45880.93
2026-09-19,ORD-000595,W_JEANS-P4,8,68743.29
2026-09-19,ORD-000596,W_OUTERWEAR_COATS-P4,4,43132.64
2026-09-19,ORD-000597,M_SUITS_SPORT_COATS-P5,5,114979.73
2026-09-19,ORD-000598,W_INTIMATES-P3,3,6247.97
2026-09-19,ORD-000599,W_OUTERWEAR_COATS-P1,5,13671.82
2026-09-19,ORD-000600,W_INTIMATES-P1,5,3690.85
2026-09-19,ORD-000601,M_SWIM-P2,7,19696.89
2026-09-19,ORD-000602,M_JEANS-P1,6,14680.64
2026-09-19,ORD-000603,M_PANTS-P5,7,58230.98
2026-09-19,ORD-000604,W_OUTERWEAR_COATS-P2,6,34880.68
2026-09-19,ORD-000605,M_JEANS-P4,9,92170.64
2026-09-19,ORD-000606,W_DRESSES-P5,1,16032.08
2026-09-19,ORD-000607,M_OUTERWEAR_COATS-P4,2,23710.88
2026-09-19,ORD-000608,M_PANTS-P2,2,5758.53
2026-09-19,ORD-000609,W_OUTERWEAR_COATS-P4,4,42517.62
2026-09-19,ORD-000610,M_SWEATERS-P4,6,42152.63
2026-09-19,ORD-000611,M_OUTERWEAR_COATS-P4,7,84827.65
2026-09-19,ORD-000612,M_OUTERWEAR_COATS-P1,2,6780.41
2026-09-19,ORD-000613,W_SWIM-P2,9,27098.08
2026-09-19,ORD-000614,W_OUTERWEAR_COATS-P3,5,38477.66
2026-09-19,ORD-000615,W_INTIMATES-P4,4,11731.58
2026-09-19,ORD-000616,W_JEANS-P2,8,29872.15
2026-09-19,ORD-000617,M_JEANS-P3,9,49955.34
2026-09-19,ORD-000618,M_SWEATERS-P2,4,13616.87
2026-09-19,ORD-000619,M_SWIM-P1,8,14399.82
2026-09-19,ORD-000620,M_SWIM-P1,8,15232.32
2026-09-19,ORD-000621,W_INTIMATES-P4,8,22351.2
2026-09-19,ORD-000622,M_OUTERWEAR_COATS-P1,9,30169.41
2026-09-19,ORD-000623,W_JEANS-P2,1,3423.23
2026-09-19,ORD-000624,M_SUITS_SPORT_COATS-P1,8,16397.22
2026-09-19,ORD-000625,M_SWIM-P2,5,14570.98
2026-09-19,ORD-000626,M_SUITS_SPORT_COATS-P4,7,80744.16
2026-09-19,ORD-000627,W_INTIMATES-P3,2,3954.5
2026-09-19,ORD-000628,M_SUITS_SPORT_COATS-P4,1,10754.34
2026-09-19,ORD-000629,M_FASHION_HOODIES_SWEATSHIRTS-P3,6,24338.54
2026-09-19,ORD-000630,M_JEANS-P2,9,35827.51
2026-09-19,ORD-000631,W_JEANS-P3,3,16219.4
2026-09-19,ORD-000632,W_INTIMATES-P5,7,39879.62
2026-09-19,ORD-000633,M_SUITS_SPORT_COATS-P2,2,10500.05
2026-09-19,ORD-000634,M_SUITS_SPORT_COATS-P4,6,69864.47
2026-09-19,ORD-000635,M_SWIM-P4,9,40534.2
2026-09-19,ORD-000636,M_OUTERWEAR_COATS-P4,5,57139.81
2026-09-19,ORD-000637,M_SWEATERS-P3,5,23256.83
2026-09-19,ORD-000638,W_OUTERWEAR_COATS-P2,5,26783.24
2026-09-19,ORD-000639,W_OUTERWEAR_COATS-P2,8,43677.93
2026-09-19,ORD-000640,M_SWIM-P3,5,19324.48
2026-09-19,ORD-000641,M_SUITS_SPORT_COATS-P3,4,30007.57
2026-09-19,ORD-000642,W_JEANS-P5,2,27160.65
2026-09-19,ORD-000643,M_SUITS_SPORT_COATS-P1,5,9303.16
2026-09-19,ORD-000644,W_DRESSES-P5,2,32728.66
2026-09-19,ORD-000645,M_FASHION_HOODIES_SWEATSHIRTS-P3,7,28006.17
2026-09-19,ORD-000646,W_SWIM-P1,7,12255.04
2026-09-19,ORD-000647,M_FASHION_HOODIES_SWEATSHIRTS-P4,7,31764.71
2026-09-19,ORD-000648,M_FASHION_HOODIES_SWEATSHIRTS-P1,1,1856.11
2026-09-19,ORD-000649,W_SWIM-P3,8,33191.4
2026-09-19,ORD-000650,W_INTIMATES-P2,1,1481.81
2026-09-19,ORD-000651,W_SWIM-P3,9,37359.1
2026-09-19,ORD-000652,W_DRESSES-P4,3,22737.49
2026-09-19,ORD-000653,W_INTIMATES-P4,2,5554.48
2026-09-19,ORD-000654,W_INTIMATES-P2,8,11544.19
2026-09-19,ORD-000655,M_OUTERWEAR_COATS-P2,2,11868.91
2026-09-19,ORD-000656,W_OUTERWEAR_COATS-P5,1,25637.93
2026-09-19,ORD-000657,M_JEANS-P2,1,3903.7
2026-09-19,ORD-000658,W_OUTERWEAR_COATS-P2,3,17447.32
2026-09-19,ORD-000659,OTHER-ASSORTED,5,17835.15
2026-09-19,ORD-000660,M_OUTERWEAR_COATS-P2,7,37276.27
2026-09-19,ORD-000661,M_FASHION_HOODIES_SWEATSHIRTS-P2,7,22155.37
2026-09-19,ORD-000662,W_DRESSES-P2,1,2771.5
2026-09-19,ORD-000663,M_SWIM-P4,1,4542.92
2026-09-19,ORD-000664,W_JEANS-P4,7,62429.5
2026-09-19,ORD-000665,W_SWIM-P3,7,28267.03
2026-09-19,ORD-000666,M_FASHION_HOODIES_SWEATSHIRTS-P1,7,13920.53
2026-09-19,ORD-000667,W_SWIM-P5,3,30246.41
2026-09-19,ORD-000668,M_SWEATERS-P2,9,27108.59
2026-09-19,ORD-000669,W_INTIMATES-P1,8,5795.11
2026-09-19,ORD-000670,M_JEANS-P5,1,15288.89
2026-09-19,ORD-000671,M_FASHION_HOODIES_SWEATSHIRTS-P1,2,4235.07
2026-09-19,ORD-000672,W_OUTERWEAR_COATS-P4,2,21381.35
2026-09-19,ORD-000673,M_JEANS-P3,3,17706.95
2026-09-19,ORD-000674,M_PANTS-P3,4,15218.61
2026-09-19,ORD-000675,W_JEANS-P2,3,11661.2
2026-09-19,ORD-000676,M_SUITS_SPORT_COATS-P4,3,36432.65
2026-09-19,ORD-000677,M_JEANS-P1,5,13269.87
2026-09-19,ORD-000678,W_INTIMATES-P5,8,44344.53
2026-09-19,ORD-000679,W_SWIM-P4,5,30582.79
2026-09-19,ORD-000680,M_FASHION_HOODIES_SWEATSHIRTS-P4,1,4310.41
2026-09-19,ORD-000681,M_FASHION_HOODIES_SWEATSHIRTS-P1,2,3842.82
2026-09-19,ORD-000682,M_PANTS-P5,3,29025.2
2026-09-19,ORD-000683,W_OUTERWEAR_COATS-P3,8,66037.83
2026-09-19,ORD-000684,M_SUITS_SPORT_COATS-P1,6,12802.55
2026-09-19,ORD-000685,W_JEANS-P1,8,18598.43
2026-09-19,ORD-000686,M_OUTERWEAR_COATS-P1,3,10664.46
2026-09-19,ORD-000687,M_JEANS-P3,6,38285.42
2026-09-19,ORD-000688,M_OUTERWEAR_COATS-P1,7,22990.71
2026-09-19,ORD-000689,W_JEANS-P4,8,75712.5
2026-09-19,ORD-000690,W_JEANS-P5,6,80940.74
2026-09-19,ORD-000691,M_FASHION_HOODIES_SWEATSHIRTS-P4,6,29913.91
2026-09-19,ORD-000692,W_JEANS-P1,1,2466.37
2026-09-19,ORD-000693,W_DRESSES-P3,5,22562.61
2026-09-19,ORD-000694,W_SWIM-P1,4,6806.35
2026-09-19,ORD-000695,W_INTIMATES-P3,7,14873.22
2026-09-19,ORD-000696,W_SWIM-P2,4,12080.96
2026-09-19,ORD-000697,M_PANTS-P4,1,4824.43
2026-09-19,ORD-000698,M_PANTS-P3,7,25311.63
2026-09-19,ORD-000699,W_SWIM-P3,1,3930.28
2026-09-19,ORD-000700,M_JEANS-P5,3,44674.8
2026-09-19,ORD-000701,W_OUTERWEAR_COATS-P4,9,104109.71
2026-09-19,ORD-000702,W_SWIM-P3,8,31760.93
2026-09-19,ORD-000703,M_JEANS-P1,9,23592.07
2026-09-19,ORD-000704,W_OUTERWEAR_COATS-P1,7,18622.83
2026-09-19,ORD-000705,W_JEANS-P3,4,22709.3
2026-09-19,ORD-000706,M_FASHION_HOODIES_SWEATSHIRTS-P4,7,32673.06
2026-09-19,ORD-000707,M_OUTERWEAR_COATS-P4,5,58603.67
2026-09-19,ORD-000708,M_FASHION_HOODIES_SWEATSHIRTS-P1,7,13612.41
2026-09-19,ORD-000709,M_JEANS-P1,9,24583.12
2026-09-19,ORD-000710,W_JEANS-P4,2,16826.01
2026-09-19,ORD-000711,W_DRESSES-P2,9,26612.83
2026-09-19,ORD-000712,W_SWIM-P1,9,15168.35
2026-09-19,ORD-000713,M_SWIM-P3,4,13792.06
2026-09-19,ORD-000714,M_OUTERWEAR_COATS-P3,2,15404.91
2026-09-19,ORD-000715,W_INTIMATES-P4,5,14253.76
2026-09-19,ORD-000716,W_DRESSES-P1,6,6228.45
2026-09-19,ORD-000717,M_SWIM-P4,3,12375.7
2026-09-19,ORD-000718,W_SWIM-P4,8,44794.95
2026-09-19,ORD-000719,M_JEANS-P2,6,24481.33
2026-09-19,ORD-000720,W_JEANS-P5,2,26342.01
2026-09-19,ORD-000721,W_DRESSES-P3,1,4333.74
2026-09-19,ORD-000722,M_SWIM-P4,1,4015.32
2026-09-19,ORD-000723,M_OUTERWEAR_COATS-P4,8,93770.86
2026-09-19,ORD-000724,M_OUTERWEAR_COATS-P4,5,61886.79
2026-09-19,ORD-000725,M_PANTS-P3,7,25040.82
2026-09-19,ORD-000726,M_SWEATERS-P4,3,19286.49
2026-09-19,ORD-000727,M_FASHION_HOODIES_SWEATSHIRTS-P3,6,21981.93
2026-09-19,ORD-000728,M_OUTERWEAR_COATS-P2,7,37611.13
2026-09-19,ORD-000729,M_FASHION_HOODIES_SWEATSHIRTS-P4,1,4740.02
2026-09-19,ORD-000730,W_OUTERWEAR_COATS-P5,8,207376.77
2026-09-19,ORD-000731,W_OUTERWEAR_COATS-P4,2,23806.21
2026-09-19,ORD-000732,W_DRESSES-P5,7,117078.1
2026-09-19,ORD-000733,W_INTIMATES-P5,2,10705.73
2026-09-19,ORD-000734,W_DRESSES-P1,4,4320.78
2026-09-19,ORD-000735,W_SWIM-P3,9,36015.4
2026-09-19,ORD-000736,M_SWEATERS-P4,3,19680.65
2026-09-19,ORD-000737,M_PANTS-P1,4,6205.91
2026-09-19,ORD-000738,W_SWIM-P5,5,54361.66
2026-09-19,ORD-000739,M_FASHION_HOODIES_SWEATSHIRTS-P4,9,45118.83
2026-09-19,ORD-000740,W_OUTERWEAR_COATS-P3,1,7777.78
2026-09-19,ORD-000741,M_SWIM-P3,8,26933.6
2026-09-19,ORD-000742,M_JEANS-P5,6,96837.83
2026-09-19,ORD-000743,W_SWIM-P5,4,41695.7
2026-09-19,ORD-000744,M_PANTS-P5,8,74993.33
2026-09-19,ORD-000745,M_JEANS-P2,8,30989.06
2026-09-19,ORD-000746,M_PANTS-P2,7,18640.07
2026-09-19,ORD-000747,M_SWIM-P1,7,11786.97
2026-09-19,ORD-000748,M_PANTS-P1,3,5267.04
2026-09-19,ORD-000749,W_SWIM-P2,1,2856.77
2026-09-19,ORD-000750,W_SWIM-P3,4,17115.16
2026-09-19,ORD-000751,M_OUTERWEAR_COATS-P1,4,12255.23
2026-09-19,ORD-000752,W_DRESSES-P4,6,47429.46
2026-09-19,ORD-000753,M_JEANS-P4,8,83576.71
2026-09-19,ORD-000754,W_SWIM-P4,7,42337.62
2026-09-19,ORD-000755,W_DRESSES-P5,2,30990.98
2026-09-19,ORD-000756,M_SUITS_SPORT_COATS-P2,6,31307.88
2026-09-19,ORD-000757,M_SWIM-P1,2,3642.37
2026-09-19,ORD-000758,M_JEANS-P5,6,88537.16
2026-09-19,ORD-000759,M_FASHION_HOODIES_SWEATSHIRTS-P4,3,14589.1
2026-09-19,ORD-000760,OTHER-ASSORTED,3,9985.08
2026-09-19,ORD-000761,M_JEANS-P5,5,76331.14
2026-09-19,ORD-000762,M_PANTS-P1,3,4533.34
2026-09-19,ORD-000763,W_DRESSES-P1,5,5130.26
2026-09-19,ORD-000764,M_OUTERWEAR_COATS-P1,5,16460.74
2026-09-19,ORD-000765,M_SUITS_SPORT_COATS-P1,8,16948.75
2026-09-19,ORD-000766,M_JEANS-P3,3,19216.44
2026-09-19,ORD-000767,M_FASHION_HOODIES_SWEATSHIRTS-P4,4,18968.13
2026-09-19,ORD-000768,W_OUTERWEAR_COATS-P3,5,37946.55
2026-09-19,ORD-000769,W_JEANS-P3,4,25308.97
2026-09-19,ORD-000770,M_SWEATERS-P3,5,24972.14
2026-09-19,ORD-000771,W_SWIM-P4,4,21337.27
2026-09-19,ORD-000772,M_PANTS-P4,7,37123.9
2026-09-19,ORD-000773,M_FASHION_HOODIES_SWEATSHIRTS-P4,5,22075.12
2026-09-19,ORD-000774,W_DRESSES-P5,1,15468.72
2026-09-19,ORD-000775,M_SWIM-P3,6,21864.58
2026-09-19,ORD-000776,M_SWEATERS-P4,1,7030.7
2026-09-19,ORD-000777,W_SWIM-P5,9,87852.26
2026-09-19,ORD-000778,M_SUITS_SPORT_COATS-P4,7,75554.61
2026-09-19,ORD-000779,M_SWEATERS-P2,4,12426.46
2026-09-19,ORD-000780,M_OUTERWEAR_COATS-P2,3,18325.39
2026-09-19,ORD-000781,M_SWIM-P4,4,17844.91
2026-09-19,ORD-000782,M_OUTERWEAR_COATS-P3,2,17173.28
2026-09-19,ORD-000783,W_SWIM-P1,8,14508.67
2026-09-19,ORD-000784,M_OUTERWEAR_COATS-P2,4,21698.79
2026-09-19,ORD-000785,W_INTIMATES-P2,4,5731.97
2026-09-19,ORD-000786,M_OUTERWEAR_COATS-P3,1,7545.61
2026-09-19,ORD-000787,W_JEANS-P1,9,20705.85
2026-09-19,ORD-000788,W_JEANS-P1,1,2343.86
2026-09-19,ORD-000789,M_SUITS_SPORT_COATS-P3,6,42270.03
2026-09-19,ORD-000790,W_DRESSES-P5,8,116382.31
2026-09-19,ORD-000791,M_SWEATERS-P2,8,24231.69
2026-09-19,ORD-000792,W_INTIMATES-P2,5,6768.68
2026-09-19,ORD-000793,W_DRESSES-P1,6,5840.24
2026-09-19,ORD-000794,W_INTIMATES-P4,6,17726.83
2026-09-19,ORD-000795,W_OUTERWEAR_COATS-P4,1,10950.02
2026-09-19,ORD-000796,W_SWIM-P4,8,49355.93
2026-09-19,ORD-000797,M_FASHION_HOODIES_SWEATSHIRTS-P5,2,16203.62
2026-09-19,ORD-000798,M_PANTS-P1,6,10310.93
2026-09-19,ORD-000799,W_OUTERWEAR_COATS-P5,7,184181.79
2026-09-19,ORD-000800,W_SWIM-P2,1,2771.88
2026-09-19,ORD-000801,M_JEANS-P2,8,31644.74
2026-09-19,ORD-000802,M_FASHION_HOODIES_SWEATSHIRTS-P2,9,29610.02
2026-09-19,ORD-000803,M_JEANS-P4,1,9285.37
2026-09-19,ORD-000804,M_JEANS-P1,4,10599.28
2026-09-19,ORD-000805,M_OUTERWEAR_COATS-P1,2,6386.36
2026-09-19,ORD-000806,OTHER-ASSORTED,1,3091.92
2026-09-19,ORD-000807,W_SWIM-P4,4,21965.61
2026-09-19,ORD-000808,W_OUTERWEAR_COATS-P3,8,65102.66
2026-09-19,ORD-000809,W_INTIMATES-P4,8,21789.01
2026-09-19,ORD-000810,W_OUTERWEAR_COATS-P5,2,53849.36
2026-09-19,ORD-000811,M_FASHION_HOODIES_SWEATSHIRTS-P3,5,18066.37
2026-09-19,ORD-000812,M_SWIM-P2,9,25899.03
2026-09-19,ORD-000813,M_JEANS-P3,2,11107.39
2026-09-19,ORD-000814,W_SWIM-P1,3,5248.84
2026-09-19,ORD-000815,M_OUTERWEAR_COATS-P5,4,102368.71
2026-09-19,ORD-000816,W_DRESSES-P1,8,8791.47
2026-09-19,ORD-000817,M_OUTERWEAR_COATS-P1,1,3538.92
2026-09-19,ORD-000818,M_SUITS_SPORT_COATS-P5,7,151341.35
2026-09-19,ORD-000819,W_DRESSES-P3,9,36931.78
2026-09-19,ORD-000820,W_SWIM-P5,1,10593.63
2026-09-19,ORD-000821,M_SUITS_SPORT_COATS-P2,7,33142.08
2026-09-19,ORD-000822,M_SUITS_SPORT_COATS-P2,7,36641.8
2026-09-19,ORD-000823,W_DRESSES-P1,6,6666.26
2026-09-19,ORD-000824,W_OUTERWEAR_COATS-P4,9,93428.7
2026-09-19,ORD-000825,M_SWIM-P4,3,13917.11
2026-09-19,ORD-000826,W_SWIM-P4,6,32878.61
2026-09-19,ORD-000827,M_SWEATERS-P3,1,4504.89
2026-09-19,ORD-000828,M_SWIM-P4,3,11992.19
2026-09-19,ORD-000829,M_SWEATERS-P3,4,18453.26
2026-09-19,ORD-000830,M_FASHION_HOODIES_SWEATSHIRTS-P2,4,11764.31
2026-09-19,ORD-000831,M_SWEATERS-P1,8,15857.07
2026-09-19,ORD-000832,W_OUTERWEAR_COATS-P1,1,2582.45
2026-09-19,ORD-000833,W_INTIMATES-P1,5,4072.0
2026-09-19,ORD-000834,W_DRESSES-P4,5,37904.74
2026-09-19,ORD-000835,W_OUTERWEAR_COATS-P1,1,2857.96
2026-09-19,ORD-000836,M_PANTS-P2,2,5703.11
2026-09-19,ORD-000837,M_SWEATERS-P3,4,19831.79
2026-09-20,ORD-000838,M_JEANS-P3,5,28891.54
2026-09-20,ORD-000839,M_OUTERWEAR_COATS-P1,2,6108.33
2026-09-20,ORD-000840,W_SWIM-P3,9,39139.53
2026-09-20,ORD-000841,M_JEANS-P1,8,21098.12
2026-09-20,ORD-000842,W_SWIM-P4,3,16987.74
2026-09-20,ORD-000843,M_SWIM-P3,3,11617.05
2026-09-20,ORD-000844,W_SWIM-P3,7,28892.65
2026-09-20,ORD-000845,M_PANTS-P3,4,15951.98
2026-09-20,ORD-000846,W_JEANS-P2,9,31503.36
2026-09-20,ORD-000847,M_SWEATERS-P5,4,50588.66
2026-09-20,ORD-000848,M_OUTERWEAR_COATS-P3,9,75823.81
2026-09-20,ORD-000849,M_SWEATERS-P5,9,107373.96
2026-09-20,ORD-000850,M_SWIM-P1,8,15025.2
2026-09-20,ORD-000851,M_FASHION_HOODIES_SWEATSHIRTS-P2,4,12171.96
2026-09-20,ORD-000852,M_OUTERWEAR_COATS-P3,9,73805.24
2026-09-20,ORD-000853,W_DRESSES-P2,7,17820.07
2026-09-20,ORD-000854,M_SUITS_SPORT_COATS-P3,3,23267.87
2026-09-20,ORD-000855,M_PANTS-P1,6,9943.66
2026-09-20,ORD-000856,M_SWIM-P2,5,13287.1
2026-09-20,ORD-000857,M_OUTERWEAR_COATS-P4,5,53477.41
2026-09-20,ORD-000858,M_FASHION_HOODIES_SWEATSHIRTS-P2,3,9471.23
2026-09-20,ORD-000859,W_DRESSES-P3,6,26427.79
2026-09-20,ORD-000860,M_FASHION_HOODIES_SWEATSHIRTS-P4,9,41459.85
2026-09-20,ORD-000861,M_SWEATERS-P4,6,41819.05
2026-09-20,ORD-000862,M_JEANS-P2,9,34268.15
2026-09-20,ORD-000863,W_INTIMATES-P3,3,6179.88
2026-09-20,ORD-000864,W_INTIMATES-P2,6,7968.91
2026-09-20,ORD-000865,M_OUTERWEAR_COATS-P3,5,42880.17
2026-09-20,ORD-000866,M_SWIM-P4,2,8961.66
2026-09-20,ORD-000867,W_JEANS-P2,8,27913.03
2026-09-20,ORD-000868,W_DRESSES-P5,3,46177.81
2026-09-20,ORD-000869,M_JEANS-P2,1,3931.5
2026-09-20,ORD-000870,OTHER-ASSORTED,2,6723.13
2026-09-20,ORD-000871,W_DRESSES-P1,3,3122.41
2026-09-20,ORD-000872,W_JEANS-P5,5,74248.0
2026-09-20,ORD-000873,W_DRESSES-P3,2,8719.15
2026-09-20,ORD-000874,M_SWEATERS-P4,8,51736.91
2026-09-20,ORD-000875,M_SUITS_SPORT_COATS-P3,5,35661.29
2026-09-20,ORD-000876,M_SWIM-P4,9,39395.92
2026-09-20,ORD-000877,W_INTIMATES-P1,6,4189.04
2026-09-20,ORD-000878,W_JEANS-P2,8,28458.07
2026-09-20,ORD-000879,M_PANTS-P5,3,27123.92
2026-09-20,ORD-000880,W_OUTERWEAR_COATS-P1,3,8312.48
2026-09-20,ORD-000881,M_SUITS_SPORT_COATS-P5,4,79219.82
2026-09-20,ORD-000882,W_SWIM-P3,6,23726.51
2026-09-20,ORD-000883,W_OUTERWEAR_COATS-P3,4,34920.04
2026-09-20,ORD-000884,M_OUTERWEAR_COATS-P4,7,86177.38
2026-09-20,ORD-000885,M_FASHION_HOODIES_SWEATSHIRTS-P1,1,1809.35
2026-09-20,ORD-000886,W_DRESSES-P1,8,8159.32
2026-09-20,ORD-000887,M_SWIM-P5,5,30939.91
2026-09-20,ORD-000888,M_SWEATERS-P3,9,43751.08
2026-09-20,ORD-000889,W_JEANS-P1,7,16053.55
2026-09-20,ORD-000890,M_SUITS_SPORT_COATS-P3,1,7428.56
2026-09-20,ORD-000891,M_SUITS_SPORT_COATS-P3,8,62891.18
2026-09-20,ORD-000892,W_INTIMATES-P3,2,4195.9
2026-09-20,ORD-000893,M_JEANS-P2,7,27351.89
2026-09-20,ORD-000894,M_SWEATERS-P1,9,18702.53
2026-09-20,ORD-000895,M_JEANS-P5,4,66732.64
2026-09-20,ORD-000896,M_SWIM-P2,7,19104.36
2026-09-20,ORD-000897,W_DRESSES-P4,6,45958.3
2026-09-20,ORD-000898,W_JEANS-P2,2,6859.07
2026-09-20,ORD-000899,M_SUITS_SPORT_COATS-P1,6,12861.75
2026-09-20,ORD-000900,W_OUTERWEAR_COATS-P2,5,27804.95
2026-09-20,ORD-000901,M_JEANS-P3,5,30592.64
2026-09-20,ORD-000902,W_OUTERWEAR_COATS-P2,9,53192.42
2026-09-20,ORD-000903,M_SWEATERS-P2,3,9720.99
2026-09-20,ORD-000904,W_OUTERWEAR_COATS-P2,9,47497.61
2026-09-20,ORD-000905,W_SWIM-P2,4,11319.95
2026-09-20,ORD-000906,M_FASHION_HOODIES_SWEATSHIRTS-P4,2,9158.69
2026-09-20,ORD-000907,W_DRESSES-P5,1,16122.23
2026-09-20,ORD-000908,M_FASHION_HOODIES_SWEATSHIRTS-P1,1,1894.43
2026-09-20,ORD-000909,W_INTIMATES-P4,9,24077.13
2026-09-20,ORD-000910,M_PANTS-P5,7,66507.43
2026-09-20,ORD-000911,W_DRESSES-P2,1,2850.65
2026-09-20,ORD-000912,M_OUTERWEAR_COATS-P3,3,24405.12
2026-09-20,ORD-000913,OTHER-ASSORTED,5,17859.63
2026-09-20,ORD-000914,W_SWIM-P2,9,25912.13
2026-09-20,ORD-000915,M_JEANS-P5,4,60990.59
2026-09-20,ORD-000916,M_JEANS-P3,3,16766.11
2026-09-20,ORD-000917,W_JEANS-P3,9,49301.73
2026-09-20,ORD-000918,M_JEANS-P2,2,7542.05
2026-09-20,ORD-000919,M_SWIM-P4,8,36334.05
2026-09-20,ORD-000920,W_DRESSES-P4,7,54619.48
2026-09-20,ORD-000921,M_FASHION_HOODIES_SWEATSHIRTS-P4,1,4840.09
2026-09-20,ORD-000922,W_DRESSES-P2,6,15642.5
2026-09-20,ORD-000923,M_PANTS-P1,6,9479.43
2026-09-20,ORD-000924,M_FASHION_HOODIES_SWEATSHIRTS-P3,5,19700.66
2026-09-20,ORD-000925,W_OUTERWEAR_COATS-P4,2,21872.73
2026-09-20,ORD-000926,M_SWEATERS-P4,7,43157.51
2026-09-20,ORD-000927,M_OUTERWEAR_COATS-P5,7,193040.65
2026-09-20,ORD-000928,M_FASHION_HOODIES_SWEATSHIRTS-P3,8,28552.13
2026-09-20,ORD-000929,M_PANTS-P1,4,6261.79
2026-09-20,ORD-000930,M_OUTERWEAR_COATS-P1,3,9584.32
2026-09-20,ORD-000931,W_SWIM-P2,8,22221.75
2026-09-20,ORD-000932,W_DRESSES-P3,5,23962.16
2026-09-20,ORD-000933,M_SWIM-P2,2,5276.13
2026-09-20,ORD-000934,M_SUITS_SPORT_COATS-P5,4,83863.04
2026-09-20,ORD-000935,M_SWEATERS-P1,8,14269.29
2026-09-20,ORD-000936,W_OUTERWEAR_COATS-P5,4,96732.81
2026-09-20,ORD-000937,M_OUTERWEAR_COATS-P1,6,19381.55
2026-09-20,ORD-000938,M_FASHION_HOODIES_SWEATSHIRTS-P1,5,9618.66
2026-09-20,ORD-000939,M_SUITS_SPORT_COATS-P4,2,22741.27
2026-09-20,ORD-000940,W_OUTERWEAR_COATS-P5,7,176853.76
2026-09-20,ORD-000941,W_INTIMATES-P1,2,1639.85
2026-09-20,ORD-000942,M_SWEATERS-P3,6,27907.33
2026-09-20,ORD-000943,M_SUITS_SPORT_COATS-P5,4,84626.33
2026-09-20,ORD-000944,M_SUITS_SPORT_COATS-P3,4,28934.07
2026-09-20,ORD-000945,M_PANTS-P3,1,3734.34
2026-09-20,ORD-000946,M_JEANS-P5,4,64049.28
2026-09-20,ORD-000947,M_JEANS-P1,4,9990.72
2026-09-20,ORD-000948,W_OUTERWEAR_COATS-P3,3,24544.19
2026-09-20,ORD-000949,M_SWEATERS-P5,4,46526.9
2026-09-20,ORD-000950,M_SUITS_SPORT_COATS-P3,4,30340.47
2026-09-20,ORD-000951,M_SUITS_SPORT_COATS-P5,4,82205.2
2026-09-20,ORD-000952,M_SWIM-P1,9,15251.14
2026-09-20,ORD-000953,W_OUTERWEAR_COATS-P4,8,92401.5
2026-09-20,ORD-000954,W_SWIM-P5,5,51432.99
2026-09-20,ORD-000955,M_SWEATERS-P4,6,40465.43
2026-09-20,ORD-000956,M_SWEATERS-P1,9,16608.95
2026-09-20,ORD-000957,W_OUTERWEAR_COATS-P5,2,53507.62
2026-09-20,ORD-000958,M_JEANS-P1,9,24760.57
2026-09-20,ORD-000959,W_JEANS-P2,7,23402.01
2026-09-20,ORD-000960,W_INTIMATES-P5,3,16208.95
2026-09-20,ORD-000961,M_SUITS_SPORT_COATS-P5,2,43936.54
2026-09-20,ORD-000962,W_JEANS-P4,4,34172.62
2026-09-20,ORD-000963,W_INTIMATES-P2,2,2622.08
2026-09-20,ORD-000964,W_SWIM-P3,6,25698.68
2026-09-20,ORD-000965,W_JEANS-P3,5,27813.37
2026-09-20,ORD-000966,W_INTIMATES-P5,5,25972.9
2026-09-20,ORD-000967,M_PANTS-P4,3,15711.78
2026-09-20,ORD-000968,M_SWEATERS-P1,5,9460.11
2026-09-20,ORD-000969,W_OUTERWEAR_COATS-P4,8,93901.33
2026-09-20,ORD-000970,W_SWIM-P1,3,5594.04
2026-09-20,ORD-000971,M_OUTERWEAR_COATS-P2,1,5646.91
2026-09-20,ORD-000972,W_OUTERWEAR_COATS-P1,6,17924.29
2026-09-20,ORD-000973,M_FASHION_HOODIES_SWEATSHIRTS-P2,8,23986.15
2026-09-20,ORD-000974,W_OUTERWEAR_COATS-P4,7,76596.94
2026-09-20,ORD-000975,W_DRESSES-P5,2,29573.75
2026-09-20,ORD-000976,M_JEANS-P3,5,31699.75
2026-09-20,ORD-000977,W_JEANS-P1,4,9679.53
2026-09-20,ORD-000978,M_FASHION_HOODIES_SWEATSHIRTS-P3,7,24917.12
2026-09-20,ORD-000979,M_OUTERWEAR_COATS-P1,7,21911.99
2026-09-20,ORD-000980,M_PANTS-P5,3,26418.51
2026-09-20,ORD-000981,M_FASHION_HOODIES_SWEATSHIRTS-P3,9,33612.42
2026-09-20,ORD-000982,W_DRESSES-P5,3,47367.78
2026-09-20,ORD-000983,M_OUTERWEAR_COATS-P5,8,225503.82
2026-09-20,ORD-000984,M_PANTS-P2,7,20460.43
2026-09-20,ORD-000985,W_DRESSES-P1,6,6794.27
2026-09-20,ORD-000986,M_JEANS-P3,5,31642.04
2026-09-20,ORD-000987,W_SWIM-P1,1,1875.57
2026-09-20,ORD-000988,W_INTIMATES-P3,2,3854.09
2026-09-20,ORD-000989,M_SUITS_SPORT_COATS-P1,4,8306.68
2026-09-20,ORD-000990,M_SUITS_SPORT_COATS-P3,2,14422.08
2026-09-20,ORD-000991,W_JEANS-P2,7,27530.15
2026-09-20,ORD-000992,W_DRESSES-P4,4,28596.96
2026-09-20,ORD-000993,M_JEANS-P1,6,16753.93
2026-09-20,ORD-000994,M_SWEATERS-P3,8,39535.91
2026-09-20,ORD-000995,W_INTIMATES-P4,9,27310.68
2026-09-20,ORD-000996,W_OUTERWEAR_COATS-P3,8,64947.74
2026-09-20,ORD-000997,W_INTIMATES-P3,4,8256.09
2026-09-20,ORD-000998,M_SWIM-P3,3,10893.38
2026-09-20,ORD-000999,M_OUTERWEAR_COATS-P3,1,8754.85
2026-09-20,ORD-001000,W_OUTERWEAR_COATS-P2,9,47944.62
2026-09-20,ORD-001001,M_SWIM-P5,3,19896.04
2026-09-20,ORD-001002,W_DRESSES-P5,4,62941.13
2026-09-20,ORD-001003,M_PANTS-P1,1,1550.36
2026-09-20,ORD-001004,M_SUITS_SPORT_COATS-P3,7,47691.75
2026-09-20,ORD-001005,W_DRESSES-P5,5,73352.33
2026-09-20,ORD-001006,W_INTIMATES-P3,8,17189.99
2026-09-20,ORD-001007,M_PANTS-P1,4,6022.94
2026-09-20,ORD-001008,W_INTIMATES-P4,8,21907.3
2026-09-20,ORD-001009,W_INTIMATES-P1,6,4718.12
2026-09-20,ORD-001010,M_JEANS-P4,3,29534.34
2026-09-20,ORD-001011,M_PANTS-P1,6,10063.76
2026-09-20,ORD-001012,M_JEANS-P3,9,52694.23
2026-09-20,ORD-001013,W_SWIM-P5,3,31272.47
2026-09-20,ORD-001014,M_JEANS-P5,8,130871.46
2026-09-20,ORD-001015,M_SWEATERS-P1,4,7254.29
2026-09-20,ORD-001016,M_PANTS-P4,1,4856.9
2026-09-20,ORD-001017,M_OUTERWEAR_COATS-P4,1,10702.11
2026-09-20,ORD-001018,M_PANTS-P3,5,18207.79
2026-09-20,ORD-001019,W_INTIMATES-P4,5,14462.07
2026-09-20,ORD-001020,M_JEANS-P3,3,17266.11
2026-09-20,ORD-001021,M_SWEATERS-P5,6,71406.54
2026-09-20,ORD-001022,OTHER-ASSORTED,2,6213.3
2026-09-20,ORD-001023,M_SWEATERS-P5,8,91809.14
2026-09-20,ORD-001024,W_INTIMATES-P5,6,36174.13
2026-09-20,ORD-001025,W_DRESSES-P1,5,4930.65
2026-09-20,ORD-001026,M_SWIM-P2,7,19260.19
2026-09-20,ORD-001027,W_JEANS-P5,9,122031.43
2026-09-20,ORD-001028,M_SUITS_SPORT_COATS-P3,2,14979.15
2026-09-20,ORD-001029,W_DRESSES-P5,5,80105.04
2026-09-20,ORD-001030,M_JEANS-P1,3,8117.14
2026-09-20,ORD-001031,M_FASHION_HOODIES_SWEATSHIRTS-P2,7,23158.83
2026-09-20,ORD-001032,M_PANTS-P4,6,28267.47
2026-09-20,ORD-001033,W_DRESSES-P5,9,148728.18
2026-09-20,ORD-001034,W_SWIM-P4,3,16016.22
2026-09-20,ORD-001035,W_JEANS-P1,5,12157.64
2026-09-20,ORD-001036,M_SUITS_SPORT_COATS-P1,7,13157.07
2026-09-20,ORD-001037,W_OUTERWEAR_COATS-P2,6,32292.08
2026-09-20,ORD-001038,M_SUITS_SPORT_COATS-P4,3,35382.62
2026-09-20,ORD-001039,M_SUITS_SPORT_COATS-P4,5,55916.02
2026-09-20,ORD-001040,M_FASHION_HOODIES_SWEATSHIRTS-P3,2,7800.33
2026-09-20,ORD-001041,W_DRESSES-P5,7,116767.32
2026-09-20,ORD-001042,W_SWIM-P5,4,40457.03
2026-09-20,ORD-001043,M_SWIM-P2,3,8957.53
2026-09-20,ORD-001044,W_DRESSES-P3,2,8364.68
2026-09-20,ORD-001045,M_OUTERWEAR_COATS-P5,3,76654.53
2026-09-20,ORD-001046,W_DRESSES-P5,7,101822.27
2026-09-20,ORD-001047,M_FASHION_HOODIES_SWEATSHIRTS-P3,8,30749.0
2026-09-20,ORD-001048,M_OUTERWEAR_COATS-P4,6,63544.3
2026-09-20,ORD-001049,W_OUTERWEAR_COATS-P3,9,72048.67
2026-09-20,ORD-001050,M_PANTS-P4,2,10215.79
2026-09-20,ORD-001051,M_SWIM-P3,7,27129.63
2026-09-20,ORD-001052,M_FASHION_HOODIES_SWEATSHIRTS-P5,8,60942.12
2026-09-20,ORD-001053,W_OUTERWEAR_COATS-P2,3,17775.05
2026-09-20,ORD-001054,M_OUTERWEAR_COATS-P1,7,22289.72
2026-09-20,ORD-001055,M_SWEATERS-P4,6,40686.96
2026-09-20,ORD-001056,M_SWIM-P1,2,3591.3
2026-09-20,ORD-001057,M_SWIM-P4,8,34053.63
2026-09-20,ORD-001058,M_SWIM-P5,3,19911.36
2026-09-20,ORD-001059,W_DRESSES-P3,2,9362.82
2026-09-20,ORD-001060,M_FASHION_HOODIES_SWEATSHIRTS-P4,6,28684.5
2026-09-20,ORD-001061,M_PANTS-P5,7,67673.92
2026-09-20,ORD-001062,M_SWIM-P1,3,5168.75
2026-09-20,ORD-001063,M_SUITS_SPORT_COATS-P2,9,47425.06
2026-09-20,ORD-001064,M_FASHION_HOODIES_SWEATSHIRTS-P2,4,11938.65
2026-09-20,ORD-001065,W_JEANS-P2,8,29970.13
2026-09-20,ORD-001066,M_JEANS-P5,6,93723.74
2026-09-20,ORD-001067,W_SWIM-P5,7,69203.77
2026-09-20,ORD-001068,M_PANTS-P1,8,12905.35
2026-09-20,ORD-001069,M_JEANS-P3,4,22449.15
2026-09-20,ORD-001070,W_SWIM-P1,4,7006.04
2026-09-20,ORD-001071,M_JEANS-P3,4,25159.0
2026-09-20,ORD-001072,M_PANTS-P2,2,5386.12
2026-09-20,ORD-001073,W_INTIMATES-P2,5,7314.39
2026-09-20,ORD-001074,M_OUTERWEAR_COATS-P5,9,243086.77
2026-09-20,ORD-001075,M_SWIM-P5,2,12782.14
2026-09-20,ORD-001076,W_SWIM-P3,2,8629.54
2026-09-20,ORD-001077,W_INTIMATES-P3,2,4388.53
2026-09-20,ORD-001078,M_JEANS-P4,9,88061.66
2026-09-20,ORD-001079,W_INTIMATES-P5,2,11396.64
2026-09-20,ORD-001080,W_JEANS-P1,9,19627.24
2026-09-20,ORD-001081,W_OUTERWEAR_COATS-P3,7,57168.25
2026-09-20,ORD-001082,M_OUTERWEAR_COATS-P3,8,68104.03
2026-09-20,ORD-001083,M_JEANS-P4,6,60908.88
2026-09-20,ORD-001084,M_FASHION_HOODIES_SWEATSHIRTS-P4,7,31414.93
2026-09-20,ORD-001085,M_SUITS_SPORT_COATS-P4,1,10743.78
2026-09-20,ORD-001086,W_DRESSES-P3,4,17677.35
2026-09-20,ORD-001087,M_JEANS-P3,3,17568.74
2026-09-20,ORD-001088,W_SWIM-P1,2,3545.57
2026-09-20,ORD-001089,W_OUTERWEAR_COATS-P5,4,105014.18
2026-09-20,ORD-001090,W_SWIM-P3,6,23087.88
2026-09-20,ORD-001091,W_JEANS-P2,6,22889.15
2026-09-20,ORD-001092,W_JEANS-P2,1,3827.95
2026-09-20,ORD-001093,M_JEANS-P3,4,23214.45
2026-09-20,ORD-001094,W_JEANS-P2,9,35121.71
2026-09-20,ORD-001095,W_JEANS-P1,8,17262.88
2026-09-20,ORD-001096,W_DRESSES-P3,6,24905.03
2026-09-20,ORD-001097,OTHER-ASSORTED,6,21201.22
2026-09-20,ORD-001098,M_JEANS-P3,1,6352.54
2026-09-20,ORD-001099,W_INTIMATES-P3,4,8012.75
2026-09-20,ORD-001100,M_OUTERWEAR_COATS-P3,8,59880.27
2026-09-20,ORD-001101,W_DRESSES-P2,8,20743.84
2026-09-20,ORD-001102,M_FASHION_HOODIES_SWEATSHIRTS-P2,8,23406.95
2026-09-20,ORD-001103,W_OUTERWEAR_COATS-P1,5,13266.43
2026-09-20,ORD-001104,OTHER-ASSORTED,5,17866.98
2026-09-20,ORD-001105,W_INTIMATES-P2,7,10450.91
2026-09-20,ORD-001106,W_DRESSES-P2,5,13951.99
2026-09-20,ORD-001107,W_INTIMATES-P4,5,15686.46
2026-09-20,ORD-001108,M_FASHION_HOODIES_SWEATSHIRTS-P1,1,1906.12
2026-09-20,ORD-001109,M_JEANS-P5,8,123862.95
2026-09-20,ORD-001110,W_OUTERWEAR_COATS-P5,1,27287.62
2026-09-20,ORD-001111,M_FASHION_HOODIES_SWEATSHIRTS-P3,2,7303.13
2026-09-20,ORD-001112,W_OUTERWEAR_COATS-P2,7,41077.72
2026-09-20,ORD-001113,M_OUTERWEAR_COATS-P1,8,25905.76
2026-09-20,ORD-001114,W_OUTERWEAR_COATS-P5,9,217194.96
2026-09-20,ORD-001115,M_SUITS_SPORT_COATS-P2,9,42431.59
2026-09-20,ORD-001116,W_SWIM-P2,3,8745.53
2026-09-20,ORD-001117,M_FASHION_HOODIES_SWEATSHIRTS-P3,4,14573.79
2026-09-21,ORD-001118,W_JEANS-P1,8,18164.74
2026-09-21,ORD-001119,M_SWEATERS-P5,7,92684.63
2026-09-21,ORD-001120,M_SUITS_SPORT_COATS-P1,1,1929.79
2026-09-21,ORD-001121,M_SWIM-P1,6,10207.18
2026-09-21,ORD-001122,M_PANTS-P1,8,13961.76
2026-09-21,ORD-001123,W_DRESSES-P3,1,4546.98
2026-09-21,ORD-001124,W_JEANS-P1,3,6742.81
2026-09-21,ORD-001125,M_PANTS-P3,2,7672.6
2026-09-21,ORD-001126,M_PANTS-P2,6,17248.38
2026-09-21,ORD-001127,M_SWIM-P4,3,13991.46
2026-09-21,ORD-001128,M_FASHION_HOODIES_SWEATSHIRTS-P3,9,37054.91
2026-09-21,ORD-001129,M_JEANS-P2,4,16699.66
2026-09-21,ORD-001130,W_DRESSES-P5,2,30522.77
2026-09-21,ORD-001131,M_PANTS-P4,4,21135.69
2026-09-21,ORD-001132,W_SWIM-P5,3,31294.4
2026-09-21,ORD-001133,M_PANTS-P5,6,56079.04
2026-09-21,ORD-001134,M_SWIM-P3,4,14185.35
2026-09-21,ORD-001135,OTHER-ASSORTED,7,22886.09
2026-09-21,ORD-001136,W_INTIMATES-P5,6,34443.31
2026-09-21,ORD-001137,W_SWIM-P1,8,13908.69
2026-09-21,ORD-001138,W_SWIM-P2,4,12084.3
2026-09-21,ORD-001139,M_SUITS_SPORT_COATS-P3,3,20597.71
2026-09-21,ORD-001140,M_FASHION_HOODIES_SWEATSHIRTS-P1,8,15413.36
2026-09-21,ORD-001141,M_SWEATERS-P1,5,10392.03
2026-09-21,ORD-001142,W_DRESSES-P2,2,5214.06
2026-09-21,ORD-001143,W_JEANS-P1,5,11197.78
2026-09-21,ORD-001144,W_DRESSES-P1,9,9750.77
2026-09-21,ORD-001145,M_SUITS_SPORT_COATS-P2,2,10598.83
2026-09-21,ORD-001146,W_DRESSES-P2,2,5624.0
2026-09-21,ORD-001147,M_PANTS-P5,6,58319.33
2026-09-21,ORD-001148,M_SUITS_SPORT_COATS-P3,7,53085.0
2026-09-21,ORD-001149,W_SWIM-P4,2,12089.44
2026-09-21,ORD-001150,M_SUITS_SPORT_COATS-P1,3,5729.87
2026-09-21,ORD-001151,M_PANTS-P2,9,23532.54
2026-09-21,ORD-001152,M_OUTERWEAR_COATS-P1,5,15758.66
2026-09-21,ORD-001153,M_FASHION_HOODIES_SWEATSHIRTS-P2,4,11571.85
2026-09-21,ORD-001154,M_SWEATERS-P4,4,28587.02
2026-09-21,ORD-001155,M_PANTS-P4,9,45869.57
2026-09-21,ORD-001156,M_OUTERWEAR_COATS-P3,4,33827.84
2026-09-21,ORD-001157,M_JEANS-P4,1,9018.32
2026-09-21,ORD-001158,W_OUTERWEAR_COATS-P1,6,17423.11
2026-09-21,ORD-001159,M_FASHION_HOODIES_SWEATSHIRTS-P1,4,7530.34
2026-09-21,ORD-001160,W_INTIMATES-P1,1,778.93
2026-09-21,ORD-001161,W_SWIM-P4,1,5444.24
2026-09-21,ORD-001162,M_SUITS_SPORT_COATS-P1,1,2034.04
2026-09-21,ORD-001163,M_SWEATERS-P1,6,10998.47
2026-09-21,ORD-001164,W_OUTERWEAR_COATS-P5,7,190885.58
2026-09-21,ORD-001165,M_JEANS-P1,6,16308.76
2026-09-21,ORD-001166,W_DRESSES-P3,7,29877.34
2026-09-21,ORD-001167,M_SWEATERS-P5,1,11355.75
2026-09-21,ORD-001168,M_SUITS_SPORT_COATS-P1,6,11021.0
2026-09-21,ORD-001169,W_DRESSES-P4,6,41966.41
2026-09-21,ORD-001170,M_FASHION_HOODIES_SWEATSHIRTS-P2,3,8935.1
2026-09-21,ORD-001171,M_SWIM-P4,2,8411.55
2026-09-21,ORD-001172,M_SUITS_SPORT_COATS-P4,7,79719.21
2026-09-21,ORD-001173,W_INTIMATES-P3,9,17709.82
2026-09-21,ORD-001174,W_DRESSES-P3,6,25488.28
2026-09-21,ORD-001175,W_DRESSES-P4,5,39056.54
2026-09-21,ORD-001176,M_SWIM-P1,1,1865.35
2026-09-21,ORD-001177,M_PANTS-P5,9,87342.41
2026-09-21,ORD-001178,M_SWEATERS-P5,9,106900.61
2026-09-21,ORD-001179,M_SWIM-P4,9,41641.36
2026-09-21,ORD-001180,M_JEANS-P4,5,44520.29
2026-09-21,ORD-001181,M_SWIM-P1,2,3658.62
2026-09-21,ORD-001182,W_JEANS-P4,6,49749.39
2026-09-21,ORD-001183,W_DRESSES-P5,4,61442.77
2026-09-21,ORD-001184,M_JEANS-P1,1,2652.24
2026-09-21,ORD-001185,M_JEANS-P3,1,5972.82
2026-09-21,ORD-001186,M_OUTERWEAR_COATS-P4,9,108814.86
2026-09-21,ORD-001187,M_PANTS-P2,6,17730.3
2026-09-21,ORD-001188,W_SWIM-P2,3,9152.21
2026-09-21,ORD-001189,W_OUTERWEAR_COATS-P4,3,33822.35
2026-09-21,ORD-001190,M_SUITS_SPORT_COATS-P3,4,28963.39
2026-09-21,ORD-001191,W_OUTERWEAR_COATS-P5,8,197843.04
2026-09-21,ORD-001192,W_SWIM-P3,6,26091.42
2026-09-21,ORD-001193,M_SUITS_SPORT_COATS-P5,8,161981.27
2026-09-21,ORD-001194,W_JEANS-P5,1,13057.75
2026-09-21,ORD-001195,W_JEANS-P1,1,2166.45
2026-09-21,ORD-001196,W_INTIMATES-P1,7,5483.18
2026-09-21,ORD-001197,M_SUITS_SPORT_COATS-P3,1,6979.26
2026-09-21,ORD-001198,M_SUITS_SPORT_COATS-P5,7,159078.01
2026-09-21,ORD-001199,M_SUITS_SPORT_COATS-P5,4,78403.7
2026-09-21,ORD-001200,M_FASHION_HOODIES_SWEATSHIRTS-P2,5,16200.19
2026-09-21,ORD-001201,M_PANTS-P1,4,6406.41
2026-09-21,ORD-001202,M_SUITS_SPORT_COATS-P1,7,14223.76
2026-09-21,ORD-001203,M_PANTS-P5,8,68471.9
2026-09-21,ORD-001204,W_DRESSES-P1,3,3153.96
2026-09-21,ORD-001205,W_SWIM-P4,5,30778.1
2026-09-21,ORD-001206,M_JEANS-P4,5,46744.19
2026-09-21,ORD-001207,M_SUITS_SPORT_COATS-P2,1,4937.98
2026-09-21,ORD-001208,W_SWIM-P2,4,10837.3
2026-09-21,ORD-001209,W_INTIMATES-P3,8,15906.36
2026-09-21,ORD-001210,M_FASHION_HOODIES_SWEATSHIRTS-P4,4,19885.29
2026-09-21,ORD-001211,W_JEANS-P2,6,20122.64
2026-09-21,ORD-001212,W_JEANS-P4,8,66706.9
2026-09-21,ORD-001213,W_OUTERWEAR_COATS-P5,3,84401.76
2026-09-21,ORD-001214,M_PANTS-P5,1,9445.13
2026-09-21,ORD-001215,M_JEANS-P5,1,14527.22
2026-09-21,ORD-001216,M_PANTS-P5,3,26969.2
2026-09-21,ORD-001217,M_SUITS_SPORT_COATS-P3,2,15240.92
2026-09-21,ORD-001218,M_SWEATERS-P5,7,80423.59
2026-09-21,ORD-001219,M_SUITS_SPORT_COATS-P2,7,36867.85
2026-09-21,ORD-001220,W_SWIM-P2,1,2913.27
2026-09-21,ORD-001221,M_OUTERWEAR_COATS-P3,1,7507.66
2026-09-21,ORD-001222,M_SWIM-P3,4,14732.61
2026-09-21,ORD-001223,W_INTIMATES-P4,2,6059.16
2026-09-21,ORD-001224,M_FASHION_HOODIES_SWEATSHIRTS-P4,6,26113.43
2026-09-21,ORD-001225,M_JEANS-P3,2,12768.31
2026-09-21,ORD-001226,M_JEANS-P4,9,86274.91
2026-09-21,ORD-001227,M_OUTERWEAR_COATS-P2,4,23822.12
2026-09-21,ORD-001228,M_JEANS-P5,9,139321.39
2026-09-21,ORD-001229,M_JEANS-P3,9,52058.62
2026-09-21,ORD-001230,M_SWIM-P2,2,5374.56
2026-09-21,ORD-001231,M_OUTERWEAR_COATS-P4,4,48006.08
2026-09-21,ORD-001232,M_PANTS-P3,3,10573.8
2026-09-21,ORD-001233,M_PANTS-P3,2,8272.26
2026-09-21,ORD-001234,M_OUTERWEAR_COATS-P3,9,67691.5
2026-09-21,ORD-001235,W_JEANS-P5,9,135315.37
2026-09-21,ORD-001236,M_PANTS-P3,1,3724.24
2026-09-21,ORD-001237,M_FASHION_HOODIES_SWEATSHIRTS-P3,8,31082.9
2026-09-21,ORD-001238,OTHER-ASSORTED,6,20820.01
2026-09-21,ORD-001239,W_OUTERWEAR_COATS-P5,5,127704.43
2026-09-21,ORD-001240,M_SUITS_SPORT_COATS-P1,9,17618.5
2026-09-21,ORD-001241,M_JEANS-P5,7,113086.55
2026-09-21,ORD-001242,W_SWIM-P1,7,12781.67
2026-09-21,ORD-001243,W_SWIM-P2,1,2746.63
2026-09-21,ORD-001244,M_SWIM-P3,5,18777.94
2026-09-21,ORD-001245,W_JEANS-P1,7,17702.42
2026-09-21,ORD-001246,W_OUTERWEAR_COATS-P2,4,22805.09
2026-09-21,ORD-001247,M_JEANS-P1,1,2775.85
2026-09-21,ORD-001248,M_FASHION_HOODIES_SWEATSHIRTS-P4,7,33933.64
2026-09-21,ORD-001249,M_SUITS_SPORT_COATS-P1,8,16006.25
2026-09-21,ORD-001250,M_SUITS_SPORT_COATS-P1,8,17130.87
2026-09-21,ORD-001251,M_FASHION_HOODIES_SWEATSHIRTS-P1,8,16309.09
2026-09-21,ORD-001252,W_OUTERWEAR_COATS-P4,8,89916.59
2026-09-21,ORD-001253,W_DRESSES-P2,9,27021.92
2026-09-21,ORD-001254,M_PANTS-P1,7,11212.95
2026-09-21,ORD-001255,M_FASHION_HOODIES_SWEATSHIRTS-P5,7,62743.06
2026-09-21,ORD-001256,M_PANTS-P3,6,21366.68
2026-09-21,ORD-001257,W_OUTERWEAR_COATS-P1,9,25903.26
2026-09-21,ORD-001258,W_SWIM-P4,5,27461.12
2026-09-21,ORD-001259,W_OUTERWEAR_COATS-P3,8,68741.65
2026-09-21,ORD-001260,M_SUITS_SPORT_COATS-P3,9,66799.34
2026-09-21,ORD-001261,W_DRESSES-P1,4,4574.61
2026-09-21,ORD-001262,M_FASHION_HOODIES_SWEATSHIRTS-P5,9,73008.66
2026-09-21,ORD-001263,M_OUTERWEAR_COATS-P4,9,98215.09
2026-09-21,ORD-001264,M_SUITS_SPORT_COATS-P4,4,48137.55
2026-09-21,ORD-001265,M_JEANS-P5,8,117137.71
2026-09-21,ORD-001266,W_SWIM-P5,1,9821.71
2026-09-21,ORD-001267,M_SUITS_SPORT_COATS-P4,7,76686.25
2026-09-21,ORD-001268,M_JEANS-P5,5,75771.9
2026-09-21,ORD-001269,M_SUITS_SPORT_COATS-P4,6,72080.76
2026-09-21,ORD-001270,M_SWIM-P4,9,37491.66
2026-09-21,ORD-001271,W_INTIMATES-P2,2,2720.11
2026-09-21,ORD-001272,M_PANTS-P4,8,41085.83
2026-09-21,ORD-001273,M_SWEATERS-P4,8,55716.17
2026-09-21,ORD-001274,M_OUTERWEAR_COATS-P2,9,48934.14
2026-09-21,ORD-001275,W_INTIMATES-P3,3,6127.55
2026-09-21,ORD-001276,M_SWIM-P4,4,17588.22
2026-09-21,ORD-001277,M_SWIM-P4,6,27157.03
2026-09-21,ORD-001278,M_PANTS-P2,1,2868.65
2026-09-21,ORD-001279,M_FASHION_HOODIES_SWEATSHIRTS-P1,5,9063.64
2026-09-21,ORD-001280,M_OUTERWEAR_COATS-P2,5,29936.36
2026-09-21,ORD-001281,M_PANTS-P3,6,22075.06
2026-09-21,ORD-001282,M_PANTS-P2,8,21177.9
2026-09-21,ORD-001283,W_DRESSES-P5,8,132478.58
2026-09-21,ORD-001284,M_OUTERWEAR_COATS-P3,3,24099.41
2026-09-21,ORD-001285,W_JEANS-P5,5,71262.59
2026-09-21,ORD-001286,M_SUITS_SPORT_COATS-P4,1,12120.08
2026-09-21,ORD-001287,M_SUITS_SPORT_COATS-P5,6,117841.86
2026-09-21,ORD-001288,W_JEANS-P3,5,31631.71
2026-09-21,ORD-001289,M_SWEATERS-P3,5,22477.79
2026-09-21,ORD-001290,M_SUITS_SPORT_COATS-P5,3,68366.65
2026-09-21,ORD-001291,M_OUTERWEAR_COATS-P3,6,45254.51
2026-09-21,ORD-001292,M_OUTERWEAR_COATS-P4,6,73505.3
2026-09-21,ORD-001293,M_JEANS-P1,8,20363.68
2026-09-21,ORD-001294,M_SWIM-P4,7,30141.77
2026-09-21,ORD-001295,W_SWIM-P2,1,2683.43
2026-09-21,ORD-001296,W_DRESSES-P1,8,9058.16
2026-09-21,ORD-001297,W_INTIMATES-P4,7,20133.5
2026-09-21,ORD-001298,M_SWIM-P1,3,5698.57
2026-09-21,ORD-001299,M_SWEATERS-P4,7,46868.33
2026-09-21,ORD-001300,M_SWIM-P3,1,3741.39
2026-09-21,ORD-001301,W_JEANS-P2,4,14280.15
2026-09-21,ORD-001302,M_FASHION_HOODIES_SWEATSHIRTS-P3,5,19458.75
2026-09-21,ORD-001303,W_JEANS-P4,7,64439.78
2026-09-21,ORD-001304,M_JEANS-P3,2,11304.49
2026-09-21,ORD-001305,M_FASHION_HOODIES_SWEATSHIRTS-P5,1,7747.02
2026-09-21,ORD-001306,M_JEANS-P1,4,10504.07
2026-09-21,ORD-001307,M_FASHION_HOODIES_SWEATSHIRTS-P4,4,19443.75
2026-09-21,ORD-001308,M_SWIM-P1,1,1797.94
2026-09-21,ORD-001309,W_JEANS-P2,7,26872.25
2026-09-21,ORD-001310,M_JEANS-P4,7,71523.47
2026-09-21,ORD-001311,W_OUTERWEAR_COATS-P5,3,75593.42
2026-09-21,ORD-001312,M_OUTERWEAR_COATS-P3,9,79161.05
2026-09-21,ORD-001313,M_OUTERWEAR_COATS-P2,9,50021.34
2026-09-21,ORD-001314,M_PANTS-P2,2,5505.67
2026-09-21,ORD-001315,M_PANTS-P2,5,14342.06
2026-09-21,ORD-001316,M_SWIM-P3,7,26235.33
2026-09-21,ORD-001317,M_PANTS-P5,5,43035.25
2026-09-21,ORD-001318,M_SUITS_SPORT_COATS-P5,7,157820.61
2026-09-21,ORD-001319,M_PANTS-P2,5,13499.76
2026-09-21,ORD-001320,M_FASHION_HOODIES_SWEATSHIRTS-P4,4,18895.44
2026-09-21,ORD-001321,M_SUITS_SPORT_COATS-P4,8,96002.9
2026-09-21,ORD-001322,W_INTIMATES-P5,3,16363.09
2026-09-21,ORD-001323,W_OUTERWEAR_COATS-P1,6,15961.96
2026-09-21,ORD-001324,W_SWIM-P3,9,37679.64
2026-09-21,ORD-001325,W_JEANS-P1,6,12864.93
2026-09-21,ORD-001326,M_FASHION_HOODIES_SWEATSHIRTS-P5,7,62504.31
2026-09-21,ORD-001327,W_OUTERWEAR_COATS-P2,6,30702.59
2026-09-21,ORD-001328,M_OUTERWEAR_COATS-P5,8,210000.51
2026-09-21,ORD-001329,W_INTIMATES-P5,4,23451.15
2026-09-21,ORD-001330,W_DRESSES-P2,8,21830.9
2026-09-21,ORD-001331,W_JEANS-P1,8,17765.26
2026-09-21,ORD-001332,M_OUTERWEAR_COATS-P4,1,10934.09
2026-09-21,ORD-001333,W_OUTERWEAR_COATS-P4,2,20744.67
2026-09-21,ORD-001334,W_OUTERWEAR_COATS-P5,2,54695.78
2026-09-21,ORD-001335,M_SWIM-P2,3,7597.13
2026-09-21,ORD-001336,W_JEANS-P1,9,21865.69
2026-09-21,ORD-001337,M_OUTERWEAR_COATS-P1,8,25142.7
2026-09-21,ORD-001338,W_JEANS-P1,5,12274.35
2026-09-21,ORD-001339,M_SWIM-P5,3,17349.91
2026-09-21,ORD-001340,W_SWIM-P3,4,16343.15
2026-09-21,ORD-001341,M_SWEATERS-P5,2,23438.8
2026-09-21,ORD-001342,M_JEANS-P1,1,2560.83
2026-09-21,ORD-001343,W_INTIMATES-P2,5,7310.97
2026-09-21,ORD-001344,M_SWEATERS-P4,7,44221.77
2026-09-21,ORD-001345,M_FASHION_HOODIES_SWEATSHIRTS-P4,3,13002.89
2026-09-21,ORD-001346,W_OUTERWEAR_COATS-P3,8,62610.59
2026-09-21,ORD-001347,M_OUTERWEAR_COATS-P5,6,168862.76
2026-09-21,ORD-001348,W_JEANS-P1,3,6786.16
2026-09-21,ORD-001349,M_PANTS-P2,6,17190.57
2026-09-21,ORD-001350,M_OUTERWEAR_COATS-P4,3,37248.61
2026-09-21,ORD-001351,W_INTIMATES-P2,4,5550.59
2026-09-21,ORD-001352,M_FASHION_HOODIES_SWEATSHIRTS-P3,6,22676.12
2026-09-21,ORD-001353,W_INTIMATES-P1,5,3629.02
2026-09-21,ORD-001354,M_SWIM-P5,2,11674.55
2026-09-21,ORD-001355,M_JEANS-P5,3,45888.93
2026-09-21,ORD-001356,W_INTIMATES-P3,7,13678.63
2026-09-21,ORD-001357,W_OUTERWEAR_COATS-P3,6,45559.81
2026-09-21,ORD-001358,W_SWIM-P4,4,24783.01
2026-09-21,ORD-001359,W_SWIM-P5,9,91516.29
2026-09-21,ORD-001360,M_PANTS-P4,8,38771.6
2026-09-21,ORD-001361,W_JEANS-P3,8,49978.61
2026-09-21,ORD-001362,W_SWIM-P3,2,7740.35
2026-09-21,ORD-001363,M_PANTS-P3,5,19495.84
2026-09-21,ORD-001364,M_SWIM-P5,2,11681.08
2026-09-21,ORD-001365,M_SWIM-P1,5,9314.49
2026-09-21,ORD-001366,W_JEANS-P3,4,23768.14
2026-09-21,ORD-001367,M_PANTS-P5,1,9106.42
2026-09-21,ORD-001368,M_JEANS-P2,1,3887.27
2026-09-21,ORD-001369,W_SWIM-P5,3,31168.15
2026-09-21,ORD-001370,M_FASHION_HOODIES_SWEATSHIRTS-P4,3,13690.7
2026-09-21,ORD-001371,M_SWEATERS-P4,8,51371.3
2026-09-21,ORD-001372,W_JEANS-P2,6,20606.9
2026-09-21,ORD-001373,W_JEANS-P5,5,73501.33
2026-09-21,ORD-001374,W_JEANS-P1,9,20871.01
2026-09-21,ORD-001375,W_JEANS-P2,9,30549.51
2026-09-21,ORD-001376,M_OUTERWEAR_COATS-P1,7,22930.5
2026-09-21,ORD-001377,M_FASHION_HOODIES_SWEATSHIRTS-P3,1,3865.58
2026-09-21,ORD-001378,M_JEANS-P2,7,28627.43
2026-09-21,ORD-001379,M_JEANS-P4,7,68804.6
2026-09-21,ORD-001380,M_SUITS_SPORT_COATS-P3,2,14317.85
2026-09-21,ORD-001381,W_INTIMATES-P2,3,4140.16
2026-09-21,ORD-001382,W_INTIMATES-P2,2,2746.93
2026-09-21,ORD-001383,W_OUTERWEAR_COATS-P3,8,62716.54
2026-09-21,ORD-001384,M_PANTS-P2,2,5308.96
2026-09-21,ORD-001385,M_PANTS-P1,2,3092.47
2026-09-21,ORD-001386,M_PANTS-P3,9,34764.22
2026-09-21,ORD-001387,M_SUITS_SPORT_COATS-P1,8,15200.09
2026-09-21,ORD-001388,W_DRESSES-P1,9,8768.94
2026-09-21,ORD-001389,M_PANTS-P2,6,18335.57
2026-09-21,ORD-001390,M_PANTS-P4,7,35134.89
2026-09-21,ORD-001391,M_JEANS-P4,4,40283.41
2026-09-21,ORD-001392,M_SWIM-P5,9,52920.27
2026-09-21,ORD-001393,M_JEANS-P2,1,3727.69
2026-09-21,ORD-001394,M_FASHION_HOODIES_SWEATSHIRTS-P4,8,39395.0
2026-09-21,ORD-001395,W_INTIMATES-P4,4,12040.96
2026-09-21,ORD-001396,M_OUTERWEAR_COATS-P5,2,56680.55
2026-09-21,ORD-001397,M_JEANS-P5,5,83852.73
2026-09-21,ORD-001398,M_SWEATERS-P3,7,32939.27
2026-09-21,ORD-001399,M_JEANS-P3,5,29995.97
2026-09-21,ORD-001400,M_JEANS-P3,2,12185.38
2026-09-21,ORD-001401,M_OUTERWEAR_COATS-P4,4,44227.61
2026-09-21,ORD-001402,W_JEANS-P4,9,82066.17
2026-09-21,ORD-001403,M_FASHION_HOODIES_SWEATSHIRTS-P4,4,17435.69
2026-09-21,ORD-001404,M_SUITS_SPORT_COATS-P2,2,9138.73
2026-09-21,ORD-001405,W_DRESSES-P4,3,23438.37
2026-09-21,ORD-001406,M_SUITS_SPORT_COATS-P2,2,10415.2
2026-09-22,ORD-001407,W_DRESSES-P2,3,7635.62
2026-09-22,ORD-001408,W_SWIM-P5,7,74270.55
2026-09-22,ORD-001409,M_FASHION_HOODIES_SWEATSHIRTS-P3,2,8087.01
2026-09-22,ORD-001410,M_JEANS-P5,9,143478.98
2026-09-22,ORD-001411,M_JEANS-P5,6,97074.81
2026-09-22,ORD-001412,M_OUTERWEAR_COATS-P4,4,49504.81
2026-09-22,ORD-001413,W_INTIMATES-P3,6,12972.87
2026-09-22,ORD-001414,M_FASHION_HOODIES_SWEATSHIRTS-P5,1,8706.83
2026-09-22,ORD-001415,M_SWIM-P1,1,1782.09
2026-09-22,ORD-001416,W_JEANS-P4,6,56458.23
2026-09-22,ORD-001417,W_JEANS-P3,2,11137.56
2026-09-22,ORD-001418,W_DRESSES-P5,1,16525.36
2026-09-22,ORD-001419,W_JEANS-P5,7,91151.44
2026-09-22,ORD-001420,W_INTIMATES-P5,6,33944.06
2026-09-22,ORD-001421,W_OUTERWEAR_COATS-P1,8,23056.95
2026-09-22,ORD-001422,W_JEANS-P2,8,27262.13
2026-09-22,ORD-001423,W_OUTERWEAR_COATS-P3,5,43283.35
2026-09-22,ORD-001424,W_JEANS-P2,8,30656.83
2026-09-22,ORD-001425,W_OUTERWEAR_COATS-P1,3,8312.02
2026-09-22,ORD-001426,W_OUTERWEAR_COATS-P2,9,48260.8
2026-09-22,ORD-001427,W_DRESSES-P2,9,25601.91
2026-09-22,ORD-001428,W_DRESSES-P5,2,28978.83
2026-09-22,ORD-001429,W_JEANS-P5,5,72818.58
2026-09-22,ORD-001430,W_OUTERWEAR_COATS-P4,4,42927.14
2026-09-22,ORD-001431,W_DRESSES-P2,8,22409.33
2026-09-22,ORD-001432,W_SWIM-P1,8,14074.72
2026-09-22,ORD-001433,W_SWIM-P4,1,5616.6
2026-09-22,ORD-001434,W_JEANS-P5,7,102649.96
2026-09-22,ORD-001435,W_INTIMATES-P3,6,13219.02
2026-09-22,ORD-001436,M_SWEATERS-P1,2,3701.15
2026-09-22,ORD-001437,W_INTIMATES-P3,6,12877.67
2026-09-22,ORD-001438,W_SWIM-P2,7,21092.71
2026-09-22,ORD-001439,M_FASHION_HOODIES_SWEATSHIRTS-P1,5,9771.28
2026-09-22,ORD-001440,M_FASHION_HOODIES_SWEATSHIRTS-P2,2,6657.34
2026-09-22,ORD-001441,M_SWIM-P1,7,12293.63
2026-09-22,ORD-001442,M_PANTS-P5,8,67619.16
2026-09-22,ORD-001443,M_SWIM-P5,4,22874.87
2026-09-22,ORD-001444,M_SWEATERS-P1,8,15820.85
2026-09-22,ORD-001445,M_PANTS-P4,6,27778.59
2026-09-22,ORD-001446,M_PANTS-P3,3,11896.95
2026-09-22,ORD-001447,M_SWEATERS-P4,7,48203.51
2026-09-22,ORD-001448,W_OUTERWEAR_COATS-P1,4,10491.92
2026-09-22,ORD-001449,W_INTIMATES-P3,1,2045.57
2026-09-22,ORD-001450,W_SWIM-P2,3,8457.34
2026-09-22,ORD-001451,M_SUITS_SPORT_COATS-P2,3,14507.38
2026-09-22,ORD-001452,M_OUTERWEAR_COATS-P5,6,173865.89
2026-09-22,ORD-001453,W_DRESSES-P4,7,50283.27
2026-09-22,ORD-001454,M_SUITS_SPORT_COATS-P1,9,18730.82
2026-09-22,ORD-001455,W_DRESSES-P3,4,18861.65
2026-09-22,ORD-001456,M_OUTERWEAR_COATS-P1,7,23185.01
2026-09-22,ORD-001457,M_FASHION_HOODIES_SWEATSHIRTS-P1,3,5483.47
2026-09-22,ORD-001458,M_PANTS-P1,8,13277.16
2026-09-22,ORD-001459,W_INTIMATES-P2,5,7346.95
2026-09-22,ORD-001460,W_INTIMATES-P3,2,4517.51
2026-09-22,ORD-001461,W_JEANS-P2,9,33578.14
2026-09-22,ORD-001462,M_JEANS-P4,5,49864.21
2026-09-22,ORD-001463,M_FASHION_HOODIES_SWEATSHIRTS-P5,9,76263.23
2026-09-22,ORD-001464,M_SWEATERS-P4,5,36099.04
2026-09-22,ORD-001465,M_SUITS_SPORT_COATS-P4,5,60049.26
2026-09-22,ORD-001466,W_DRESSES-P5,7,117365.1
2026-09-22,ORD-001467,W_OUTERWEAR_COATS-P1,1,2992.19
2026-09-22,ORD-001468,M_SWIM-P2,8,21551.01
2026-09-22,ORD-001469,M_FASHION_HOODIES_SWEATSHIRTS-P2,1,3327.1
2026-09-22,ORD-001470,W_SWIM-P1,2,3508.44
2026-09-22,ORD-001471,M_SWEATERS-P4,5,34937.2
2026-09-22,ORD-001472,W_SWIM-P2,3,8947.18
2026-09-22,ORD-001473,W_JEANS-P2,8,26776.25
2026-09-22,ORD-001474,M_SUITS_SPORT_COATS-P1,8,14910.13
2026-09-22,ORD-001475,W_SWIM-P5,5,47603.26
2026-09-22,ORD-001476,W_DRESSES-P2,9,23057.02
2026-09-22,ORD-001477,M_SWEATERS-P1,3,6057.69
2026-09-22,ORD-001478,W_INTIMATES-P1,5,3886.64
2026-09-22,ORD-001479,M_PANTS-P1,5,8583.85
2026-09-22,ORD-001480,M_FASHION_HOODIES_SWEATSHIRTS-P2,7,22088.82
2026-09-22,ORD-001481,M_SWEATERS-P2,2,6784.47
2026-09-22,ORD-001482,W_INTIMATES-P3,7,14606.59
2026-09-22,ORD-001483,W_INTIMATES-P5,6,34550.47
2026-09-22,ORD-001484,M_PANTS-P3,6,21713.41
2026-09-22,ORD-001485,W_DRESSES-P1,8,8903.67
2026-09-22,ORD-001486,W_JEANS-P5,9,122567.59
2026-09-22,ORD-001487,M_JEANS-P4,4,38913.66
2026-09-22,ORD-001488,W_SWIM-P1,1,1639.12
2026-09-22,ORD-001489,W_JEANS-P2,9,30865.56
2026-09-22,ORD-001490,M_PANTS-P5,1,9117.21
2026-09-22,ORD-001491,M_SUITS_SPORT_COATS-P5,6,137531.45
2026-09-22,ORD-001492,M_OUTERWEAR_COATS-P2,5,27957.77
2026-09-22,ORD-001493,W_SWIM-P5,8,76882.24
2026-09-22,ORD-001494,M_SUITS_SPORT_COATS-P1,8,15618.12
2026-09-22,ORD-001495,W_INTIMATES-P3,5,10203.59
2026-09-22,ORD-001496,M_SUITS_SPORT_COATS-P1,7,14574.3
2026-09-22,ORD-001497,M_SWIM-P1,5,8335.44
2026-09-22,ORD-001498,W_SWIM-P4,8,45770.62
2026-09-22,ORD-001499,M_SWEATERS-P2,3,10134.1
2026-09-22,ORD-001500,M_SUITS_SPORT_COATS-P1,1,1868.78
2026-09-22,ORD-001501,W_JEANS-P3,9,52517.91
2026-09-22,ORD-001502,OTHER-ASSORTED,7,24535.96
2026-09-22,ORD-001503,M_PANTS-P3,7,26236.35
2026-09-22,ORD-001504,W_SWIM-P3,7,28663.19
2026-09-22,ORD-001505,M_PANTS-P4,2,9545.83
2026-09-22,ORD-001506,W_JEANS-P4,1,8130.28
2026-09-22,ORD-001507,W_OUTERWEAR_COATS-P2,5,27065.85
2026-09-22,ORD-001508,W_SWIM-P5,6,58355.68
2026-09-22,ORD-001509,M_PANTS-P1,2,3490.07
2026-09-22,ORD-001510,M_JEANS-P2,7,29505.84
2026-09-22,ORD-001511,W_INTIMATES-P5,2,11964.19
2026-09-22,ORD-001512,M_OUTERWEAR_COATS-P1,3,10666.02
2026-09-22,ORD-001513,W_DRESSES-P5,2,32678.36
2026-09-22,ORD-001514,M_SWEATERS-P1,6,11438.07
2026-09-22,ORD-001515,M_SWIM-P2,6,16124.44
2026-09-22,ORD-001516,M_OUTERWEAR_COATS-P2,3,17420.51
2026-09-22,ORD-001517,M_SWIM-P4,7,31015.26
2026-09-22,ORD-001518,W_SWIM-P2,5,13479.16
2026-09-22,ORD-001519,M_SUITS_SPORT_COATS-P2,2,10604.35
2026-09-22,ORD-001520,M_FASHION_HOODIES_SWEATSHIRTS-P5,9,68488.64
2026-09-22,ORD-001521,W_DRESSES-P1,4,4276.34
2026-09-22,ORD-001522,M_SWEATERS-P1,4,7851.21
2026-09-22,ORD-001523,M_PANTS-P3,3,10836.03
2026-09-22,ORD-001524,W_INTIMATES-P2,4,5653.93
2026-09-22,ORD-001525,W_SWIM-P2,5,15321.03
2026-09-22,ORD-001526,W_JEANS-P2,7,27021.51
2026-09-22,ORD-001527,M_JEANS-P4,7,69195.74
2026-09-22,ORD-001528,M_PANTS-P3,2,8021.76
2026-09-22,ORD-001529,W_DRESSES-P3,9,38521.18
2026-09-22,ORD-001530,M_OUTERWEAR_COATS-P4,4,44736.42
2026-09-22,ORD-001531,M_SUITS_SPORT_COATS-P4,2,22838.1
2026-09-22,ORD-001532,W_INTIMATES-P4,9,24377.59
2026-09-22,ORD-001533,W_OUTERWEAR_COATS-P3,6,46344.56
2026-09-22,ORD-001534,M_SWEATERS-P5,3,36679.36
2026-09-22,ORD-001535,M_SWIM-P3,1,3928.49
2026-09-22,ORD-001536,W_DRESSES-P2,9,25352.96
2026-09-22,ORD-001537,M_FASHION_HOODIES_SWEATSHIRTS-P3,1,3881.41
2026-09-22,ORD-001538,M_SWEATERS-P5,2,24605.3
2026-09-22,ORD-001539,M_PANTS-P4,6,32163.15
2026-09-22,ORD-001540,M_SWIM-P4,4,16418.78
2026-09-22,ORD-001541,W_JEANS-P5,4,53860.43
2026-09-22,ORD-001542,W_OUTERWEAR_COATS-P1,9,26109.67
2026-09-22,ORD-001543,M_OUTERWEAR_COATS-P5,3,75151.14
2026-09-22,ORD-001544,M_SWIM-P3,5,17955.68
2026-09-22,ORD-001545,M_FASHION_HOODIES_SWEATSHIRTS-P5,5,43067.66
2026-09-22,ORD-001546,W_DRESSES-P2,2,5452.28
2026-09-22,ORD-001547,M_SWIM-P3,7,24294.56
2026-09-22,ORD-001548,W_OUTERWEAR_COATS-P5,1,27303.8
2026-09-22,ORD-001549,M_SWIM-P5,6,37865.64
2026-09-22,ORD-001550,M_PANTS-P2,2,5818.82
2026-09-22,ORD-001551,W_DRESSES-P1,3,3129.53
2026-09-22,ORD-001552,W_INTIMATES-P3,8,15846.61
2026-09-22,ORD-001553,W_DRESSES-P4,4,27754.73
2026-09-22,ORD-001554,M_OUTERWEAR_COATS-P1,5,17202.73
2026-09-22,ORD-001555,M_FASHION_HOODIES_SWEATSHIRTS-P5,9,68656.7
2026-09-22,ORD-001556,W_JEANS-P4,4,36942.94
2026-09-22,ORD-001557,W_JEANS-P2,4,15184.5
2026-09-22,ORD-001558,M_OUTERWEAR_COATS-P3,9,76378.47
2026-09-22,ORD-001559,W_OUTERWEAR_COATS-P3,5,42215.9
2026-09-22,ORD-001560,W_SWIM-P5,1,10836.32
2026-09-22,ORD-001561,W_JEANS-P1,1,2165.39
2026-09-22,ORD-001562,M_OUTERWEAR_COATS-P4,7,74273.42
2026-09-22,ORD-001563,W_OUTERWEAR_COATS-P5,9,224558.47
2026-09-22,ORD-001564,M_SUITS_SPORT_COATS-P3,3,22177.78
2026-09-22,ORD-001565,M_SUITS_SPORT_COATS-P1,6,11519.36
2026-09-22,ORD-001566,M_FASHION_HOODIES_SWEATSHIRTS-P3,3,11941.84
2026-09-22,ORD-001567,M_SWEATERS-P2,1,3392.01
2026-09-22,ORD-001568,M_SWEATERS-P5,2,24023.13
2026-09-22,ORD-001569,W_OUTERWEAR_COATS-P4,3,32893.62
2026-09-22,ORD-001570,W_SWIM-P1,8,13867.43
2026-09-22,ORD-001571,M_JEANS-P1,6,16357.85
2026-09-22,ORD-001572,M_SWIM-P1,3,5662.37
2026-09-22,ORD-001573,M_SWIM-P4,5,21570.77
2026-09-22,ORD-001574,M_OUTERWEAR_COATS-P4,6,66438.78
2026-09-22,ORD-001575,M_FASHION_HOODIES_SWEATSHIRTS-P2,4,12962.15
2026-09-22,ORD-001576,W_SWIM-P5,9,90148.23
2026-09-22,ORD-001577,W_JEANS-P1,7,15426.99
2026-09-22,ORD-001578,W_SWIM-P2,7,18871.71
2026-09-22,ORD-001579,M_FASHION_HOODIES_SWEATSHIRTS-P1,2,3728.02
2026-09-22,ORD-001580,W_DRESSES-P2,9,24446.44
2026-09-22,ORD-001581,M_FASHION_HOODIES_SWEATSHIRTS-P1,2,3891.88
2026-09-22,ORD-001582,M_FASHION_HOODIES_SWEATSHIRTS-P3,4,16433.63
2026-09-22,ORD-001583,M_SWIM-P5,2,13035.48
2026-09-22,ORD-001584,M_SUITS_SPORT_COATS-P2,9,47426.63
2026-09-22,ORD-001585,M_SWIM-P2,4,10116.84
2026-09-22,ORD-001586,M_OUTERWEAR_COATS-P4,6,67956.91
2026-09-22,ORD-001587,M_JEANS-P2,2,8104.89
2026-09-22,ORD-001588,M_JEANS-P4,4,38419.61
2026-09-22,ORD-001589,W_DRESSES-P1,8,8812.85
2026-09-22,ORD-001590,W_DRESSES-P1,1,1119.29
2026-09-22,ORD-001591,M_OUTERWEAR_COATS-P1,7,23667.4
2026-09-22,ORD-001592,W_OUTERWEAR_COATS-P5,4,107694.02
2026-09-22,ORD-001593,M_SWIM-P1,8,14516.22
2026-09-22,ORD-001594,M_JEANS-P3,8,48226.19
2026-09-22,ORD-001595,M_FASHION_HOODIES_SWEATSHIRTS-P5,4,34873.99
2026-09-22,ORD-001596,W_SWIM-P1,4,6373.3
2026-09-22,ORD-001597,W_DRESSES-P1,4,4316.02
2026-09-22,ORD-001598,W_JEANS-P2,1,3473.27
2026-09-22,ORD-001599,W_SWIM-P3,4,17125.73
2026-09-22,ORD-001600,M_FASHION_HOODIES_SWEATSHIRTS-P3,8,28521.6
2026-09-22,ORD-001601,M_PANTS-P1,4,6869.79
2026-09-22,ORD-001602,M_FASHION_HOODIES_SWEATSHIRTS-P3,9,35519.03
2026-09-22,ORD-001603,W_SWIM-P3,7,27389.75
2026-09-22,ORD-001604,M_JEANS-P5,8,113827.79
2026-09-22,ORD-001605,W_JEANS-P3,2,12239.34
2026-09-22,ORD-001606,W_SWIM-P1,2,3292.67
2026-09-22,ORD-001607,W_OUTERWEAR_COATS-P1,9,23784.72
2026-09-22,ORD-001608,M_SWIM-P3,6,20383.19
2026-09-22,ORD-001609,W_JEANS-P5,7,104661.92
2026-09-22,ORD-001610,M_FASHION_HOODIES_SWEATSHIRTS-P1,2,4146.32
2026-09-22,ORD-001611,OTHER-ASSORTED,2,6728.3
2026-09-22,ORD-001612,W_DRESSES-P4,9,62064.62
2026-09-22,ORD-001613,M_FASHION_HOODIES_SWEATSHIRTS-P4,9,43068.77
2026-09-22,ORD-001614,M_SWEATERS-P5,7,88824.62
2026-09-22,ORD-001615,OTHER-ASSORTED,4,12378.11
2026-09-22,ORD-001616,W_OUTERWEAR_COATS-P3,9,76769.98
2026-09-22,ORD-001617,M_SWEATERS-P5,4,46220.34
2026-09-22,ORD-001618,W_INTIMATES-P1,4,3131.98
2026-09-22,ORD-001619,M_JEANS-P3,2,11951.29
2026-09-22,ORD-001620,M_SUITS_SPORT_COATS-P3,2,13614.7
2026-09-22,ORD-001621,M_PANTS-P1,2,3057.64
2026-09-22,ORD-001622,M_PANTS-P3,5,18568.16
2026-09-22,ORD-001623,M_PANTS-P4,3,14904.89
2026-09-22,ORD-001624,W_DRESSES-P1,6,6617.17
2026-09-22,ORD-001625,M_FASHION_HOODIES_SWEATSHIRTS-P1,2,3636.78
2026-09-22,ORD-001626,M_JEANS-P3,4,23799.26
2026-09-22,ORD-001627,M_SWEATERS-P5,7,92487.51
2026-09-22,ORD-001628,W_DRESSES-P1,4,4515.88
2026-09-22,ORD-001629,W_JEANS-P1,2,4996.63
2026-09-22,ORD-001630,W_OUTERWEAR_COATS-P3,1,8401.09
2026-09-22,ORD-001631,M_FASHION_HOODIES_SWEATSHIRTS-P2,3,9941.58
2026-09-22,ORD-001632,M_SWEATERS-P3,1,4362.26
2026-09-22,ORD-001633,W_SWIM-P5,5,50124.7
2026-09-22,ORD-001634,W_INTIMATES-P5,3,16045.83
2026-09-22,ORD-001635,M_PANTS-P5,6,49652.85
2026-09-22,ORD-001636,M_SUITS_SPORT_COATS-P5,2,40139.07
2026-09-22,ORD-001637,M_OUTERWEAR_COATS-P1,8,27536.63
2026-09-22,ORD-001638,W_OUTERWEAR_COATS-P3,6,46799.47
2026-09-22,ORD-001639,M_PANTS-P1,1,1617.59
2026-09-22,ORD-001640,M_FASHION_HOODIES_SWEATSHIRTS-P2,6,17934.09
2026-09-22,ORD-001641,W_SWIM-P1,6,11160.4
2026-09-22,ORD-001642,M_SUITS_SPORT_COATS-P2,1,5174.31
2026-09-22,ORD-001643,W_JEANS-P4,4,37530.9
2026-09-22,ORD-001644,W_JEANS-P5,2,28102.86
2026-09-22,ORD-001645,M_JEANS-P2,1,4209.13
2026-09-22,ORD-001646,M_SUITS_SPORT_COATS-P1,7,14187.14
2026-09-22,ORD-001647,M_SUITS_SPORT_COATS-P4,2,23534.11
2026-09-22,ORD-001648,M_SWEATERS-P5,3,35219.48
2026-09-22,ORD-001649,M_FASHION_HOODIES_SWEATSHIRTS-P4,9,40447.66
2026-09-22,ORD-001650,W_SWIM-P3,7,30585.15
2026-09-22,ORD-001651,M_SWIM-P4,2,8830.28
2026-09-22,ORD-001652,M_OUTERWEAR_COATS-P4,5,60236.8
2026-09-22,ORD-001653,W_SWIM-P1,1,1799.9
2026-09-22,ORD-001654,M_SWEATERS-P3,2,9975.9
2026-09-22,ORD-001655,M_OUTERWEAR_COATS-P2,8,47093.45
2026-09-22,ORD-001656,M_OUTERWEAR_COATS-P1,5,17184.98
2026-09-22,ORD-001657,M_PANTS-P1,6,9449.19
2026-09-22,ORD-001658,M_FASHION_HOODIES_SWEATSHIRTS-P2,2,6461.07
2026-09-22,ORD-001659,M_OUTERWEAR_COATS-P4,5,58912.45
2026-09-22,ORD-001660,W_INTIMATES-P1,3,2343.01
2026-09-22,ORD-001661,W_DRESSES-P3,2,9189.47
2026-09-22,ORD-001662,M_PANTS-P5,2,16658.14
2026-09-22,ORD-001663,M_FASHION_HOODIES_SWEATSHIRTS-P5,9,68631.75
2026-09-22,ORD-001664,M_SUITS_SPORT_COATS-P4,2,21985.61
2026-09-22,ORD-001665,M_JEANS-P3,8,48618.38
2026-09-22,ORD-001666,M_SWIM-P3,5,19470.02
2026-09-22,ORD-001667,M_SWEATERS-P4,3,21464.06
2026-09-22,ORD-001668,M_PANTS-P2,5,13958.85
2026-09-22,ORD-001669,W_INTIMATES-P4,3,8672.71
2026-09-22,ORD-001670,W_JEANS-P1,2,4956.25
2026-09-22,ORD-001671,M_SWEATERS-P5,6,71818.23
2026-09-22,ORD-001672,M_OUTERWEAR_COATS-P4,1,11336.55
2026-09-22,ORD-001673,W_JEANS-P5,4,52219.48
2026-09-22,ORD-001674,M_OUTERWEAR_COATS-P4,6,71304.16
2026-09-22,ORD-001675,M_PANTS-P3,1,4058.54
2026-09-22,ORD-001676,M_FASHION_HOODIES_SWEATSHIRTS-P5,2,15650.78
2026-09-22,ORD-001677,W_INTIMATES-P2,5,7257.69
2026-09-22,ORD-001678,M_OUTERWEAR_COATS-P2,1,5431.1
2026-09-22,ORD-001679,M_JEANS-P2,1,3913.16
2026-09-22,ORD-001680,W_INTIMATES-P1,2,1539.94
2026-09-22,ORD-001681,M_OUTERWEAR_COATS-P5,1,25216.44
2026-09-22,ORD-001682,M_FASHION_HOODIES_SWEATSHIRTS-P1,5,10367.65
2026-09-22,ORD-001683,M_JEANS-P4,6,56883.97
2026-09-22,ORD-001684,W_JEANS-P1,3,6585.02
2026-09-22,ORD-001685,W_JEANS-P5,5,68365.26
2026-09-22,ORD-001686,M_OUTERWEAR_COATS-P1,9,30485.62
2026-09-22,ORD-001687,W_OUTERWEAR_COATS-P5,4,111045.12
2026-09-22,ORD-001688,M_OUTERWEAR_COATS-P1,5,17206.16
2026-09-22,ORD-001689,W_SWIM-P4,1,5455.51
2026-09-22,ORD-001690,M_OUTERWEAR_COATS-P3,4,33984.72
2026-09-22,ORD-001691,W_OUTERWEAR_COATS-P4,6,64399.39
2026-09-22,ORD-001692,W_SWIM-P2,8,22064.8
2026-09-22,ORD-001693,M_FASHION_HOODIES_SWEATSHIRTS-P1,1,1826.47
2026-09-22,ORD-001694,M_SUITS_SPORT_COATS-P5,6,121972.01
2026-09-22,ORD-001695,M_FASHION_HOODIES_SWEATSHIRTS-P2,8,24783.26
2026-09-22,ORD-001696,M_JEANS-P3,2,11780.03
2026-09-22,ORD-001697,W_INTIMATES-P5,8,41599.98
2026-09-22,ORD-001698,M_JEANS-P3,8,47275.68
2026-09-22,ORD-001699,M_OUTERWEAR_COATS-P2,4,22817.04
2026-09-22,ORD-001700,M_FASHION_HOODIES_SWEATSHIRTS-P4,2,8903.13
2026-09-22,ORD-001701,M_PANTS-P3,6,22801.46
2026-09-22,ORD-001702,M_PANTS-P1,6,9940.58
2026-09-22,ORD-001703,M_FASHION_HOODIES_SWEATSHIRTS-P5,9,71234.52
2026-09-22,ORD-001704,W_JEANS-P2,4,14672.4
2026-09-22,ORD-001705,W_OUTERWEAR_COATS-P5,7,169970.69
2026-09-23,ORD-001706,M_SWEATERS-P3,9,38399.26
2026-09-23,ORD-001707,M_SWIM-P4,3,12947.98
2026-09-23,ORD-001708,M_SUITS_SPORT_COATS-P1,4,7407.84
2026-09-23,ORD-001709,M_SWIM-P1,5,8867.33
2026-09-23,ORD-001710,W_SWIM-P5,8,84859.69
2026-09-23,ORD-001711,M_JEANS-P4,2,20402.38
2026-09-23,ORD-001712,W_DRESSES-P5,6,87406.14
2026-09-23,ORD-001713,M_PANTS-P3,6,21351.83
2026-09-23,ORD-001714,W_INTIMATES-P5,8,44501.64
2026-09-23,ORD-001715,M_OUTERWEAR_COATS-P2,9,47723.1
2026-09-23,ORD-001716,W_INTIMATES-P1,9,7312.08
2026-09-23,ORD-001717,W_INTIMATES-P1,8,6279.46
2026-09-23,ORD-001718,M_FASHION_HOODIES_SWEATSHIRTS-P3,9,35575.98
2026-09-23,ORD-001719,W_JEANS-P4,8,72400.51
2026-09-23,ORD-001720,M_JEANS-P4,6,54751.21
2026-09-23,ORD-001721,W_OUTERWEAR_COATS-P1,6,17483.28
2026-09-23,ORD-001722,W_OUTERWEAR_COATS-P4,6,69088.49
2026-09-23,ORD-001723,W_INTIMATES-P1,3,2359.71
2026-09-23,ORD-001724,M_FASHION_HOODIES_SWEATSHIRTS-P2,8,26727.49
2026-09-23,ORD-001725,M_JEANS-P1,8,19797.87
2026-09-23,ORD-001726,M_FASHION_HOODIES_SWEATSHIRTS-P3,5,19087.59
2026-09-23,ORD-001727,M_JEANS-P4,4,37537.66
2026-09-23,ORD-001728,M_SUITS_SPORT_COATS-P1,4,8522.64
2026-09-23,ORD-001729,M_SWEATERS-P1,1,1997.05
2026-09-23,ORD-001730,M_FASHION_HOODIES_SWEATSHIRTS-P1,6,12629.89
2026-09-23,ORD-001731,M_OUTERWEAR_COATS-P5,2,54191.57
2026-09-23,ORD-001732,M_SWIM-P3,8,29941.93
2026-09-23,ORD-001733,M_OUTERWEAR_COATS-P4,4,43831.39
2026-09-23,ORD-001734,M_SWIM-P1,4,6904.31
2026-09-23,ORD-001735,W_JEANS-P5,8,107519.8
2026-09-23,ORD-001736,W_JEANS-P3,6,32426.23
2026-09-23,ORD-001737,M_OUTERWEAR_COATS-P2,6,34151.37
2026-09-23,ORD-001738,W_INTIMATES-P5,1,5644.07
2026-09-23,ORD-001739,W_JEANS-P4,3,25263.67
2026-09-23,ORD-001740,W_OUTERWEAR_COATS-P3,1,7637.71
2026-09-23,ORD-001741,W_OUTERWEAR_COATS-P1,5,14255.52
2026-09-23,ORD-001742,M_SWIM-P1,9,16174.68
2026-09-23,ORD-001743,M_SUITS_SPORT_COATS-P5,3,61266.9
2026-09-23,ORD-001744,OTHER-ASSORTED,2,6470.65
2026-09-23,ORD-001745,M_SWEATERS-P2,3,10347.84
2026-09-23,ORD-001746,M_SWIM-P4,3,13101.63
2026-09-23,ORD-001747,W_SWIM-P1,1,1640.75
2026-09-23,ORD-001748,M_SWEATERS-P3,3,12855.97
2026-09-23,ORD-001749,W_OUTERWEAR_COATS-P2,8,46552.05
2026-09-23,ORD-001750,M_PANTS-P2,4,12053.82
2026-09-23,ORD-001751,W_JEANS-P2,5,19572.07
2026-09-23,ORD-001752,W_INTIMATES-P5,7,36407.24
2026-09-23,ORD-001753,M_SWEATERS-P3,2,9941.55
2026-09-23,ORD-001754,W_SWIM-P2,5,13327.45
2026-09-23,ORD-001755,W_JEANS-P3,3,18686.13
2026-09-23,ORD-001756,M_SWEATERS-P2,2,6486.42
2026-09-23,ORD-001757,W_OUTERWEAR_COATS-P4,5,58989.69
2026-09-23,ORD-001758,W_INTIMATES-P1,9,6945.19
2026-09-23,ORD-001759,M_SWEATERS-P4,4,26819.32
2026-09-23,ORD-001760,M_SWIM-P4,6,27578.2
2026-09-23,ORD-001761,OTHER-ASSORTED,4,13306.73
2026-09-23,ORD-001762,W_DRESSES-P2,5,14026.07
2026-09-23,ORD-001763,M_OUTERWEAR_COATS-P2,5,29574.77
2026-09-23,ORD-001764,M_SWEATERS-P2,6,20844.76
2026-09-23,ORD-001765,M_PANTS-P2,2,5875.28
2026-09-23,ORD-001766,M_FASHION_HOODIES_SWEATSHIRTS-P4,8,35748.13
2026-09-23,ORD-001767,M_SUITS_SPORT_COATS-P1,1,1966.17
2026-09-23,ORD-001768,M_SUITS_SPORT_COATS-P2,3,14764.05
2026-09-23,ORD-001769,M_SUITS_SPORT_COATS-P1,4,8574.21
2026-09-23,ORD-001770,M_JEANS-P1,4,10465.98
2026-09-23,ORD-001771,M_SWEATERS-P1,3,6206.57
2026-09-23,ORD-001772,M_OUTERWEAR_COATS-P5,6,169637.53
2026-09-23,ORD-001773,M_SUITS_SPORT_COATS-P4,7,84098.77
2026-09-23,ORD-001774,W_JEANS-P4,6,49545.43
2026-09-23,ORD-001775,M_OUTERWEAR_COATS-P5,4,115711.09
2026-09-23,ORD-001776,M_JEANS-P3,1,5939.64
2026-09-23,ORD-001777,W_SWIM-P1,7,12398.91
2026-09-23,ORD-001778,W_INTIMATES-P1,2,1514.42
2026-09-23,ORD-001779,M_SWEATERS-P5,6,74972.47
2026-09-23,ORD-001780,M_SUITS_SPORT_COATS-P3,6,45378.11
2026-09-23,ORD-001781,M_SWEATERS-P3,6,26153.2
2026-09-23,ORD-001782,M_SWIM-P1,1,1835.61
2026-09-23,ORD-001783,W_JEANS-P4,3,25952.69
2026-09-23,ORD-001784,M_JEANS-P3,5,31316.4
2026-09-23,ORD-001785,W_INTIMATES-P1,4,3113.03
2026-09-23,ORD-001786,W_INTIMATES-P5,4,21830.49
2026-09-23,ORD-001787,W_OUTERWEAR_COATS-P4,5,57501.03
2026-09-23,ORD-001788,M_OUTERWEAR_COATS-P1,2,6706.0
2026-09-23,ORD-001789,W_OUTERWEAR_COATS-P4,1,10653.2
2026-09-23,ORD-001790,M_FASHION_HOODIES_SWEATSHIRTS-P1,9,17361.52
2026-09-23,ORD-001791,OTHER-ASSORTED,5,15486.69
2026-09-23,ORD-001792,W_OUTERWEAR_COATS-P1,1,2959.28
2026-09-23,ORD-001793,M_JEANS-P1,4,9527.91
2026-09-23,ORD-001794,M_OUTERWEAR_COATS-P5,3,78389.13
2026-09-23,ORD-001795,W_INTIMATES-P5,4,20521.62
2026-09-23,ORD-001796,M_JEANS-P3,2,12723.47
2026-09-23,ORD-001797,M_OUTERWEAR_COATS-P3,3,24290.59
2026-09-23,ORD-001798,M_FASHION_HOODIES_SWEATSHIRTS-P5,9,72818.84
2026-09-23,ORD-001799,M_PANTS-P4,7,36256.44
2026-09-23,ORD-001800,W_OUTERWEAR_COATS-P5,5,126261.74
2026-09-23,ORD-001801,W_SWIM-P4,2,10987.73
2026-09-23,ORD-001802,M_PANTS-P2,2,5267.87
2026-09-23,ORD-001803,M_FASHION_HOODIES_SWEATSHIRTS-P4,5,22025.6
2026-09-23,ORD-001804,W_OUTERWEAR_COATS-P5,6,151740.94
2026-09-23,ORD-001805,M_SWIM-P2,3,7838.6
2026-09-23,ORD-001806,W_SWIM-P4,9,54114.06
2026-09-23,ORD-001807,W_JEANS-P3,3,18593.2
2026-09-23,ORD-001808,M_SWEATERS-P3,7,31159.53
2026-09-23,ORD-001809,M_FASHION_HOODIES_SWEATSHIRTS-P2,4,12125.2
2026-09-23,ORD-001810,M_FASHION_HOODIES_SWEATSHIRTS-P5,8,61892.75
2026-09-23,ORD-001811,W_DRESSES-P2,3,7887.28
2026-09-23,ORD-001812,W_INTIMATES-P5,8,46913.91
2026-09-23,ORD-001813,W_JEANS-P5,4,57053.05
2026-09-23,ORD-001814,W_OUTERWEAR_COATS-P2,8,44878.05
2026-09-23,ORD-001815,M_JEANS-P4,1,9202.74
2026-09-23,ORD-001816,W_DRESSES-P2,4,10361.36
2026-09-23,ORD-001817,W_DRESSES-P5,8,119536.24
2026-09-23,ORD-001818,M_PANTS-P2,9,25248.93
2026-09-23,ORD-001819,M_SWIM-P5,6,38277.42
2026-09-23,ORD-001820,M_FASHION_HOODIES_SWEATSHIRTS-P2,4,12991.83
2026-09-23,ORD-001821,M_OUTERWEAR_COATS-P5,9,236220.68
2026-09-23,ORD-001822,W_DRESSES-P5,8,127364.81
2026-09-23,ORD-001823,W_SWIM-P2,3,8190.13
2026-09-23,ORD-001824,M_PANTS-P5,5,42152.02
2026-09-23,ORD-001825,M_FASHION_HOODIES_SWEATSHIRTS-P4,4,18662.79
2026-09-23,ORD-001826,M_SUITS_SPORT_COATS-P2,5,24320.59
2026-09-23,ORD-001827,M_SWIM-P4,5,19937.85
2026-09-23,ORD-001828,W_DRESSES-P3,6,24858.01
2026-09-23,ORD-001829,M_FASHION_HOODIES_SWEATSHIRTS-P4,6,28234.07
2026-09-23,ORD-001830,M_JEANS-P5,3,49794.17
2026-09-23,ORD-001831,W_SWIM-P1,4,6905.45
2026-09-23,ORD-001832,M_OUTERWEAR_COATS-P3,6,45714.65
2026-09-23,ORD-001833,M_SWIM-P3,9,34767.29
2026-09-23,ORD-001834,W_INTIMATES-P3,8,16794.84
2026-09-23,ORD-001835,W_JEANS-P4,2,16452.12
2026-09-23,ORD-001836,M_FASHION_HOODIES_SWEATSHIRTS-P5,7,57497.46
2026-09-23,ORD-001837,M_FASHION_HOODIES_SWEATSHIRTS-P5,5,43617.18
2026-09-23,ORD-001838,M_SWIM-P3,4,14427.25
2026-09-23,ORD-001839,W_OUTERWEAR_COATS-P4,8,96354.5
2026-09-23,ORD-001840,M_SWEATERS-P2,6,19477.42
2026-09-23,ORD-001841,W_JEANS-P4,6,53895.58
2026-09-23,ORD-001842,M_JEANS-P2,8,29725.76
2026-09-23,ORD-001843,W_SWIM-P4,5,26841.68
2026-09-23,ORD-001844,W_OUTERWEAR_COATS-P4,9,94704.81
2026-09-23,ORD-001845,M_SWEATERS-P5,1,11922.74
2026-09-23,ORD-001846,M_FASHION_HOODIES_SWEATSHIRTS-P5,6,49283.97
2026-09-23,ORD-001847,M_JEANS-P1,3,7655.27
2026-09-23,ORD-001848,M_JEANS-P2,1,3678.28
2026-09-23,ORD-001849,W_SWIM-P3,3,12285.62
2026-09-23,ORD-001850,W_INTIMATES-P4,2,5655.72
2026-09-23,ORD-001851,W_OUTERWEAR_COATS-P2,9,50811.22
2026-09-23,ORD-001852,M_SWEATERS-P2,3,9259.49
2026-09-23,ORD-001853,M_SUITS_SPORT_COATS-P5,7,154108.36
2026-09-23,ORD-001854,M_SUITS_SPORT_COATS-P4,2,24921.06
2026-09-23,ORD-001855,M_SWEATERS-P5,9,103899.51
2026-09-23,ORD-001856,M_PANTS-P2,7,19802.4
2026-09-23,ORD-001857,M_OUTERWEAR_COATS-P2,5,30132.79
2026-09-23,ORD-001858,M_SWEATERS-P1,4,8059.53
2026-09-23,ORD-001859,M_JEANS-P4,4,41512.3
2026-09-23,ORD-001860,M_SWIM-P2,2,5853.21
2026-09-23,ORD-001861,M_SWIM-P3,6,22930.39
2026-09-23,ORD-001862,M_FASHION_HOODIES_SWEATSHIRTS-P2,5,15684.9
2026-09-23,ORD-001863,W_OUTERWEAR_COATS-P2,3,17976.58
2026-09-23,ORD-001864,W_DRESSES-P4,6,43136.32
2026-09-23,ORD-001865,W_JEANS-P1,6,14448.87
2026-09-23,ORD-001866,W_INTIMATES-P2,7,9157.87
2026-09-23,ORD-001867,M_FASHION_HOODIES_SWEATSHIRTS-P1,4,7929.69
2026-09-23,ORD-001868,M_FASHION_HOODIES_SWEATSHIRTS-P1,5,9964.01
2026-09-23,ORD-001869,W_SWIM-P2,1,3089.82
2026-09-23,ORD-001870,M_SUITS_SPORT_COATS-P1,4,8401.64
2026-09-23,ORD-001871,W_OUTERWEAR_COATS-P2,5,29837.17
2026-09-23,ORD-001872,M_PANTS-P5,6,54979.34
2026-09-23,ORD-001873,M_SWEATERS-P1,7,13080.52
2026-09-23,ORD-001874,W_SWIM-P5,4,37187.17
2026-09-23,ORD-001875,W_INTIMATES-P3,7,15251.91
2026-09-23,ORD-001876,W_JEANS-P4,4,37100.72
2026-09-23,ORD-001877,W_INTIMATES-P1,1,823.67
2026-09-23,ORD-001878,W_JEANS-P1,3,7309.29
2026-09-23,ORD-001879,W_OUTERWEAR_COATS-P2,5,26598.79
2026-09-23,ORD-001880,W_INTIMATES-P1,6,4475.21
2026-09-23,ORD-001881,W_OUTERWEAR_COATS-P3,5,38044.39
2026-09-23,ORD-001882,M_SWIM-P5,6,37946.31
2026-09-23,ORD-001883,M_FASHION_HOODIES_SWEATSHIRTS-P4,6,30038.21
2026-09-23,ORD-001884,M_OUTERWEAR_COATS-P2,6,36856.81
2026-09-23,ORD-001885,M_JEANS-P4,9,89552.89
2026-09-23,ORD-001886,M_FASHION_HOODIES_SWEATSHIRTS-P4,9,45647.19
2026-09-23,ORD-001887,W_SWIM-P5,6,60439.57
2026-09-23,ORD-001888,M_SWEATERS-P5,4,51242.69
2026-09-23,ORD-001889,M_SUITS_SPORT_COATS-P4,4,43358.06
2026-09-23,ORD-001890,M_JEANS-P3,6,37884.25
2026-09-23,ORD-001891,W_SWIM-P2,1,2740.85
2026-09-23,ORD-001892,M_FASHION_HOODIES_SWEATSHIRTS-P5,2,16596.38
2026-09-23,ORD-001893,M_FASHION_HOODIES_SWEATSHIRTS-P4,4,19912.23
2026-09-23,ORD-001894,W_DRESSES-P5,7,105880.99
2026-09-23,ORD-001895,M_SWIM-P1,7,12082.53
2026-09-23,ORD-001896,W_DRESSES-P5,8,121161.49
2026-09-23,ORD-001897,M_SUITS_SPORT_COATS-P3,5,38027.33
2026-09-23,ORD-001898,M_SUITS_SPORT_COATS-P3,2,14869.77
2026-09-23,ORD-001899,W_OUTERWEAR_COATS-P3,9,67683.26
2026-09-23,ORD-001900,M_SWEATERS-P4,7,43096.59
2026-09-23,ORD-001901,W_INTIMATES-P2,4,5376.66
2026-09-23,ORD-001902,M_SUITS_SPORT_COATS-P4,9,102834.3
2026-09-23,ORD-001903,W_INTIMATES-P2,2,2900.03
2026-09-23,ORD-001904,W_DRESSES-P1,1,1048.52
2026-09-23,ORD-001905,W_DRESSES-P1,7,6797.47
2026-09-23,ORD-001906,M_JEANS-P4,7,73593.72
2026-09-23,ORD-001907,M_OUTERWEAR_COATS-P2,9,50163.59
2026-09-23,ORD-001908,M_SWIM-P3,6,20367.67
2026-09-23,ORD-001909,W_JEANS-P5,1,13318.24
2026-09-23,ORD-001910,W_SWIM-P1,7,11464.83
2026-09-23,ORD-001911,W_DRESSES-P5,2,33490.75
2026-09-23,ORD-001912,M_OUTERWEAR_COATS-P3,6,47205.49
2026-09-23,ORD-001913,M_SUITS_SPORT_COATS-P2,9,46283.44
2026-09-23,ORD-001914,M_OUTERWEAR_COATS-P2,8,46571.46
2026-09-23,ORD-001915,M_SWIM-P3,1,3740.21
2026-09-23,ORD-001916,M_JEANS-P5,7,117426.55
2026-09-23,ORD-001917,OTHER-ASSORTED,3,9552.87
2026-09-23,ORD-001918,W_SWIM-P3,9,39001.46
2026-09-23,ORD-001919,M_JEANS-P3,6,32915.93
2026-09-23,ORD-001920,M_FASHION_HOODIES_SWEATSHIRTS-P4,4,18794.92
2026-09-23,ORD-001921,W_SWIM-P2,9,27371.41
2026-09-23,ORD-001922,W_INTIMATES-P5,4,22360.12
2026-09-23,ORD-001923,W_SWIM-P4,3,17332.83
2026-09-23,ORD-001924,M_JEANS-P5,3,47454.84
2026-09-23,ORD-001925,W_OUTERWEAR_COATS-P1,1,2765.29
2026-09-23,ORD-001926,W_DRESSES-P3,5,22635.27
2026-09-23,ORD-001927,M_OUTERWEAR_COATS-P5,7,181353.9
2026-09-23,ORD-001928,W_DRESSES-P5,8,115624.79
2026-09-23,ORD-001929,W_JEANS-P4,1,9254.11
2026-09-23,ORD-001930,W_SWIM-P2,3,8975.34
2026-09-23,ORD-001931,M_PANTS-P1,9,14170.05
2026-09-23,ORD-001932,M_SWIM-P4,3,12345.05
2026-09-23,ORD-001933,M_OUTERWEAR_COATS-P2,4,24947.52
2026-09-23,ORD-001934,W_JEANS-P1,2,4868.45
2026-09-23,ORD-001935,W_INTIMATES-P5,4,21468.85
2026-09-23,ORD-001936,W_OUTERWEAR_COATS-P3,7,60789.87
2026-09-23,ORD-001937,M_FASHION_HOODIES_SWEATSHIRTS-P4,8,40354.61
2026-09-23,ORD-001938,M_SWEATERS-P4,2,14238.93
2026-09-23,ORD-001939,W_SWIM-P2,9,26619.6
2026-09-23,ORD-001940,M_JEANS-P5,6,92246.54
2026-09-23,ORD-001941,W_DRESSES-P5,4,67691.93
2026-09-23,ORD-001942,M_SUITS_SPORT_COATS-P2,7,36197.89
2026-09-23,ORD-001943,M_PANTS-P1,4,6267.05
2026-09-23,ORD-001944,W_OUTERWEAR_COATS-P5,7,177483.65
2026-09-23,ORD-001945,M_SWEATERS-P3,5,22314.34
2026-09-23,ORD-001946,W_DRESSES-P5,4,61910.79
2026-09-23,ORD-001947,M_JEANS-P5,4,62844.16
2026-09-23,ORD-001948,M_JEANS-P3,9,51544.86
2026-09-23,ORD-001949,M_SWEATERS-P2,8,27289.45
2026-09-23,ORD-001950,W_JEANS-P4,8,70140.52
2026-09-23,ORD-001951,M_PANTS-P3,8,30785.62
2026-09-23,ORD-001952,M_SWIM-P1,9,15090.34
2026-09-23,ORD-001953,M_OUTERWEAR_COATS-P1,4,12245.28
2026-09-23,ORD-001954,W_INTIMATES-P4,7,22023.43
2026-09-23,ORD-001955,M_SWEATERS-P1,2,3782.87
2026-09-23,ORD-001956,M_SWEATERS-P3,6,26971.67
2026-09-23,ORD-001957,W_INTIMATES-P4,7,20922.9
2026-09-23,ORD-001958,M_SWEATERS-P5,9,101842.06
2026-09-23,ORD-001959,W_OUTERWEAR_COATS-P4,8,87574.84
2026-09-23,ORD-001960,W_DRESSES-P5,7,117626.31
2026-09-23,ORD-001961,W_DRESSES-P4,5,34970.7
2026-09-23,ORD-001962,W_INTIMATES-P1,1,818.4
2026-09-23,ORD-001963,M_JEANS-P5,6,95637.8
2026-09-23,ORD-001964,M_SWEATERS-P1,6,11808.6
2026-09-23,ORD-001965,W_INTIMATES-P3,4,8132.44
2026-09-23,ORD-001966,W_SWIM-P5,3,30622.78
2026-09-23,ORD-001967,M_SWEATERS-P1,3,5607.59
2026-09-23,ORD-001968,M_JEANS-P4,1,9891.66
2026-09-23,ORD-001969,W_OUTERWEAR_COATS-P1,8,22186.01
2026-09-23,ORD-001970,M_PANTS-P3,6,23100.63
2026-09-23,ORD-001971,M_FASHION_HOODIES_SWEATSHIRTS-P2,6,18935.73
2026-09-23,ORD-001972,W_JEANS-P5,6,85814.58
2026-09-23,ORD-001973,M_SWIM-P1,2,3465.74
2026-09-23,ORD-001974,M_SUITS_SPORT_COATS-P5,5,97755.95
2026-09-23,ORD-001975,W_OUTERWEAR_COATS-P1,7,18185.0
2026-09-23,ORD-001976,W_OUTERWEAR_COATS-P1,9,23147.5
2026-09-23,ORD-001977,W_SWIM-P2,6,16620.86
2026-09-23,ORD-001978,M_SWIM-P2,3,8879.43
2026-09-23,ORD-001979,M_SUITS_SPORT_COATS-P5,1,19761.43
2026-09-23,ORD-001980,M_OUTERWEAR_COATS-P4,1,12011.83
2026-09-23,ORD-001981,M_JEANS-P4,3,28185.83
2026-09-23,ORD-001982,M_OUTERWEAR_COATS-P5,1,26911.49
2026-09-23,ORD-001983,M_JEANS-P3,2,12747.99
2026-09-23,ORD-001984,OTHER-ASSORTED,9,32405.07
2026-09-23,ORD-001985,M_JEANS-P1,3,7707.74
2026-09-23,ORD-001986,M_OUTERWEAR_COATS-P3,1,8476.27
2026-09-23,ORD-001987,W_OUTERWEAR_COATS-P4,7,77519.86
2026-09-23,ORD-001988,W_DRESSES-P5,3,47622.57
2026-09-23,ORD-001989,M_PANTS-P5,1,8359.44
2026-09-23,ORD-001990,M_OUTERWEAR_COATS-P1,2,6084.76
2026-09-23,ORD-001991,M_SUITS_SPORT_COATS-P1,3,5566.7
2026-09-23,ORD-001992,M_OUTERWEAR_COATS-P1,2,6241.6
2026-09-23,ORD-001993,W_DRESSES-P3,6,27468.06
2026-09-23,ORD-001994,M_OUTERWEAR_COATS-P3,6,45725.32
2026-09-23,ORD-001995,W_OUTERWEAR_COATS-P4,7,76243.88
2026-09-23,ORD-001996,M_SWEATERS-P2,5,15990.96
2026-09-23,ORD-001997,M_SWIM-P1,1,1930.76
2026-09-23,ORD-001998,W_INTIMATES-P5,3,15801.51
2026-09-23,ORD-001999,W_SWIM-P2,3,9040.81
2026-09-23,ORD-002000,W_DRESSES-P5,1,15477.68
2026-09-23,ORD-002001,W_DRESSES-P4,1,7773.66
2026-09-23,ORD-002002,OTHER-ASSORTED,1,3335.47
2026-09-23,ORD-002003,W_SWIM-P1,1,1766.91
2026-09-23,ORD-002004,M_SUITS_SPORT_COATS-P2,7,34715.71
2026-09-23,ORD-002005,M_JEANS-P5,1,16554.4
2026-09-23,ORD-002006,OTHER-ASSORTED,9,28451.31
2026-09-23,ORD-002007,M_OUTERWEAR_COATS-P2,7,38105.58
2026-09-23,ORD-002008,W_INTIMATES-P1,1,761.13
2026-09-23,ORD-002009,W_SWIM-P4,9,55266.32
2026-09-23,ORD-002010,W_OUTERWEAR_COATS-P4,6,66353.97
2026-09-23,ORD-002011,W_INTIMATES-P2,4,5719.6
2026-09-23,ORD-002012,W_JEANS-P1,7,15900.69
2026-09-23,ORD-002013,M_SWIM-P1,3,5184.02
2026-09-23,ORD-002014,M_SUITS_SPORT_COATS-P5,4,81801.51
2026-09-23,ORD-002015,W_SWIM-P2,4,12051.55
2026-09-23,ORD-002016,W_JEANS-P5,1,15126.05
2026-09-23,ORD-002017,W_INTIMATES-P4,6,16973.8
2026-09-23,ORD-002018,W_JEANS-P3,9,50678.56
2026-09-23,ORD-002019,W_DRESSES-P4,6,41979.66
2026-09-23,ORD-002020,W_OUTERWEAR_COATS-P4,9,100794.2
2026-09-23,ORD-002021,M_PANTS-P3,2,7662.37
2026-09-23,ORD-002022,W_OUTERWEAR_COATS-P3,1,7629.93
2026-09-23,ORD-002023,W_JEANS-P3,2,11873.34
2026-09-23,ORD-002024,W_SWIM-P3,5,20668.95
2026-09-23,ORD-002025,M_SWEATERS-P3,1,4290.76
2026-09-23,ORD-002026,W_JEANS-P4,3,24663.5
2026-09-23,ORD-002027,M_PANTS-P3,2,7809.1
2026-09-23,ORD-002028,M_SWEATERS-P3,8,39241.62
2026-09-23,ORD-002029,W_OUTERWEAR_COATS-P1,5,13022.53
2026-09-23,ORD-002030,M_SWEATERS-P4,6,37518.28
2026-09-23,ORD-002031,M_SWIM-P2,5,13124.65
2026-09-23,ORD-002032,W_INTIMATES-P1,5,3663.8
2026-09-23,ORD-002033,M_SUITS_SPORT_COATS-P4,4,50068.12
2026-09-23,ORD-002034,W_SWIM-P5,9,98717.36
2026-09-23,ORD-002035,M_SWEATERS-P3,5,22879.0
2026-09-23,ORD-002036,W_OUTERWEAR_COATS-P5,6,153296.86
2026-09-23,ORD-002037,W_SWIM-P5,8,87211.23
2026-09-23,ORD-002038,M_FASHION_HOODIES_SWEATSHIRTS-P3,3,12174.52
2026-09-23,ORD-002039,M_PANTS-P4,1,5058.13
2026-09-24,ORD-002040,M_SWIM-P5,3,17986.25
2026-09-24,ORD-002041,W_OUTERWEAR_COATS-P4,7,83255.04
2026-09-24,ORD-002042,M_PANTS-P2,9,23576.21
2026-09-24,ORD-002043,M_SWIM-P1,1,1659.44
2026-09-24,ORD-002044,W_OUTERWEAR_COATS-P4,1,10685.35
2026-09-24,ORD-002045,W_DRESSES-P3,8,37838.61
2026-09-24,ORD-002046,M_JEANS-P1,5,12648.54
2026-09-24,ORD-002047,W_SWIM-P4,3,18474.08
2026-09-24,ORD-002048,W_INTIMATES-P1,2,1559.19
2026-09-24,ORD-002049,W_OUTERWEAR_COATS-P3,9,70029.01
2026-09-24,ORD-002050,M_OUTERWEAR_COATS-P1,3,10565.06
2026-09-24,ORD-002051,M_OUTERWEAR_COATS-P5,8,230643.33
2026-09-24,ORD-002052,M_OUTERWEAR_COATS-P5,5,130521.62
2026-09-24,ORD-002053,M_FASHION_HOODIES_SWEATSHIRTS-P4,4,17712.73
2026-09-24,ORD-002054,W_DRESSES-P4,5,40036.71
2026-09-24,ORD-002055,W_JEANS-P4,2,18000.83
2026-09-24,ORD-002056,M_SWIM-P5,8,46814.33
2026-09-24,ORD-002057,M_SWEATERS-P2,8,27140.89
2026-09-24,ORD-002058,W_INTIMATES-P3,1,2174.79
2026-09-24,ORD-002059,M_OUTERWEAR_COATS-P5,8,216905.59
2026-09-24,ORD-002060,M_SWIM-P4,4,18456.12
2026-09-24,ORD-002061,M_OUTERWEAR_COATS-P1,9,30588.51
2026-09-24,ORD-002062,OTHER-ASSORTED,6,19855.78
2026-09-24,ORD-002063,M_OUTERWEAR_COATS-P1,3,10552.6
2026-09-24,ORD-002064,M_SWIM-P1,8,15298.68
2026-09-24,ORD-002065,W_DRESSES-P1,6,5906.29
2026-09-24,ORD-002066,M_SWIM-P2,6,15604.39
2026-09-24,ORD-002067,W_SWIM-P1,2,3397.93
2026-09-24,ORD-002068,M_JEANS-P3,3,17785.48
2026-09-24,ORD-002069,M_PANTS-P4,6,29264.18
2026-09-24,ORD-002070,OTHER-ASSORTED,3,9773.54
2026-09-24,ORD-002071,M_FASHION_HOODIES_SWEATSHIRTS-P2,6,17851.59
2026-09-24,ORD-002072,M_JEANS-P3,5,29426.69
2026-09-24,ORD-002073,M_SUITS_SPORT_COATS-P4,6,69937.13
2026-09-24,ORD-002074,W_SWIM-P4,4,23046.29
2026-09-24,ORD-002075,W_OUTERWEAR_COATS-P5,3,76114.04
2026-09-24,ORD-002076,W_DRESSES-P3,4,17201.81
2026-09-24,ORD-002077,W_INTIMATES-P5,4,23102.64
2026-09-24,ORD-002078,W_DRESSES-P2,2,5471.19
2026-09-24,ORD-002079,M_OUTERWEAR_COATS-P4,9,96503.44
2026-09-24,ORD-002080,M_SWIM-P3,9,33629.74
2026-09-24,ORD-002081,W_JEANS-P3,4,24123.07
2026-09-24,ORD-002082,W_INTIMATES-P3,5,11192.5
2026-09-24,ORD-002083,M_OUTERWEAR_COATS-P3,1,7819.58
2026-09-24,ORD-002084,M_SWEATERS-P3,2,9944.02
2026-09-24,ORD-002085,M_SUITS_SPORT_COATS-P1,1,1989.55
2026-09-24,ORD-002086,M_SUITS_SPORT_COATS-P3,9,69389.74
2026-09-24,ORD-002087,M_FASHION_HOODIES_SWEATSHIRTS-P1,4,8472.14
2026-09-24,ORD-002088,W_SWIM-P2,4,10721.88
2026-09-24,ORD-002089,W_SWIM-P4,2,10994.37
2026-09-24,ORD-002090,W_SWIM-P1,9,16833.62
2026-09-24,ORD-002091,W_INTIMATES-P3,7,14391.1
2026-09-24,ORD-002092,W_INTIMATES-P4,1,2706.23
2026-09-24,ORD-002093,W_OUTERWEAR_COATS-P3,7,53042.55
2026-09-24,ORD-002094,W_JEANS-P2,5,18193.07
2026-09-24,ORD-002095,M_SWEATERS-P3,6,29376.63
2026-09-24,ORD-002096,M_FASHION_HOODIES_SWEATSHIRTS-P2,1,3389.39
2026-09-24,ORD-002097,M_SWEATERS-P3,9,42553.49
2026-09-24,ORD-002098,M_OUTERWEAR_COATS-P1,6,20532.24
2026-09-24,ORD-002099,OTHER-ASSORTED,3,9849.87
2026-09-24,ORD-002100,W_SWIM-P2,6,16525.92
2026-09-24,ORD-002101,M_JEANS-P5,3,43774.51
2026-09-24,ORD-002102,M_JEANS-P5,2,31415.86
2026-09-24,ORD-002103,W_OUTERWEAR_COATS-P1,2,5282.88
2026-09-24,ORD-002104,M_SWIM-P3,2,7348.77
2026-09-24,ORD-002105,M_SWEATERS-P2,8,26007.14
2026-09-24,ORD-002106,M_FASHION_HOODIES_SWEATSHIRTS-P1,1,1871.28
2026-09-24,ORD-002107,M_JEANS-P4,4,41578.73
2026-09-24,ORD-002108,M_FASHION_HOODIES_SWEATSHIRTS-P1,4,8350.31
2026-09-24,ORD-002109,M_SUITS_SPORT_COATS-P3,4,30591.13
2026-09-24,ORD-002110,W_OUTERWEAR_COATS-P3,8,65820.74
2026-09-24,ORD-002111,M_SWEATERS-P3,6,27548.22
2026-09-24,ORD-002112,M_FASHION_HOODIES_SWEATSHIRTS-P3,4,16657.32
2026-09-24,ORD-002113,W_OUTERWEAR_COATS-P3,1,8042.34
2026-09-24,ORD-002114,M_SWIM-P3,4,15583.17
2026-09-24,ORD-002115,W_DRESSES-P3,3,12673.03
2026-09-24,ORD-002116,M_PANTS-P2,2,5944.76
2026-09-24,ORD-002117,W_JEANS-P3,2,11412.34
2026-09-24,ORD-002118,M_JEANS-P1,7,18961.49
2026-09-24,ORD-002119,M_FASHION_HOODIES_SWEATSHIRTS-P5,9,78203.56
2026-09-24,ORD-002120,M_SWEATERS-P4,4,27657.79
2026-09-24,ORD-002121,M_OUTERWEAR_COATS-P2,5,28550.93
2026-09-24,ORD-002122,W_SWIM-P4,2,11835.61
2026-09-24,ORD-002123,M_SWEATERS-P3,3,14030.64
2026-09-24,ORD-002124,M_SWIM-P2,2,5966.33
2026-09-24,ORD-002125,W_JEANS-P2,3,11471.28
2026-09-24,ORD-002126,W_JEANS-P5,1,13472.6
2026-09-24,ORD-002127,M_FASHION_HOODIES_SWEATSHIRTS-P3,6,21387.68
2026-09-24,ORD-002128,M_SWIM-P4,4,17264.42
2026-09-24,ORD-002129,M_OUTERWEAR_COATS-P1,4,13563.34
2026-09-24,ORD-002130,M_SWEATERS-P3,5,23670.93
2026-09-24,ORD-002131,M_JEANS-P1,4,11093.07
2026-09-24,ORD-002132,M_FASHION_HOODIES_SWEATSHIRTS-P1,4,8043.84
2026-09-24,ORD-002133,M_JEANS-P2,4,15719.39
2026-09-24,ORD-002134,M_SWIM-P5,5,33285.99
2026-09-24,ORD-002135,M_SUITS_SPORT_COATS-P2,4,19024.07
2026-09-24,ORD-002136,W_INTIMATES-P2,6,8085.82
2026-09-24,ORD-002137,M_SWEATERS-P1,7,14000.53
2026-09-24,ORD-002138,M_SWEATERS-P3,2,8687.31
2026-09-24,ORD-002139,M_FASHION_HOODIES_SWEATSHIRTS-P5,1,8360.99
2026-09-24,ORD-002140,M_PANTS-P2,2,5571.78
2026-09-24,ORD-002141,W_INTIMATES-P3,8,16020.99
2026-09-24,ORD-002142,M_JEANS-P2,8,32267.04
2026-09-24,ORD-002143,M_SWEATERS-P4,5,31073.55
2026-09-24,ORD-002144,W_DRESSES-P2,8,20793.44
2026-09-24,ORD-002145,M_FASHION_HOODIES_SWEATSHIRTS-P5,8,65711.7
2026-09-24,ORD-002146,W_INTIMATES-P2,1,1460.12
2026-09-24,ORD-002147,W_DRESSES-P2,1,2907.03
2026-09-24,ORD-002148,W_JEANS-P5,2,26139.31
2026-09-24,ORD-002149,M_SUITS_SPORT_COATS-P1,4,7344.33
2026-09-24,ORD-002150,W_DRESSES-P2,5,13509.49
2026-09-24,ORD-002151,W_INTIMATES-P4,6,17233.1
2026-09-24,ORD-002152,W_OUTERWEAR_COATS-P2,5,26173.68
2026-09-24,ORD-002153,M_SWEATERS-P4,8,50762.24
2026-09-24,ORD-002154,M_JEANS-P4,2,19547.59
2026-09-24,ORD-002155,M_SWEATERS-P3,4,18861.04
2026-09-24,ORD-002156,M_JEANS-P5,5,80203.91
2026-09-24,ORD-002157,M_JEANS-P3,7,38670.04
2026-09-24,ORD-002158,M_OUTERWEAR_COATS-P5,1,25618.54
2026-09-24,ORD-002159,W_OUTERWEAR_COATS-P5,6,145014.13
2026-09-24,ORD-002160,M_PANTS-P5,6,57047.71
2026-09-24,ORD-002161,W_JEANS-P2,9,34667.71
2026-09-24,ORD-002162,W_DRESSES-P2,8,23925.07
2026-09-24,ORD-002163,W_INTIMATES-P1,9,6501.43
2026-09-24,ORD-002164,M_SWIM-P4,4,17184.49
2026-09-24,ORD-002165,M_SUITS_SPORT_COATS-P2,3,14535.57
2026-09-24,ORD-002166,M_SWIM-P3,9,33220.77
2026-09-24,ORD-002167,M_OUTERWEAR_COATS-P5,5,139638.19
2026-09-24,ORD-002168,M_JEANS-P4,9,80331.76
2026-09-24,ORD-002169,M_SWEATERS-P3,3,12771.1
2026-09-24,ORD-002170,M_PANTS-P4,5,23277.7
2026-09-24,ORD-002171,W_DRESSES-P5,8,130847.88
2026-09-24,ORD-002172,M_SWIM-P4,8,33017.22
2026-09-24,ORD-002173,W_SWIM-P4,9,51848.11
2026-09-24,ORD-002174,M_SWIM-P5,5,29675.42
2026-09-24,ORD-002175,W_OUTERWEAR_COATS-P3,1,8539.52
2026-09-24,ORD-002176,M_SWIM-P1,6,11111.66
2026-09-24,ORD-002177,M_OUTERWEAR_COATS-P4,8,98037.51
2026-09-24,ORD-002178,W_INTIMATES-P5,5,27689.3
2026-09-24,ORD-002179,M_JEANS-P1,6,16197.49
2026-09-24,ORD-002180,M_OUTERWEAR_COATS-P4,4,49957.35
2026-09-24,ORD-002181,M_SWEATERS-P3,5,23570.52
2026-09-24,ORD-002182,W_INTIMATES-P4,1,2806.72
2026-09-24,ORD-002183,M_FASHION_HOODIES_SWEATSHIRTS-P4,6,27511.14
2026-09-24,ORD-002184,M_FASHION_HOODIES_SWEATSHIRTS-P3,7,29088.99
2026-09-24,ORD-002185,M_SWIM-P4,5,22641.16
2026-09-24,ORD-002186,M_OUTERWEAR_COATS-P5,6,158741.63
2026-09-24,ORD-002187,M_JEANS-P2,3,11949.51
2026-09-24,ORD-002188,M_SUITS_SPORT_COATS-P4,4,44971.75
2026-09-24,ORD-002189,M_SWIM-P2,1,2854.82
2026-09-24,ORD-002190,W_SWIM-P2,6,18240.9
2026-09-24,ORD-002191,W_OUTERWEAR_COATS-P5,8,200470.74
2026-09-24,ORD-002192,M_JEANS-P5,6,87482.85
2026-09-24,ORD-002193,W_INTIMATES-P1,3,2364.7
2026-09-24,ORD-002194,M_SUITS_SPORT_COATS-P3,5,33870.23
2026-09-24,ORD-002195,W_INTIMATES-P3,4,8120.44
2026-09-24,ORD-002196,W_OUTERWEAR_COATS-P4,3,35865.92
2026-09-24,ORD-002197,M_SWEATERS-P3,7,30603.37
2026-09-24,ORD-002198,W_JEANS-P4,6,52925.71
2026-09-24,ORD-002199,M_JEANS-P3,5,29348.59
2026-09-24,ORD-002200,M_SWEATERS-P1,5,10485.16
2026-09-24,ORD-002201,M_SWEATERS-P1,7,12857.36
2026-09-24,ORD-002202,W_JEANS-P5,1,14528.66
2026-09-24,ORD-002203,M_JEANS-P3,6,34582.79
2026-09-24,ORD-002204,W_INTIMATES-P3,1,2132.72
2026-09-24,ORD-002205,M_OUTERWEAR_COATS-P3,4,29935.2
2026-09-24,ORD-002206,W_INTIMATES-P3,4,8067.64
2026-09-24,ORD-002207,M_OUTERWEAR_COATS-P3,4,31097.04
2026-09-24,ORD-002208,W_DRESSES-P2,6,15579.37
2026-09-24,ORD-002209,W_DRESSES-P1,6,6348.94
2026-09-24,ORD-002210,W_OUTERWEAR_COATS-P4,2,22478.78
2026-09-24,ORD-002211,M_JEANS-P3,4,22577.59
2026-09-24,ORD-002212,M_PANTS-P5,7,67276.9
2026-09-24,ORD-002213,M_FASHION_HOODIES_SWEATSHIRTS-P1,4,7327.39
2026-09-24,ORD-002214,M_SWEATERS-P1,4,7955.4
2026-09-24,ORD-002215,M_SWEATERS-P3,4,17924.02
2026-09-24,ORD-002216,M_PANTS-P1,7,11749.29
2026-09-24,ORD-002217,M_SWIM-P4,9,40793.4
2026-09-24,ORD-002218,M_PANTS-P3,8,32110.93
2026-09-24,ORD-002219,M_SWIM-P1,8,15427.25
2026-09-24,ORD-002220,M_FASHION_HOODIES_SWEATSHIRTS-P4,7,32654.46
2026-09-24,ORD-002221,W_DRESSES-P3,3,13969.91
2026-09-24,ORD-002222,W_OUTERWEAR_COATS-P3,8,65379.17
2026-09-24,ORD-002223,M_SUITS_SPORT_COATS-P5,3,67027.76
2026-09-24,ORD-002224,M_JEANS-P2,5,20822.58
2026-09-24,ORD-002225,W_JEANS-P2,8,31174.56
2026-09-24,ORD-002226,W_SWIM-P1,2,3364.73
2026-09-24,ORD-002227,W_OUTERWEAR_COATS-P5,4,107281.75
2026-09-24,ORD-002228,M_FASHION_HOODIES_SWEATSHIRTS-P5,2,17729.2
2026-09-24,ORD-002229,M_OUTERWEAR_COATS-P2,6,31780.12
2026-09-24,ORD-002230,M_SWEATERS-P2,9,28829.52
2026-09-24,ORD-002231,W_SWIM-P3,6,24514.2
2026-09-24,ORD-002232,W_INTIMATES-P5,3,15618.16
2026-09-24,ORD-002233,M_SWIM-P4,8,32237.55
2026-09-24,ORD-002234,M_PANTS-P4,9,42579.61
2026-09-24,ORD-002235,W_SWIM-P1,7,11872.58
2026-09-24,ORD-002236,M_SUITS_SPORT_COATS-P2,9,45022.73
2026-09-24,ORD-002237,M_PANTS-P4,2,10143.3
2026-09-24,ORD-002238,W_INTIMATES-P5,6,35406.21
2026-09-24,ORD-002239,M_SUITS_SPORT_COATS-P4,9,107745.4
2026-09-24,ORD-002240,M_JEANS-P4,6,59912.06
2026-09-24,ORD-002241,M_JEANS-P3,6,33559.81
2026-09-24,ORD-002242,M_FASHION_HOODIES_SWEATSHIRTS-P2,6,17907.24
2026-09-24,ORD-002243,M_FASHION_HOODIES_SWEATSHIRTS-P1,3,6364.22
2026-09-24,ORD-002244,M_OUTERWEAR_COATS-P3,9,72582.84
2026-09-24,ORD-002245,M_SWEATERS-P1,5,9259.98
2026-09-24,ORD-002246,W_JEANS-P5,8,105526.25
2026-09-24,ORD-002247,W_SWIM-P3,6,25739.2
2026-09-24,ORD-002248,M_FASHION_HOODIES_SWEATSHIRTS-P4,1,4597.8
2026-09-24,ORD-002249,W_SWIM-P1,6,10743.54
2026-09-24,ORD-002250,W_INTIMATES-P3,1,2088.07
2026-09-24,ORD-002251,M_SWIM-P1,4,7181.23
2026-09-24,ORD-002252,M_FASHION_HOODIES_SWEATSHIRTS-P5,3,25712.52
2026-09-24,ORD-002253,M_PANTS-P2,9,24017.32
2026-09-24,ORD-002254,W_DRESSES-P4,3,22856.31
2026-09-24,ORD-002255,W_OUTERWEAR_COATS-P5,6,150401.09
2026-09-24,ORD-002256,M_SWIM-P5,3,19114.3
2026-09-24,ORD-002257,W_JEANS-P1,2,4387.19
2026-09-24,ORD-002258,M_PANTS-P5,5,46273.93
2026-09-24,ORD-002259,M_SWIM-P5,4,25301.65
2026-09-24,ORD-002260,W_JEANS-P2,6,22022.52
2026-09-24,ORD-002261,W_JEANS-P3,6,35149.75
2026-09-24,ORD-002262,OTHER-ASSORTED,3,10632.96
2026-09-24,ORD-002263,W_INTIMATES-P1,2,1415.23
2026-09-24,ORD-002264,W_DRESSES-P4,1,7535.78
2026-09-24,ORD-002265,W_INTIMATES-P4,9,27264.38
2026-09-24,ORD-002266,M_PANTS-P3,2,7257.5
2026-09-24,ORD-002267,W_OUTERWEAR_COATS-P2,9,45953.87
2026-09-24,ORD-002268,W_DRESSES-P4,4,29387.34
2026-09-24,ORD-002269,W_OUTERWEAR_COATS-P3,8,65209.45
2026-09-24,ORD-002270,W_OUTERWEAR_COATS-P5,3,74059.23
2026-09-24,ORD-002271,W_SWIM-P2,6,17531.64
2026-09-24,ORD-002272,M_JEANS-P4,6,56972.63
2026-09-24,ORD-002273,W_SWIM-P3,2,7497.18
2026-09-24,ORD-002274,W_JEANS-P1,2,4321.28
2026-09-24,ORD-002275,W_INTIMATES-P4,5,15008.71
2026-09-24,ORD-002276,M_PANTS-P5,2,19086.18
2026-09-24,ORD-002277,M_SWEATERS-P4,5,33824.57
2026-09-24,ORD-002278,M_FASHION_HOODIES_SWEATSHIRTS-P1,1,2034.03
2026-09-24,ORD-002279,M_OUTERWEAR_COATS-P5,5,126690.52
2026-09-24,ORD-002280,W_SWIM-P4,9,51343.19
2026-09-24,ORD-002281,W_DRESSES-P3,3,13083.85
2026-09-24,ORD-002282,M_SWIM-P5,8,48170.0
2026-09-24,ORD-002283,W_OUTERWEAR_COATS-P1,8,23645.84
2026-09-24,ORD-002284,W_SWIM-P5,4,39009.96
2026-09-24,ORD-002285,W_JEANS-P2,9,31287.74
2026-09-24,ORD-002286,W_INTIMATES-P4,5,14335.11
2026-09-24,ORD-002287,M_OUTERWEAR_COATS-P5,2,51823.03
2026-09-24,ORD-002288,W_JEANS-P5,6,83317.49
2026-09-24,ORD-002289,M_SUITS_SPORT_COATS-P3,9,65643.69
2026-09-24,ORD-002290,W_DRESSES-P4,6,43791.28
2026-09-24,ORD-002291,M_OUTERWEAR_COATS-P1,6,19770.24
2026-09-24,ORD-002292,W_SWIM-P3,7,26879.93
2026-09-24,ORD-002293,W_JEANS-P3,3,17372.83
2026-09-24,ORD-002294,M_OUTERWEAR_COATS-P2,8,49852.89
2026-09-24,ORD-002295,M_OUTERWEAR_COATS-P4,4,47404.18
2026-09-24,ORD-002296,M_PANTS-P1,6,9967.49
2026-09-24,ORD-002297,W_SWIM-P2,2,5516.94
2026-09-24,ORD-002298,M_SUITS_SPORT_COATS-P3,2,14581.8
2026-09-24,ORD-002299,M_SUITS_SPORT_COATS-P5,4,82468.52
2026-09-24,ORD-002300,W_OUTERWEAR_COATS-P1,1,2975.82
2026-09-24,ORD-002301,M_PANTS-P5,5,47136.07
2026-09-24,ORD-002302,M_JEANS-P4,9,88090.37
2026-09-24,ORD-002303,W_DRESSES-P1,3,3272.45
2026-09-24,ORD-002304,M_OUTERWEAR_COATS-P1,5,16961.44
2026-09-24,ORD-002305,M_JEANS-P2,7,29415.84
2026-09-24,ORD-002306,M_SWEATERS-P3,7,30586.03
2026-09-24,ORD-002307,M_JEANS-P2,3,11797.55
2026-09-24,ORD-002308,M_SWIM-P3,3,10579.26
2026-09-24,ORD-002309,W_INTIMATES-P1,7,5227.62
2026-09-24,ORD-002310,M_JEANS-P5,2,29311.65
2026-09-24,ORD-002311,W_DRESSES-P1,4,3981.63
2026-09-24,ORD-002312,W_DRESSES-P2,9,23669.5
2026-09-24,ORD-002313,W_INTIMATES-P1,9,6833.9
2026-09-24,ORD-002314,M_JEANS-P2,1,4312.73
2026-09-24,ORD-002315,W_OUTERWEAR_COATS-P5,4,102947.68
2026-09-24,ORD-002316,W_SWIM-P1,2,3497.07
2026-09-24,ORD-002317,M_OUTERWEAR_COATS-P4,5,59029.97
2026-09-24,ORD-002318,W_DRESSES-P3,4,19108.5
2026-09-24,ORD-002319,M_OUTERWEAR_COATS-P2,6,33910.86
2026-09-24,ORD-002320,M_SWIM-P1,2,3853.17
2026-09-24,ORD-002321,M_OUTERWEAR_COATS-P1,5,15527.91
2026-09-24,ORD-002322,OTHER-ASSORTED,2,6229.45
2026-09-24,ORD-002323,W_DRESSES-P1,1,1001.81
2026-09-24,ORD-002324,M_OUTERWEAR_COATS-P4,2,22160.65
2026-09-24,ORD-002325,W_OUTERWEAR_COATS-P3,2,15569.1
2026-09-24,ORD-002326,M_OUTERWEAR_COATS-P2,5,26461.05
2026-09-24,ORD-002327,W_SWIM-P3,8,31085.25
2026-09-24,ORD-002328,M_PANTS-P1,7,10748.54
2026-09-24,ORD-002329,M_OUTERWEAR_COATS-P5,1,25442.76
2026-09-24,ORD-002330,W_JEANS-P2,2,7201.6
2026-09-24,ORD-002331,M_SWIM-P2,1,2985.92
2026-09-24,ORD-002332,M_OUTERWEAR_COATS-P4,6,63937.74
2026-09-24,ORD-002333,W_JEANS-P3,7,40444.98
2026-09-24,ORD-002334,W_SWIM-P4,9,50553.23
2026-09-24,ORD-002335,M_PANTS-P5,7,58395.69
2026-09-24,ORD-002336,W_SWIM-P5,9,94902.22
2026-09-24,ORD-002337,W_INTIMATES-P3,7,14831.79
2026-09-24,ORD-002338,M_SWIM-P4,8,33164.8
2026-09-24,ORD-002339,W_OUTERWEAR_COATS-P2,7,41485.97
2026-09-24,ORD-002340,W_OUTERWEAR_COATS-P2,7,36964.09
2026-09-24,ORD-002341,M_FASHION_HOODIES_SWEATSHIRTS-P4,9,40240.54
2026-09-24,ORD-002342,W_SWIM-P5,4,43856.43
2026-09-24,ORD-002343,M_SWIM-P3,2,6762.76
2026-09-24,ORD-002344,M_SUITS_SPORT_COATS-P4,7,88419.12
2026-09-24,ORD-002345,M_FASHION_HOODIES_SWEATSHIRTS-P1,5,9997.67
2026-09-24,ORD-002346,W_DRESSES-P5,3,49555.33
2026-09-24,ORD-002347,M_SWIM-P1,3,5684.58
2026-09-24,ORD-002348,M_SWEATERS-P3,4,17334.42
2026-09-24,ORD-002349,M_SWEATERS-P1,1,1990.12
2026-09-24,ORD-002350,M_FASHION_HOODIES_SWEATSHIRTS-P2,7,21697.4
2026-09-24,ORD-002351,M_SUITS_SPORT_COATS-P1,9,18151.49
2026-09-24,ORD-002352,M_SUITS_SPORT_COATS-P2,2,9282.99
2026-09-24,ORD-002353,W_INTIMATES-P2,2,2725.75
2026-09-24,ORD-002354,W_JEANS-P5,5,67606.73
2026-09-24,ORD-002355,M_SWIM-P5,3,17256.54
2026-09-24,ORD-002356,W_JEANS-P1,2,5061.4
2026-09-24,ORD-002357,M_PANTS-P5,1,9406.32
2026-09-24,ORD-002358,W_SWIM-P3,6,25287.4
2026-09-24,ORD-002359,W_DRESSES-P4,7,53140.07
2026-09-24,ORD-002360,W_JEANS-P2,7,27091.65
2026-09-24,ORD-002361,M_JEANS-P3,9,53046.1
2026-09-24,ORD-002362,M_SWIM-P2,8,21622.61
2026-09-24,ORD-002363,M_SWEATERS-P3,4,18067.89
2026-09-24,ORD-002364,M_OUTERWEAR_COATS-P3,6,48665.93
2026-09-24,ORD-002365,W_INTIMATES-P5,7,38360.28
2026-09-24,ORD-002366,W_JEANS-P3,9,50824.44
2026-09-24,ORD-002367,M_JEANS-P3,1,6080.55
2026-09-24,ORD-002368,M_PANTS-P2,4,10707.25
2026-09-24,ORD-002369,M_SUITS_SPORT_COATS-P5,5,103900.02
2026-09-24,ORD-002370,W_DRESSES-P3,9,37838.48
2026-09-24,ORD-002371,M_JEANS-P5,5,82545.57
2026-09-24,ORD-002372,M_PANTS-P1,2,3316.86
2026-09-25,ORD-002373,M_JEANS-P1,1,2647.56
2026-09-25,ORD-002374,W_INTIMATES-P2,5,7553.42
2026-09-25,ORD-002375,M_SWEATERS-P4,2,12516.79
2026-09-25,ORD-002376,W_OUTERWEAR_COATS-P1,2,5512.95
2026-09-25,ORD-002377,M_SWIM-P3,1,3826.88
2026-09-25,ORD-002378,M_SUITS_SPORT_COATS-P4,3,36836.8
2026-09-25,ORD-002379,M_JEANS-P1,1,2392.06
2026-09-25,ORD-002380,M_SWIM-P3,4,14887.37
2026-09-25,ORD-002381,W_OUTERWEAR_COATS-P2,2,11196.69
2026-09-25,ORD-002382,W_DRESSES-P3,9,37161.79
2026-09-25,ORD-002383,M_PANTS-P4,7,34468.63
2026-09-25,ORD-002384,W_DRESSES-P2,4,10742.13
2026-09-25,ORD-002385,M_FASHION_HOODIES_SWEATSHIRTS-P4,2,9457.61
2026-09-25,ORD-002386,W_INTIMATES-P2,7,9570.62
2026-09-25,ORD-002387,M_FASHION_HOODIES_SWEATSHIRTS-P4,2,8760.94
2026-09-25,ORD-002388,M_FASHION_HOODIES_SWEATSHIRTS-P5,4,33692.15
2026-09-25,ORD-002389,W_JEANS-P1,5,12030.96
2026-09-25,ORD-002390,M_PANTS-P4,3,15105.66
2026-09-25,ORD-002391,M_FASHION_HOODIES_SWEATSHIRTS-P2,5,15536.84
2026-09-25,ORD-002392,M_SUITS_SPORT_COATS-P1,5,10006.4
2026-09-25,ORD-002393,W_DRESSES-P5,9,130817.58
2026-09-25,ORD-002394,W_OUTERWEAR_COATS-P1,9,25191.39
2026-09-25,ORD-002395,M_OUTERWEAR_COATS-P5,6,152669.97
2026-09-25,ORD-002396,M_SWIM-P3,9,31592.42
2026-09-25,ORD-002397,M_PANTS-P5,6,51632.46
2026-09-25,ORD-002398,W_SWIM-P3,9,35282.11
2026-09-25,ORD-002399,W_DRESSES-P3,4,19259.78
2026-09-25,ORD-002400,W_SWIM-P5,8,77694.43
2026-09-25,ORD-002401,W_OUTERWEAR_COATS-P2,4,20838.91
2026-09-25,ORD-002402,OTHER-ASSORTED,3,10611.89
2026-09-25,ORD-002403,OTHER-ASSORTED,1,3125.78
2026-09-25,ORD-002404,W_OUTERWEAR_COATS-P5,3,76114.26
2026-09-25,ORD-002405,W_INTIMATES-P4,4,11474.17
2026-09-25,ORD-002406,M_OUTERWEAR_COATS-P2,2,11165.6
2026-09-25,ORD-002407,W_OUTERWEAR_COATS-P1,2,5305.8
2026-09-25,ORD-002408,W_INTIMATES-P1,9,7064.86
2026-09-25,ORD-002409,M_FASHION_HOODIES_SWEATSHIRTS-P3,4,16612.16
2026-09-25,ORD-002410,M_SWEATERS-P1,7,13993.09
2026-09-25,ORD-002411,M_OUTERWEAR_COATS-P3,6,50190.8
2026-09-25,ORD-002412,OTHER-ASSORTED,5,16538.61
2026-09-25,ORD-002413,W_DRESSES-P1,7,7406.33
2026-09-25,ORD-002414,M_OUTERWEAR_COATS-P3,7,61256.54
2026-09-25,ORD-002415,M_SWIM-P3,6,23626.85
2026-09-25,ORD-002416,M_SWEATERS-P5,1,13037.4
2026-09-25,ORD-002417,M_PANTS-P1,2,3401.68
2026-09-25,ORD-002418,W_SWIM-P5,3,32068.36
2026-09-25,ORD-002419,W_SWIM-P1,5,9258.41
2026-09-25,ORD-002420,M_SWEATERS-P5,8,95918.74
2026-09-25,ORD-002421,W_DRESSES-P3,6,28861.32
2026-09-25,ORD-002422,W_SWIM-P1,3,5513.58
2026-09-25,ORD-002423,W_INTIMATES-P2,3,4005.75
2026-09-25,ORD-002424,M_JEANS-P5,9,132580.82
2026-09-25,ORD-002425,M_SUITS_SPORT_COATS-P2,2,9940.78
2026-09-25,ORD-002426,M_JEANS-P5,9,132852.34
2026-09-25,ORD-002427,W_OUTERWEAR_COATS-P4,6,72629.8
2026-09-25,ORD-002428,M_PANTS-P4,5,23124.5
2026-09-25,ORD-002429,M_OUTERWEAR_COATS-P4,7,86553.05
2026-09-25,ORD-002430,W_SWIM-P5,7,67540.07
2026-09-25,ORD-002431,M_SWEATERS-P5,1,12213.43
2026-09-25,ORD-002432,W_DRESSES-P5,7,114589.58
2026-09-25,ORD-002433,M_JEANS-P2,4,15706.56
2026-09-25,ORD-002434,M_PANTS-P1,1,1667.43
2026-09-25,ORD-002435,M_SWEATERS-P5,7,87540.85
2026-09-25,ORD-002436,M_SWIM-P3,2,6965.56
2026-09-25,ORD-002437,M_PANTS-P4,4,21460.0
2026-09-25,ORD-002438,M_SUITS_SPORT_COATS-P4,1,12451.86
2026-09-25,ORD-002439,M_JEANS-P3,1,6057.69
2026-09-25,ORD-002440,W_DRESSES-P2,8,22365.39
2026-09-25,ORD-002441,W_OUTERWEAR_COATS-P2,7,36594.85
2026-09-25,ORD-002442,M_SWIM-P5,8,47256.25
2026-09-25,ORD-002443,M_SWEATERS-P1,3,5515.59
2026-09-25,ORD-002444,W_INTIMATES-P5,6,34036.13
2026-09-25,ORD-002445,W_SWIM-P4,4,24078.7
2026-09-25,ORD-002446,W_DRESSES-P1,6,5851.63
2026-09-25,ORD-002447,M_SWIM-P3,6,21850.15
2026-09-25,ORD-002448,M_FASHION_HOODIES_SWEATSHIRTS-P3,6,22188.29
2026-09-25,ORD-002449,W_JEANS-P2,5,18643.57
2026-09-25,ORD-002450,W_SWIM-P4,7,41905.64
2026-09-25,ORD-002451,M_SWEATERS-P4,8,53298.77
2026-09-25,ORD-002452,W_JEANS-P3,6,37664.28
2026-09-25,ORD-002453,W_INTIMATES-P4,3,9206.78
2026-09-25,ORD-002454,M_PANTS-P1,3,4685.29
2026-09-25,ORD-002455,M_OUTERWEAR_COATS-P4,8,95021.63
2026-09-25,ORD-002456,M_OUTERWEAR_COATS-P3,6,52892.52
2026-09-25,ORD-002457,M_SWEATERS-P4,8,56277.48
2026-09-25,ORD-002458,W_DRESSES-P5,3,49323.61
2026-09-25,ORD-002459,M_FASHION_HOODIES_SWEATSHIRTS-P4,3,13957.18
2026-09-25,ORD-002460,M_FASHION_HOODIES_SWEATSHIRTS-P5,8,61187.91
2026-09-25,ORD-002461,W_SWIM-P1,8,14466.7
2026-09-25,ORD-002462,M_SWIM-P3,2,7169.75
2026-09-25,ORD-002463,W_OUTERWEAR_COATS-P4,3,35239.93
2026-09-25,ORD-002464,W_DRESSES-P2,7,18554.93
2026-09-25,ORD-002465,M_PANTS-P5,8,70871.04
2026-09-25,ORD-002466,M_FASHION_HOODIES_SWEATSHIRTS-P4,9,38779.07
2026-09-25,ORD-002467,M_FASHION_HOODIES_SWEATSHIRTS-P3,7,25652.73
2026-09-25,ORD-002468,M_SUITS_SPORT_COATS-P2,1,4557.42
2026-09-25,ORD-002469,W_OUTERWEAR_COATS-P3,1,8586.63
2026-09-25,ORD-002470,W_OUTERWEAR_COATS-P4,8,92738.67
2026-09-25,ORD-002471,M_SUITS_SPORT_COATS-P4,2,23724.57
2026-09-25,ORD-002472,W_DRESSES-P2,6,15276.16
2026-09-25,ORD-002473,M_SUITS_SPORT_COATS-P5,5,104755.2
2026-09-25,ORD-002474,M_FASHION_HOODIES_SWEATSHIRTS-P5,8,66880.0
2026-09-25,ORD-002475,M_SUITS_SPORT_COATS-P5,2,42491.21
2026-09-25,ORD-002476,M_SWEATERS-P1,2,3876.42
2026-09-25,ORD-002477,M_SWEATERS-P3,9,42169.26
2026-09-25,ORD-002478,M_JEANS-P3,8,50388.19
2026-09-25,ORD-002479,W_OUTERWEAR_COATS-P4,5,51831.61
2026-09-25,ORD-002480,W_SWIM-P1,7,12498.87
2026-09-25,ORD-002481,M_PANTS-P3,1,4045.96
2026-09-25,ORD-002482,W_SWIM-P2,4,11202.71
2026-09-25,ORD-002483,M_SWEATERS-P5,7,80615.61
2026-09-25,ORD-002484,W_DRESSES-P5,1,15179.98
2026-09-25,ORD-002485,M_SWIM-P5,4,26358.76
2026-09-25,ORD-002486,W_DRESSES-P1,7,7899.22
2026-09-25,ORD-002487,W_DRESSES-P1,1,1043.02
2026-09-25,ORD-002488,W_SWIM-P1,9,15989.98
2026-09-25,ORD-002489,W_DRESSES-P2,3,8489.5
2026-09-25,ORD-002490,M_SWIM-P1,5,9115.0
2026-09-25,ORD-002491,M_SWIM-P5,1,6359.5
2026-09-25,ORD-002492,W_SWIM-P5,1,9526.22
2026-09-25,ORD-002493,W_INTIMATES-P5,1,5827.92
2026-09-25,ORD-002494,M_PANTS-P1,1,1754.6
2026-09-25,ORD-002495,M_OUTERWEAR_COATS-P1,5,15761.95
2026-09-25,ORD-002496,M_SUITS_SPORT_COATS-P5,4,88600.06
2026-09-25,ORD-002497,W_INTIMATES-P5,9,54255.07
2026-09-25,ORD-002498,W_JEANS-P4,6,53858.37
2026-09-25,ORD-002499,M_JEANS-P5,2,29644.95
2026-09-25,ORD-002500,M_SWIM-P4,7,32442.35
2026-09-25,ORD-002501,M_JEANS-P5,8,117080.92
2026-09-25,ORD-002502,OTHER-ASSORTED,5,18041.0
2026-09-25,ORD-002503,M_FASHION_HOODIES_SWEATSHIRTS-P2,9,27089.73
2026-09-25,ORD-002504,M_SWIM-P2,1,2958.46
2026-09-25,ORD-002505,M_OUTERWEAR_COATS-P1,1,3240.3
2026-09-25,ORD-002506,OTHER-ASSORTED,2,6529.85
2026-09-25,ORD-002507,M_FASHION_HOODIES_SWEATSHIRTS-P5,3,24401.53
2026-09-25,ORD-002508,W_SWIM-P4,5,28800.92
2026-09-25,ORD-002509,M_FASHION_HOODIES_SWEATSHIRTS-P3,2,8170.54
2026-09-25,ORD-002510,M_SWEATERS-P5,9,115695.5
2026-09-25,ORD-002511,M_SWIM-P2,2,5251.95
2026-09-25,ORD-002512,W_SWIM-P5,3,31951.22
2026-09-25,ORD-002513,M_OUTERWEAR_COATS-P5,1,25168.32
2026-09-25,ORD-002514,W_SWIM-P3,5,18999.46
2026-09-25,ORD-002515,W_JEANS-P4,3,27631.55
2026-09-25,ORD-002516,W_DRESSES-P5,9,148416.8
2026-09-25,ORD-002517,M_SUITS_SPORT_COATS-P1,3,6373.55
2026-09-25,ORD-002518,M_SUITS_SPORT_COATS-P1,7,14320.75
2026-09-25,ORD-002519,W_OUTERWEAR_COATS-P4,8,86388.81
2026-09-25,ORD-002520,M_PANTS-P2,9,24220.06
2026-09-25,ORD-002521,W_DRESSES-P4,6,47433.18
2026-09-25,ORD-002522,M_PANTS-P1,1,1689.34
2026-09-25,ORD-002523,M_JEANS-P3,4,24826.0
2026-09-25,ORD-002524,W_JEANS-P4,1,8521.45
2026-09-25,ORD-002525,M_JEANS-P2,5,21362.02
2026-09-25,ORD-002526,W_INTIMATES-P3,8,17571.06
2026-09-25,ORD-002527,M_SWIM-P5,3,18267.89
2026-09-25,ORD-002528,M_JEANS-P1,6,15331.71
2026-09-25,ORD-002529,M_OUTERWEAR_COATS-P2,3,16478.34
2026-09-25,ORD-002530,W_SWIM-P4,1,5328.33
2026-09-25,ORD-002531,W_INTIMATES-P2,7,9202.77
2026-09-25,ORD-002532,M_PANTS-P1,8,13493.61
2026-09-25,ORD-002533,W_OUTERWEAR_COATS-P5,7,185692.32
2026-09-25,ORD-002534,M_JEANS-P3,1,5827.33
2026-09-25,ORD-002535,M_OUTERWEAR_COATS-P3,4,33030.39
2026-09-25,ORD-002536,M_SWEATERS-P3,6,28975.99
2026-09-25,ORD-002537,M_SWIM-P5,6,38122.64
2026-09-25,ORD-002538,M_JEANS-P4,7,62988.24
2026-09-25,ORD-002539,M_SWEATERS-P2,5,15573.99
2026-09-25,ORD-002540,M_JEANS-P3,4,23467.8
2026-09-25,ORD-002541,M_SWEATERS-P4,5,31771.17
2026-09-25,ORD-002542,W_SWIM-P1,8,13442.66
2026-09-25,ORD-002543,W_DRESSES-P4,2,15935.91
2026-09-25,ORD-002544,M_SWEATERS-P4,2,13560.78
2026-09-25,ORD-002545,W_OUTERWEAR_COATS-P5,7,174431.4
2026-09-25,ORD-002546,M_PANTS-P2,7,18569.96
2026-09-25,ORD-002547,M_SWIM-P3,3,10932.96
2026-09-25,ORD-002548,M_OUTERWEAR_COATS-P3,1,8112.3
2026-09-25,ORD-002549,M_SUITS_SPORT_COATS-P5,6,124994.64
2026-09-25,ORD-002550,M_JEANS-P3,9,54589.72
2026-09-25,ORD-002551,W_JEANS-P2,2,7774.65
2026-09-25,ORD-002552,W_INTIMATES-P2,3,4103.4
2026-09-25,ORD-002553,M_SWIM-P3,3,10524.41
2026-09-25,ORD-002554,M_SWEATERS-P4,8,51733.98
2026-09-25,ORD-002555,W_OUTERWEAR_COATS-P5,8,211739.08
2026-09-25,ORD-002556,W_DRESSES-P4,3,21045.14
2026-09-25,ORD-002557,M_PANTS-P2,9,27173.71
2026-09-25,ORD-002558,M_SWEATERS-P2,1,3105.42
2026-09-25,ORD-002559,M_SWIM-P5,8,48149.61
2026-09-25,ORD-002560,W_OUTERWEAR_COATS-P3,4,32030.38
2026-09-25,ORD-002561,M_FASHION_HOODIES_SWEATSHIRTS-P2,8,27122.02
2026-09-25,ORD-002562,W_JEANS-P1,4,9656.57
2026-09-25,ORD-002563,W_INTIMATES-P3,2,3890.41
2026-09-25,ORD-002564,M_OUTERWEAR_COATS-P5,5,133158.02
2026-09-25,ORD-002565,M_SWEATERS-P2,6,19612.17
2026-09-25,ORD-002566,W_SWIM-P1,8,14210.34
2026-09-25,ORD-002567,M_SUITS_SPORT_COATS-P4,7,76472.2
2026-09-25,ORD-002568,M_FASHION_HOODIES_SWEATSHIRTS-P5,5,41636.88
2026-09-25,ORD-002569,W_DRESSES-P2,8,23147.18
2026-09-25,ORD-002570,W_SWIM-P4,7,41122.35
2026-09-25,ORD-002571,W_DRESSES-P1,7,7551.6
2026-09-25,ORD-002572,M_PANTS-P1,9,14881.08
2026-09-25,ORD-002573,M_SWEATERS-P3,6,26499.06
2026-09-25,ORD-002574,M_SUITS_SPORT_COATS-P1,8,16491.53
2026-09-25,ORD-002575,M_FASHION_HOODIES_SWEATSHIRTS-P3,8,31181.7
2026-09-25,ORD-002576,M_OUTERWEAR_COATS-P4,1,12159.94
2026-09-25,ORD-002577,M_FASHION_HOODIES_SWEATSHIRTS-P4,6,27215.66
2026-09-25,ORD-002578,M_JEANS-P1,4,9932.76
2026-09-25,ORD-002579,W_JEANS-P4,5,43605.82
2026-09-25,ORD-002580,M_SWIM-P5,7,43275.54
2026-09-25,ORD-002581,M_FASHION_HOODIES_SWEATSHIRTS-P3,2,7290.88
2026-09-25,ORD-002582,M_OUTERWEAR_COATS-P4,2,22643.56
2026-09-25,ORD-002583,W_SWIM-P3,9,38638.83
2026-09-25,ORD-002584,M_PANTS-P5,6,50001.46
2026-09-25,ORD-002585,OTHER-ASSORTED,6,20698.43
2026-09-25,ORD-002586,M_OUTERWEAR_COATS-P5,2,50241.84
2026-09-25,ORD-002587,M_SWIM-P2,6,15249.69
2026-09-25,ORD-002588,W_JEANS-P2,7,25943.5
2026-09-25,ORD-002589,M_PANTS-P3,6,22808.27
2026-09-25,ORD-002590,M_OUTERWEAR_COATS-P5,5,128843.22
2026-09-25,ORD-002591,M_OUTERWEAR_COATS-P2,3,18244.91
2026-09-25,ORD-002592,M_SWEATERS-P5,6,77231.4
2026-09-25,ORD-002593,M_JEANS-P4,7,70905.15
2026-09-25,ORD-002594,M_FASHION_HOODIES_SWEATSHIRTS-P5,4,32112.04
2026-09-25,ORD-002595,M_SUITS_SPORT_COATS-P4,5,58788.16
2026-09-25,ORD-002596,W_DRESSES-P5,2,31528.07
2026-09-25,ORD-002597,M_SUITS_SPORT_COATS-P5,4,86800.42
2026-09-25,ORD-002598,M_SUITS_SPORT_COATS-P1,1,1821.36
2026-09-25,ORD-002599,W_INTIMATES-P4,7,21392.17
2026-09-25,ORD-002600,W_JEANS-P1,6,13553.41
2026-09-25,ORD-002601,M_OUTERWEAR_COATS-P5,4,105130.11
2026-09-25,ORD-002602,W_JEANS-P1,6,14163.23
2026-09-25,ORD-002603,M_SWIM-P1,6,11262.83
2026-09-25,ORD-002604,W_SWIM-P3,7,26529.37
2026-09-25,ORD-002605,W_OUTERWEAR_COATS-P5,1,26307.35
2026-09-25,ORD-002606,W_JEANS-P3,1,5952.27
2026-09-25,ORD-002607,W_INTIMATES-P4,7,20871.14
2026-09-25,ORD-002608,W_INTIMATES-P1,6,4564.91
2026-09-25,ORD-002609,M_SWEATERS-P3,9,42168.42
2026-09-25,ORD-002610,M_OUTERWEAR_COATS-P4,8,99904.2
2026-09-25,ORD-002611,M_SWIM-P1,4,6923.79
2026-09-25,ORD-002612,W_JEANS-P4,1,9095.41
2026-09-25,ORD-002613,M_PANTS-P4,3,15260.73
2026-09-25,ORD-002614,M_SWEATERS-P4,4,25854.97
2026-09-25,ORD-002615,M_SWIM-P2,3,8587.64
2026-09-25,ORD-002616,M_OUTERWEAR_COATS-P3,5,39995.29
2026-09-25,ORD-002617,M_FASHION_HOODIES_SWEATSHIRTS-P2,2,6047.29
2026-09-25,ORD-002618,W_SWIM-P3,4,16510.78
2026-09-25,ORD-002619,M_OUTERWEAR_COATS-P2,7,42002.22
2026-09-25,ORD-002620,M_JEANS-P3,6,37076.89
2026-09-25,ORD-002621,M_JEANS-P5,2,29936.49
2026-09-25,ORD-002622,W_JEANS-P3,9,52015.99
2026-09-25,ORD-002623,W_INTIMATES-P1,8,6536.06
2026-09-25,ORD-002624,M_PANTS-P4,9,43585.48
2026-09-25,ORD-002625,W_INTIMATES-P2,1,1347.56
2026-09-25,ORD-002626,M_OUTERWEAR_COATS-P5,6,170846.16
2026-09-25,ORD-002627,W_OUTERWEAR_COATS-P1,7,18828.32
2026-09-25,ORD-002628,M_SUITS_SPORT_COATS-P2,1,5140.4
2026-09-25,ORD-002629,W_INTIMATES-P1,5,3666.37
2026-09-25,ORD-002630,M_SWIM-P3,5,17082.15
2026-09-25,ORD-002631,M_SUITS_SPORT_COATS-P4,2,23928.65
2026-09-25,ORD-002632,M_SUITS_SPORT_COATS-P2,2,9913.47
2026-09-25,ORD-002633,M_SWEATERS-P3,5,21451.68
2026-09-25,ORD-002634,W_SWIM-P4,8,45751.94
2026-09-25,ORD-002635,M_SUITS_SPORT_COATS-P4,9,105551.31
2026-09-25,ORD-002636,W_OUTERWEAR_COATS-P2,1,5403.75
2026-09-25,ORD-002637,W_SWIM-P3,5,20584.41
2026-09-25,ORD-002638,M_SWIM-P1,8,13855.68
2026-09-25,ORD-002639,M_JEANS-P4,4,41317.39
2026-09-25,ORD-002640,W_DRESSES-P3,2,8504.32
2026-09-25,ORD-002641,M_PANTS-P1,4,6053.45
2026-09-25,ORD-002642,W_INTIMATES-P4,9,25108.27
2026-09-25,ORD-002643,M_SWIM-P5,8,47954.45
2026-09-25,ORD-002644,M_SWIM-P2,6,16999.24
2026-09-25,ORD-002645,M_OUTERWEAR_COATS-P3,4,32143.88
2026-09-25,ORD-002646,M_SWIM-P1,4,6587.87
2026-09-25,ORD-002647,M_SUITS_SPORT_COATS-P2,1,4606.11
2026-09-25,ORD-002648,M_SUITS_SPORT_COATS-P3,2,14589.17
2026-09-25,ORD-002649,M_SWIM-P3,9,34866.24
2026-09-25,ORD-002650,W_JEANS-P5,2,28032.01
2026-09-25,ORD-002651,M_JEANS-P5,7,101566.77
2026-09-25,ORD-002652,M_OUTERWEAR_COATS-P4,6,68974.89
2026-09-25,ORD-002653,W_SWIM-P4,8,44518.07
2026-09-25,ORD-002654,M_SWEATERS-P1,4,8350.1
2026-09-25,ORD-002655,M_SUITS_SPORT_COATS-P3,1,7883.99
2026-09-25,ORD-002656,W_SWIM-P2,8,21823.6
2026-09-25,ORD-002657,M_SWIM-P5,9,59426.69
2026-09-25,ORD-002658,M_JEANS-P3,8,49618.67
2026-09-25,ORD-002659,W_JEANS-P2,4,14764.65
2026-09-25,ORD-002660,M_JEANS-P2,6,25788.38
2026-09-25,ORD-002661,M_JEANS-P2,4,16724.44
2026-09-25,ORD-002662,W_JEANS-P1,6,13694.86
2026-09-25,ORD-002663,M_JEANS-P1,7,16979.62
2026-09-25,ORD-002664,M_SWIM-P5,1,5939.2
2026-09-25,ORD-002665,W_DRESSES-P5,7,114941.39
2026-09-25,ORD-002666,M_SWEATERS-P5,8,94888.95
2026-09-25,ORD-002667,M_SUITS_SPORT_COATS-P2,5,26056.51
2026-09-25,ORD-002668,W_OUTERWEAR_COATS-P3,1,7682.19
2026-09-25,ORD-002669,M_OUTERWEAR_COATS-P2,2,10979.52
2026-09-25,ORD-002670,M_SUITS_SPORT_COATS-P3,7,48512.53
2026-09-25,ORD-002671,W_JEANS-P1,2,5030.98
2026-09-25,ORD-002672,M_JEANS-P1,9,24181.57
2026-09-25,ORD-002673,W_JEANS-P1,1,2378.11
2026-09-25,ORD-002674,M_FASHION_HOODIES_SWEATSHIRTS-P2,9,30173.64
2026-09-25,ORD-002675,M_SWEATERS-P4,5,32263.34
2026-09-25,ORD-002676,M_FASHION_HOODIES_SWEATSHIRTS-P2,7,23466.57
2026-09-25,ORD-002677,M_PANTS-P3,9,31871.4
2026-09-25,ORD-002678,M_JEANS-P4,8,84056.28
2026-09-25,ORD-002679,W_JEANS-P2,4,13894.3
2026-09-25,ORD-002680,M_FASHION_HOODIES_SWEATSHIRTS-P2,5,14683.79
2026-09-26,ORD-002681,M_SUITS_SPORT_COATS-P4,1,11566.1
2026-09-26,ORD-002682,W_INTIMATES-P4,1,2920.79
2026-09-26,ORD-002683,M_JEANS-P2,8,34359.51
2026-09-26,ORD-002684,W_OUTERWEAR_COATS-P3,1,7977.91
2026-09-26,ORD-002685,M_JEANS-P4,8,81146.25
2026-09-26,ORD-002686,M_OUTERWEAR_COATS-P2,3,18134.17
2026-09-26,ORD-002687,M_SWEATERS-P1,3,5820.02
2026-09-26,ORD-002688,W_SWIM-P4,7,38551.15
2026-09-26,ORD-002689,M_JEANS-P1,4,9721.8
2026-09-26,ORD-002690,W_SWIM-P4,6,34722.56
2026-09-26,ORD-002691,W_SWIM-P1,9,15728.87
2026-09-26,ORD-002692,M_OUTERWEAR_COATS-P2,9,49503.23
2026-09-26,ORD-002693,M_FASHION_HOODIES_SWEATSHIRTS-P2,2,6080.55
2026-09-26,ORD-002694,M_SUITS_SPORT_COATS-P1,4,7437.74
2026-09-26,ORD-002695,M_SWEATERS-P2,3,8926.82
2026-09-26,ORD-002696,W_SWIM-P3,8,32512.16
2026-09-26,ORD-002697,W_SWIM-P1,4,7251.16
2026-09-26,ORD-002698,M_PANTS-P5,4,33793.97
2026-09-26,ORD-002699,W_INTIMATES-P3,8,17484.73
2026-09-26,ORD-002700,M_OUTERWEAR_COATS-P1,1,3210.96
2026-09-26,ORD-002701,W_OUTERWEAR_COATS-P2,4,23330.11
2026-09-26,ORD-002702,W_SWIM-P2,2,5967.61
2026-09-26,ORD-002703,M_SWEATERS-P4,2,12550.44
2026-09-26,ORD-002704,W_JEANS-P2,6,22319.7
2026-09-26,ORD-002705,W_JEANS-P4,9,80311.46
2026-09-26,ORD-002706,M_JEANS-P5,1,15882.95
2026-09-26,ORD-002707,W_DRESSES-P2,1,2769.71
2026-09-26,ORD-002708,W_JEANS-P3,7,41551.55
2026-09-26,ORD-002709,M_JEANS-P4,6,57491.09
2026-09-26,ORD-002710,M_SWEATERS-P2,2,6381.37
2026-09-26,ORD-002711,OTHER-ASSORTED,9,29563.37
2026-09-26,ORD-002712,M_SWEATERS-P1,3,5745.23
2026-09-26,ORD-002713,M_SUITS_SPORT_COATS-P4,5,63094.18
2026-09-26,ORD-002714,M_JEANS-P1,8,19101.08
2026-09-26,ORD-002715,W_JEANS-P1,2,4591.19
2026-09-26,ORD-002716,M_SWEATERS-P4,3,20425.39
2026-09-26,ORD-002717,M_SUITS_SPORT_COATS-P4,1,11182.82
2026-09-26,ORD-002718,M_FASHION_HOODIES_SWEATSHIRTS-P1,3,6241.52
2026-09-26,ORD-002719,W_SWIM-P5,5,53759.42
2026-09-26,ORD-002720,W_INTIMATES-P3,6,13395.55
2026-09-26,ORD-002721,W_SWIM-P3,4,17217.91
2026-09-26,ORD-002722,M_PANTS-P1,8,12593.84
2026-09-26,ORD-002723,W_INTIMATES-P4,8,23124.89
2026-09-26,ORD-002724,M_JEANS-P3,4,22471.83
2026-09-26,ORD-002725,W_OUTERWEAR_COATS-P1,6,15720.02
2026-09-26,ORD-002726,W_DRESSES-P2,8,23722.84
2026-09-26,ORD-002727,M_FASHION_HOODIES_SWEATSHIRTS-P4,7,34140.96
2026-09-26,ORD-002728,M_FASHION_HOODIES_SWEATSHIRTS-P5,8,68252.95
2026-09-26,ORD-002729,M_SWIM-P1,3,4989.8
2026-09-26,ORD-002730,W_DRESSES-P2,1,2735.8
2026-09-26,ORD-002731,M_PANTS-P1,9,15836.72
2026-09-26,ORD-002732,W_JEANS-P1,2,4741.82
2026-09-26,ORD-002733,M_SWEATERS-P4,6,38325.97
2026-09-26,ORD-002734,W_SWIM-P2,6,16049.99
2026-09-26,ORD-002735,W_DRESSES-P4,3,23115.18
2026-09-26,ORD-002736,M_SWIM-P4,6,27873.1
2026-09-26,ORD-002737,W_JEANS-P1,2,4538.12
2026-09-26,ORD-002738,W_DRESSES-P3,1,4159.15
2026-09-26,ORD-002739,M_SWEATERS-P2,3,9906.14
2026-09-26,ORD-002740,M_SUITS_SPORT_COATS-P2,1,4906.77
2026-09-26,ORD-002741,M_SUITS_SPORT_COATS-P1,9,16978.29
2026-09-26,ORD-002742,W_OUTERWEAR_COATS-P5,5,130676.6
2026-09-26,ORD-002743,M_JEANS-P5,9,133875.26
2026-09-26,ORD-002744,W_SWIM-P3,5,20191.38
2026-09-26,ORD-002745,W_JEANS-P1,3,6766.91
2026-09-26,ORD-002746,W_INTIMATES-P4,8,22218.69
2026-09-26,ORD-002747,W_DRESSES-P3,3,13543.79
2026-09-26,ORD-002748,M_SWEATERS-P4,3,21384.88
2026-09-26,ORD-002749,W_JEANS-P1,6,13252.44
2026-09-26,ORD-002750,W_OUTERWEAR_COATS-P2,5,27299.01
2026-09-26,ORD-002751,M_SWIM-P1,7,11758.09
2026-09-26,ORD-002752,M_SUITS_SPORT_COATS-P4,1,11547.96
2026-09-26,ORD-002753,W_SWIM-P3,5,19268.24
2026-09-26,ORD-002754,W_SWIM-P3,9,35649.12
2026-09-26,ORD-002755,M_OUTERWEAR_COATS-P4,7,87393.43
2026-09-26,ORD-002756,W_OUTERWEAR_COATS-P2,3,15611.38
2026-09-26,ORD-002757,W_SWIM-P3,6,26490.98
2026-09-26,ORD-002758,W_OUTERWEAR_COATS-P2,8,44489.76
2026-09-26,ORD-002759,W_DRESSES-P3,4,16715.92
2026-09-26,ORD-002760,W_INTIMATES-P1,6,4937.56
2026-09-26,ORD-002761,W_JEANS-P4,9,76146.38
2026-09-26,ORD-002762,W_INTIMATES-P3,7,13855.29
2026-09-26,ORD-002763,M_PANTS-P2,2,5409.06
2026-09-26,ORD-002764,W_OUTERWEAR_COATS-P2,5,27978.99
2026-09-26,ORD-002765,M_SUITS_SPORT_COATS-P1,4,8584.22
2026-09-26,ORD-002766,W_OUTERWEAR_COATS-P2,5,29082.17
2026-09-26,ORD-002767,W_INTIMATES-P3,1,2158.47
2026-09-26,ORD-002768,W_SWIM-P1,2,3517.31
2026-09-26,ORD-002769,M_FASHION_HOODIES_SWEATSHIRTS-P2,3,9495.15
2026-09-26,ORD-002770,W_OUTERWEAR_COATS-P5,9,217283.14
2026-09-26,ORD-002771,W_DRESSES-P5,7,103710.51
2026-09-26,ORD-002772,M_SWIM-P2,9,25865.12
2026-09-26,ORD-002773,M_SUITS_SPORT_COATS-P2,8,36586.48
2026-09-26,ORD-002774,M_PANTS-P5,5,48626.95
2026-09-26,ORD-002775,W_JEANS-P4,2,17312.42
2026-09-26,ORD-002776,W_JEANS-P4,6,55344.71
2026-09-26,ORD-002777,OTHER-ASSORTED,5,17403.42
2026-09-26,ORD-002778,W_JEANS-P2,4,15619.24
2026-09-26,ORD-002779,W_OUTERWEAR_COATS-P4,6,64864.53
2026-09-26,ORD-002780,M_PANTS-P3,2,7330.67
2026-09-26,ORD-002781,W_JEANS-P4,1,8194.56
2026-09-26,ORD-002782,M_SUITS_SPORT_COATS-P5,6,129236.7
2026-09-26,ORD-002783,W_INTIMATES-P1,7,5184.51
2026-09-26,ORD-002784,M_PANTS-P3,4,15667.61
2026-09-26,ORD-002785,W_OUTERWEAR_COATS-P5,9,234232.01
2026-09-26,ORD-002786,M_OUTERWEAR_COATS-P2,2,11654.35
2026-09-26,ORD-002787,M_FASHION_HOODIES_SWEATSHIRTS-P2,4,12243.58
2026-09-26,ORD-002788,M_SWIM-P3,8,27324.05
2026-09-26,ORD-002789,W_SWIM-P5,7,75546.43
2026-09-26,ORD-002790,M_SWEATERS-P5,3,34167.76
2026-09-26,ORD-002791,W_OUTERWEAR_COATS-P3,2,14904.91
2026-09-26,ORD-002792,M_SUITS_SPORT_COATS-P1,3,5480.22
2026-09-26,ORD-002793,M_FASHION_HOODIES_SWEATSHIRTS-P4,3,13208.42
2026-09-26,ORD-002794,M_PANTS-P4,2,9957.19
2026-09-26,ORD-002795,M_OUTERWEAR_COATS-P1,7,23655.38
2026-09-26,ORD-002796,M_SWIM-P5,5,29810.04
2026-09-26,ORD-002797,M_JEANS-P4,8,73257.51
2026-09-26,ORD-002798,M_SWEATERS-P1,3,5452.83
2026-09-26,ORD-002799,M_SUITS_SPORT_COATS-P5,3,64372.56
2026-09-26,ORD-002800,OTHER-ASSORTED,4,13234.04
2026-09-26,ORD-002801,W_OUTERWEAR_COATS-P1,2,5629.57
2026-09-26,ORD-002802,W_DRESSES-P3,8,37768.38
2026-09-26,ORD-002803,W_SWIM-P3,2,8511.72
2026-09-26,ORD-002804,M_SWIM-P5,9,58001.62
2026-09-26,ORD-002805,W_DRESSES-P1,2,2134.49
2026-09-26,ORD-002806,W_DRESSES-P4,2,13977.04
2026-09-26,ORD-002807,M_SUITS_SPORT_COATS-P2,6,31511.89
2026-09-26,ORD-002808,M_FASHION_HOODIES_SWEATSHIRTS-P2,9,26273.7
2026-09-26,ORD-002809,M_OUTERWEAR_COATS-P2,7,42439.03
2026-09-26,ORD-002810,W_SWIM-P1,5,8421.51
2026-09-26,ORD-002811,M_JEANS-P5,5,79897.09
2026-09-26,ORD-002812,M_SUITS_SPORT_COATS-P4,6,68321.3
2026-09-26,ORD-002813,M_JEANS-P5,8,123009.14
2026-09-26,ORD-002814,W_OUTERWEAR_COATS-P1,1,2725.8
2026-09-26,ORD-002815,M_SUITS_SPORT_COATS-P1,9,16666.99
2026-09-26,ORD-002816,M_SUITS_SPORT_COATS-P1,1,1935.69
2026-09-26,ORD-002817,W_INTIMATES-P4,9,25836.64
2026-09-26,ORD-002818,W_OUTERWEAR_COATS-P5,6,162671.08
2026-09-26,ORD-002819,OTHER-ASSORTED,6,20005.46
2026-09-26,ORD-002820,M_JEANS-P4,2,20383.42
2026-09-26,ORD-002821,M_PANTS-P5,2,18555.25
2026-09-26,ORD-002822,W_INTIMATES-P2,7,9129.39
2026-09-26,ORD-002823,W_OUTERWEAR_COATS-P1,9,24292.12
2026-09-26,ORD-002824,W_SWIM-P3,9,34709.17
2026-09-26,ORD-002825,W_SWIM-P3,9,36908.74
2026-09-26,ORD-002826,M_JEANS-P4,4,36226.78
2026-09-26,ORD-002827,M_JEANS-P4,8,79451.07
2026-09-26,ORD-002828,W_OUTERWEAR_COATS-P1,1,3003.22
2026-09-26,ORD-002829,M_FASHION_HOODIES_SWEATSHIRTS-P4,4,17239.28
2026-09-26,ORD-002830,M_PANTS-P1,3,4823.88
2026-09-26,ORD-002831,W_SWIM-P1,3,4912.2
2026-09-26,ORD-002832,M_SWIM-P4,7,32526.62
2026-09-26,ORD-002833,W_OUTERWEAR_COATS-P1,5,12842.53
2026-09-26,ORD-002834,W_OUTERWEAR_COATS-P3,4,33407.27
2026-09-26,ORD-002835,M_PANTS-P5,9,84014.13
2026-09-26,ORD-002836,M_SWIM-P2,1,2693.94
2026-09-26,ORD-002837,W_SWIM-P1,3,5373.81
2026-09-26,ORD-002838,M_SWEATERS-P4,3,20327.36
2026-09-26,ORD-002839,W_OUTERWEAR_COATS-P1,9,24496.7
2026-09-26,ORD-002840,W_INTIMATES-P1,1,788.11
2026-09-26,ORD-002841,W_INTIMATES-P5,8,45027.71
2026-09-26,ORD-002842,OTHER-ASSORTED,3,9258.03
2026-09-26,ORD-002843,M_SWIM-P1,7,12214.35
2026-09-26,ORD-002844,M_FASHION_HOODIES_SWEATSHIRTS-P2,8,23133.66
2026-09-26,ORD-002845,M_JEANS-P3,8,44070.18
2026-09-26,ORD-002846,W_DRESSES-P1,7,7166.74
2026-09-26,ORD-002847,M_PANTS-P2,8,23297.36
2026-09-26,ORD-002848,M_SWEATERS-P4,9,63768.44
2026-09-26,ORD-002849,OTHER-ASSORTED,8,27262.99
2026-09-26,ORD-002850,M_SWIM-P4,9,37780.2
2026-09-26,ORD-002851,W_OUTERWEAR_COATS-P4,4,47334.2
2026-09-26,ORD-002852,M_FASHION_HOODIES_SWEATSHIRTS-P5,7,54443.07
2026-09-26,ORD-002853,M_SUITS_SPORT_COATS-P3,3,22092.78
2026-09-26,ORD-002854,W_SWIM-P3,4,17551.88
2026-09-26,ORD-002855,M_OUTERWEAR_COATS-P5,4,103729.14
2026-09-26,ORD-002856,M_FASHION_HOODIES_SWEATSHIRTS-P2,7,21080.6
2026-09-26,ORD-002857,M_FASHION_HOODIES_SWEATSHIRTS-P4,1,4717.01
2026-09-26,ORD-002858,M_PANTS-P5,9,79375.9
2026-09-26,ORD-002859,W_JEANS-P1,5,12193.12
2026-09-26,ORD-002860,W_DRESSES-P1,3,3150.63
2026-09-26,ORD-002861,M_SWEATERS-P5,5,60660.61
2026-09-26,ORD-002862,M_JEANS-P2,8,34325.11
2026-09-26,ORD-002863,M_SUITS_SPORT_COATS-P1,3,6089.52
2026-09-26,ORD-002864,M_SWIM-P3,1,3853.07
2026-09-26,ORD-002865,W_OUTERWEAR_COATS-P2,8,47130.86
2026-09-26,ORD-002866,M_OUTERWEAR_COATS-P5,5,133021.01
2026-09-26,ORD-002867,W_DRESSES-P4,2,14416.85
2026-09-26,ORD-002868,W_DRESSES-P2,6,17792.28
2026-09-26,ORD-002869,M_SUITS_SPORT_COATS-P5,2,45727.72
2026-09-26,ORD-002870,W_SWIM-P1,6,10128.43
2026-09-26,ORD-002871,W_INTIMATES-P5,6,35252.44
2026-09-26,ORD-002872,M_JEANS-P5,3,48697.34
2026-09-26,ORD-002873,M_FASHION_HOODIES_SWEATSHIRTS-P2,2,6220.35
2026-09-26,ORD-002874,W_JEANS-P1,6,15156.67
2026-09-26,ORD-002875,W_SWIM-P4,9,48063.4
2026-09-26,ORD-002876,M_SUITS_SPORT_COATS-P4,4,50685.92
2026-09-26,ORD-002877,M_SWIM-P5,5,33095.84
2026-09-26,ORD-002878,M_PANTS-P2,9,23543.15
2026-09-26,ORD-002879,W_SWIM-P5,9,87507.07
2026-09-26,ORD-002880,OTHER-ASSORTED,6,18732.24
2026-09-26,ORD-002881,OTHER-ASSORTED,7,25026.77
2026-09-26,ORD-002882,M_PANTS-P2,1,2768.68
2026-09-26,ORD-002883,M_FASHION_HOODIES_SWEATSHIRTS-P2,5,15007.5
2026-09-26,ORD-002884,M_SUITS_SPORT_COATS-P4,1,11854.3
2026-09-26,ORD-002885,M_PANTS-P1,9,15291.26
2026-09-26,ORD-002886,W_INTIMATES-P1,8,5675.5
2026-09-26,ORD-002887,W_SWIM-P3,6,22692.46
2026-09-26,ORD-002888,W_INTIMATES-P4,5,14218.45
2026-09-26,ORD-002889,M_JEANS-P5,2,32212.77
2026-09-26,ORD-002890,W_JEANS-P5,8,110862.42
2026-09-26,ORD-002891,M_PANTS-P1,3,5277.03
2026-09-26,ORD-002892,M_SWIM-P5,5,32985.41
2026-09-26,ORD-002893,M_SUITS_SPORT_COATS-P2,8,40726.48
2026-09-26,ORD-002894,W_OUTERWEAR_COATS-P3,5,39914.69
2026-09-26,ORD-002895,OTHER-ASSORTED,4,12515.27
2026-09-26,ORD-002896,M_FASHION_HOODIES_SWEATSHIRTS-P2,9,28347.27
2026-09-26,ORD-002897,W_DRESSES-P1,1,992.76
2026-09-26,ORD-002898,W_SWIM-P4,8,44561.47
2026-09-26,ORD-002899,M_SWEATERS-P2,7,23903.81
2026-09-26,ORD-002900,M_PANTS-P4,7,33018.42
2026-09-26,ORD-002901,W_INTIMATES-P3,2,4405.27
2026-09-26,ORD-002902,M_SWIM-P5,3,17294.98
2026-09-26,ORD-002903,M_SWEATERS-P4,3,20839.24
2026-09-26,ORD-002904,W_JEANS-P3,1,5961.81
2026-09-26,ORD-002905,M_SUITS_SPORT_COATS-P4,6,64502.12
2026-09-26,ORD-002906,M_SWEATERS-P3,5,22032.78
2026-09-26,ORD-002907,W_DRESSES-P2,2,5991.77
2026-09-26,ORD-002908,M_OUTERWEAR_COATS-P4,2,23646.9
2026-09-26,ORD-002909,M_OUTERWEAR_COATS-P5,2,51941.07
2026-09-26,ORD-002910,M_JEANS-P2,8,32384.71
2026-09-26,ORD-002911,M_JEANS-P3,6,35190.51
2026-09-26,ORD-002912,M_SWIM-P1,3,5613.3
2026-09-26,ORD-002913,M_SWIM-P1,3,5190.91
2026-09-26,ORD-002914,W_JEANS-P5,8,105896.72
2026-09-26,ORD-002915,M_JEANS-P2,2,7919.86
2026-09-26,ORD-002916,W_SWIM-P3,8,30440.34
2026-09-26,ORD-002917,W_JEANS-P2,4,14932.67
2026-09-26,ORD-002918,M_SUITS_SPORT_COATS-P4,3,32635.78
2026-09-26,ORD-002919,W_INTIMATES-P3,7,14556.69
2026-09-26,ORD-002920,M_SWIM-P1,7,12868.63
2026-09-26,ORD-002921,W_DRESSES-P4,7,51916.07
2026-09-26,ORD-002922,W_SWIM-P4,8,44133.72
2026-09-26,ORD-002923,M_JEANS-P2,9,33874.37
2026-09-26,ORD-002924,M_SUITS_SPORT_COATS-P4,4,47529.2
2026-09-26,ORD-002925,W_OUTERWEAR_COATS-P2,4,21258.85
2026-09-26,ORD-002926,W_INTIMATES-P4,7,20437.03
2026-09-26,ORD-002927,M_SWIM-P2,7,19423.66
2026-09-26,ORD-002928,W_JEANS-P5,3,39844.71
2026-09-26,ORD-002929,M_SUITS_SPORT_COATS-P3,6,40677.99
2026-09-26,ORD-002930,M_PANTS-P5,2,17900.73
2026-09-26,ORD-002931,W_JEANS-P2,8,29674.27
2026-09-26,ORD-002932,W_SWIM-P4,8,41937.85
2026-09-26,ORD-002933,M_FASHION_HOODIES_SWEATSHIRTS-P5,1,8330.8
2026-09-26,ORD-002934,M_OUTERWEAR_COATS-P3,1,8798.39
2026-09-26,ORD-002935,W_SWIM-P5,3,28855.93
2026-09-26,ORD-002936,W_OUTERWEAR_COATS-P4,6,66348.35
2026-09-26,ORD-002937,M_OUTERWEAR_COATS-P4,6,71056.97
2026-09-26,ORD-002938,M_OUTERWEAR_COATS-P3,9,78544.43
2026-09-26,ORD-002939,M_OUTERWEAR_COATS-P3,1,8740.06
2026-09-26,ORD-002940,M_SUITS_SPORT_COATS-P1,9,16537.2
2026-09-26,ORD-002941,W_INTIMATES-P2,5,6490.83
2026-09-26,ORD-002942,W_INTIMATES-P5,2,10270.57
2026-09-26,ORD-002943,M_SUITS_SPORT_COATS-P5,9,202238.22
2026-09-26,ORD-002944,W_JEANS-P2,8,28339.18
2026-09-26,ORD-002945,W_OUTERWEAR_COATS-P3,1,8674.53
2026-09-26,ORD-002946,W_JEANS-P2,8,27294.26
2026-09-26,ORD-002947,M_FASHION_HOODIES_SWEATSHIRTS-P3,3,12212.48
2026-09-26,ORD-002948,W_INTIMATES-P3,8,16188.31
2026-09-26,ORD-002949,M_PANTS-P3,9,34343.02
2026-09-26,ORD-002950,M_PANTS-P4,6,31796.56
2026-09-26,ORD-002951,M_FASHION_HOODIES_SWEATSHIRTS-P2,2,6544.72
2026-09-26,ORD-002952,M_FASHION_HOODIES_SWEATSHIRTS-P5,8,69912.34
2026-09-26,ORD-002953,M_FASHION_HOODIES_SWEATSHIRTS-P1,9,17377.01
2026-09-26,ORD-002954,M_JEANS-P3,8,49898.52
2026-09-26,ORD-002955,W_JEANS-P5,2,29319.63
2026-09-26,ORD-002956,M_JEANS-P3,5,27230.96
2026-09-26,ORD-002957,M_JEANS-P1,9,24671.82
2026-09-26,ORD-002958,M_SWIM-P4,4,16932.52
2026-09-26,ORD-002959,M_OUTERWEAR_COATS-P5,2,56099.17
2026-09-26,ORD-002960,W_DRESSES-P3,1,4589.86
2026-09-26,ORD-002961,M_SWIM-P4,7,31140.04
2026-09-26,ORD-002962,W_OUTERWEAR_COATS-P1,3,9088.89
2026-09-26,ORD-002963,W_JEANS-P4,1,8190.45
2026-09-26,ORD-002964,W_JEANS-P3,4,22382.17
2026-09-26,ORD-002965,M_SUITS_SPORT_COATS-P1,6,11690.32
2026-09-26,ORD-002966,W_OUTERWEAR_COATS-P5,1,25307.99
2026-09-26,ORD-002967,W_INTIMATES-P2,3,4240.31
2026-09-26,ORD-002968,W_OUTERWEAR_COATS-P2,8,42156.08
2026-09-26,ORD-002969,M_PANTS-P5,9,74190.98
2026-09-26,ORD-002970,M_OUTERWEAR_COATS-P3,6,52762.39
2026-09-26,ORD-002971,M_OUTERWEAR_COATS-P4,8,95566.75
2026-09-26,ORD-002972,W_SWIM-P1,4,6727.83
2026-09-26,ORD-002973,W_OUTERWEAR_COATS-P4,6,69999.51
2026-09-26,ORD-002974,W_DRESSES-P1,4,4156.29
2026-09-26,ORD-002975,W_DRESSES-P1,7,6863.32
2026-09-26,ORD-002976,M_JEANS-P2,2,7730.42
2026-09-26,ORD-002977,M_JEANS-P3,8,43850.66
2026-09-26,ORD-002978,W_INTIMATES-P5,2,11592.6
2026-09-26,ORD-002979,W_DRESSES-P4,1,7055.65
2026-09-26,ORD-002980,W_JEANS-P1,3,7392.7
2026-09-26,ORD-002981,W_DRESSES-P4,9,63741.64
2026-09-26,ORD-002982,W_DRESSES-P1,7,7256.93
2026-09-26,ORD-002983,M_PANTS-P3,6,21662.05
2026-09-26,ORD-002984,W_OUTERWEAR_COATS-P5,6,159332.98
2026-09-26,ORD-002985,W_SWIM-P4,3,17012.67
2026-09-26,ORD-002986,M_SWIM-P3,8,26949.86
2026-09-26,ORD-002987,M_PANTS-P5,4,36184.53
2026-09-26,ORD-002988,M_SWIM-P1,5,9526.39
2026-09-26,ORD-002989,W_DRESSES-P1,9,9285.2
2026-09-26,ORD-002990,M_FASHION_HOODIES_SWEATSHIRTS-P1,9,18484.2
2026-09-26,ORD-002991,M_JEANS-P4,2,18142.56
2026-09-26,ORD-002992,M_OUTERWEAR_COATS-P5,3,86323.62
2026-09-27,ORD-002993,M_SWIM-P2,3,7585.94
2026-09-27,ORD-002994,M_PANTS-P2,6,16714.6
2026-09-27,ORD-002995,M_OUTERWEAR_COATS-P4,8,84720.58
2026-09-27,ORD-002996,M_PANTS-P2,4,12046.39
2026-09-27,ORD-002997,M_JEANS-P4,7,65221.81
2026-09-27,ORD-002998,M_SUITS_SPORT_COATS-P1,6,11202.44
2026-09-27,ORD-002999,M_SWIM-P3,5,18913.85
2026-09-27,ORD-003000,M_SWIM-P2,1,2826.32
2026-09-27,ORD-003001,M_JEANS-P1,8,20634.77
2026-09-27,ORD-003002,M_OUTERWEAR_COATS-P4,8,98491.78
2026-09-27,ORD-003003,M_JEANS-P3,9,52952.5
2026-09-27,ORD-003004,M_JEANS-P3,1,5750.28
2026-09-27,ORD-003005,W_DRESSES-P4,9,68735.34
2026-09-27,ORD-003006,W_DRESSES-P5,7,109900.27
2026-09-27,ORD-003007,W_INTIMATES-P2,1,1341.27
2026-09-27,ORD-003008,W_DRESSES-P1,5,4901.65
2026-09-27,ORD-003009,W_JEANS-P4,2,16645.82
2026-09-27,ORD-003010,M_SUITS_SPORT_COATS-P3,2,13890.36
2026-09-27,ORD-003011,W_OUTERWEAR_COATS-P5,7,175097.67
2026-09-27,ORD-003012,M_OUTERWEAR_COATS-P3,5,40042.95
2026-09-27,ORD-003013,M_JEANS-P3,7,39655.87
2026-09-27,ORD-003014,M_SUITS_SPORT_COATS-P5,7,138941.35
2026-09-27,ORD-003015,W_JEANS-P5,9,119132.62
2026-09-27,ORD-003016,M_JEANS-P4,5,45666.87
2026-09-27,ORD-003017,W_INTIMATES-P2,3,4257.58
2026-09-27,ORD-003018,W_OUTERWEAR_COATS-P4,4,44834.04
2026-09-27,ORD-003019,W_SWIM-P5,3,28879.02
2026-09-27,ORD-003020,M_OUTERWEAR_COATS-P2,3,17010.81
2026-09-27,ORD-003021,M_SWIM-P1,6,11045.72
2026-09-27,ORD-003022,M_SUITS_SPORT_COATS-P1,2,4286.61
2026-09-27,ORD-003023,M_FASHION_HOODIES_SWEATSHIRTS-P5,9,68672.89
2026-09-27,ORD-003024,W_INTIMATES-P3,2,4230.44
2026-09-27,ORD-003025,W_DRESSES-P3,2,8309.7
2026-09-27,ORD-003026,M_SUITS_SPORT_COATS-P4,4,50187.62
2026-09-27,ORD-003027,M_SWEATERS-P2,9,31302.8
2026-09-27,ORD-003028,M_SUITS_SPORT_COATS-P4,7,82753.06
2026-09-27,ORD-003029,OTHER-ASSORTED,9,32788.13
2026-09-27,ORD-003030,W_INTIMATES-P4,3,9148.97
2026-09-27,ORD-003031,M_SWIM-P5,1,6633.26
2026-09-27,ORD-003032,W_JEANS-P3,4,22343.49
2026-09-27,ORD-003033,W_DRESSES-P1,7,7312.37
2026-09-27,ORD-003034,M_OUTERWEAR_COATS-P5,7,199384.45
2026-09-27,ORD-003035,M_OUTERWEAR_COATS-P5,2,54303.41
2026-09-27,ORD-003036,M_SWEATERS-P3,7,33385.07
2026-09-27,ORD-003037,W_JEANS-P1,5,12641.95
2026-09-27,ORD-003038,M_SWEATERS-P3,5,23859.93
2026-09-27,ORD-003039,W_OUTERWEAR_COATS-P5,8,214665.25
2026-09-27,ORD-003040,M_FASHION_HOODIES_SWEATSHIRTS-P3,8,30842.61
2026-09-27,ORD-003041,M_SWIM-P3,1,3731.12
2026-09-27,ORD-003042,M_OUTERWEAR_COATS-P1,9,31335.54
2026-09-27,ORD-003043,M_PANTS-P5,2,17939.71
2026-09-27,ORD-003044,M_FASHION_HOODIES_SWEATSHIRTS-P5,2,17664.59
2026-09-27,ORD-003045,M_SWEATERS-P4,8,57870.72
2026-09-27,ORD-003046,M_SWIM-P1,9,15446.43
2026-09-27,ORD-003047,M_SUITS_SPORT_COATS-P2,7,35339.94
2026-09-27,ORD-003048,M_SWEATERS-P5,1,12596.79
2026-09-27,ORD-003049,M_JEANS-P1,6,15016.45
2026-09-27,ORD-003050,M_SUITS_SPORT_COATS-P3,6,42556.62
2026-09-27,ORD-003051,M_SWEATERS-P2,8,26272.51
2026-09-27,ORD-003052,W_OUTERWEAR_COATS-P2,1,5222.96
2026-09-27,ORD-003053,M_OUTERWEAR_COATS-P4,6,66124.34
2026-09-27,ORD-003054,M_SUITS_SPORT_COATS-P2,7,32505.18
2026-09-27,ORD-003055,W_DRESSES-P1,8,8561.48
2026-09-27,ORD-003056,M_SWIM-P4,1,4410.89
2026-09-27,ORD-003057,W_DRESSES-P3,4,17303.6
2026-09-27,ORD-003058,M_FASHION_HOODIES_SWEATSHIRTS-P3,3,11637.44
2026-09-27,ORD-003059,W_DRESSES-P2,2,5916.87
2026-09-27,ORD-003060,M_PANTS-P5,6,53160.09
2026-09-27,ORD-003061,M_SWIM-P2,5,13497.53
2026-09-27,ORD-003062,M_SWIM-P3,6,20734.86
2026-09-27,ORD-003063,M_SWIM-P4,4,16432.61
2026-09-27,ORD-003064,M_PANTS-P3,3,11483.71
2026-09-27,ORD-003065,OTHER-ASSORTED,2,7229.67
2026-09-27,ORD-003066,M_SWIM-P1,2,3858.94
2026-09-27,ORD-003067,M_SWIM-P3,5,19081.15
2026-09-27,ORD-003068,M_JEANS-P3,2,11575.4
2026-09-27,ORD-003069,W_OUTERWEAR_COATS-P2,4,22091.73
2026-09-27,ORD-003070,W_SWIM-P2,8,22471.31
2026-09-27,ORD-003071,W_OUTERWEAR_COATS-P4,3,35986.9
2026-09-27,ORD-003072,M_JEANS-P4,1,10239.58
2026-09-27,ORD-003073,W_INTIMATES-P4,4,11815.74
2026-09-27,ORD-003074,W_OUTERWEAR_COATS-P5,3,74339.55
2026-09-27,ORD-003075,M_PANTS-P3,8,28149.93
2026-09-27,ORD-003076,M_SWEATERS-P1,5,10055.93
2026-09-27,ORD-003077,W_JEANS-P1,4,9360.57
2026-09-27,ORD-003078,W_DRESSES-P4,5,39351.37
2026-09-27,ORD-003079,M_PANTS-P4,1,4764.95
2026-09-27,ORD-003080,W_DRESSES-P5,3,50097.34
2026-09-27,ORD-003081,W_INTIMATES-P1,3,2327.73
2026-09-27,ORD-003082,W_SWIM-P3,8,30596.35
2026-09-27,ORD-003083,M_FASHION_HOODIES_SWEATSHIRTS-P1,3,5587.56
2026-09-27,ORD-003084,W_JEANS-P5,9,122514.18
2026-09-27,ORD-003085,M_PANTS-P4,1,5325.25
2026-09-27,ORD-003086,M_SWEATERS-P5,2,23557.61
2026-09-27,ORD-003087,M_PANTS-P2,8,21424.86
2026-09-27,ORD-003088,W_JEANS-P4,2,16547.67
2026-09-27,ORD-003089,M_SWIM-P3,4,15498.07
2026-09-27,ORD-003090,M_SWEATERS-P4,3,18783.14
2026-09-27,ORD-003091,M_SWEATERS-P5,6,74235.95
2026-09-27,ORD-003092,W_JEANS-P5,3,39723.04
2026-09-27,ORD-003093,M_PANTS-P3,7,24656.54
2026-09-27,ORD-003094,W_DRESSES-P4,8,55341.39
2026-09-27,ORD-003095,W_JEANS-P3,2,11578.9
2026-09-27,ORD-003096,W_SWIM-P4,3,16364.71
2026-09-27,ORD-003097,W_SWIM-P1,2,3316.33
2026-09-27,ORD-003098,M_FASHION_HOODIES_SWEATSHIRTS-P4,6,26215.87
2026-09-27,ORD-003099,M_FASHION_HOODIES_SWEATSHIRTS-P5,7,62635.19
2026-09-27,ORD-003100,M_SWIM-P4,6,24108.32
2026-09-27,ORD-003101,W_INTIMATES-P4,1,3074.28
2026-09-27,ORD-003102,M_JEANS-P4,9,87446.72
2026-09-27,ORD-003103,M_SWIM-P1,8,15066.88
2026-09-27,ORD-003104,M_JEANS-P1,6,16087.74
2026-09-27,ORD-003105,M_JEANS-P3,7,38768.61
2026-09-27,ORD-003106,M_FASHION_HOODIES_SWEATSHIRTS-P4,4,18034.86
2026-09-27,ORD-003107,W_DRESSES-P5,9,151619.77
2026-09-27,ORD-003108,M_SUITS_SPORT_COATS-P2,6,27830.16
2026-09-27,ORD-003109,W_JEANS-P5,8,120364.21
2026-09-27,ORD-003110,M_PANTS-P1,8,12293.42
2026-09-27,ORD-003111,M_OUTERWEAR_COATS-P4,3,31783.44
2026-09-27,ORD-003112,M_JEANS-P4,1,10447.26
2026-09-27,ORD-003113,M_FASHION_HOODIES_SWEATSHIRTS-P5,3,23910.79
2026-09-27,ORD-003114,M_PANTS-P2,4,12066.19
2026-09-27,ORD-003115,M_JEANS-P3,2,12441.78
2026-09-27,ORD-003116,W_SWIM-P2,4,11608.79
2026-09-27,ORD-003117,W_DRESSES-P3,1,4211.8
2026-09-27,ORD-003118,M_OUTERWEAR_COATS-P3,7,59553.15
2026-09-27,ORD-003119,M_SWIM-P4,1,4029.64
2026-09-27,ORD-003120,M_OUTERWEAR_COATS-P5,3,83694.7
2026-09-27,ORD-003121,M_JEANS-P1,2,5011.96
2026-09-27,ORD-003122,W_JEANS-P1,7,16483.86
2026-09-27,ORD-003123,M_SUITS_SPORT_COATS-P3,8,63047.28
2026-09-27,ORD-003124,W_DRESSES-P2,4,10290.73
2026-09-27,ORD-003125,M_SWEATERS-P4,1,6557.53
2026-09-27,ORD-003126,M_SWEATERS-P3,8,37355.35
2026-09-27,ORD-003127,W_DRESSES-P3,7,29481.43
2026-09-27,ORD-003128,W_DRESSES-P2,6,16865.81
2026-09-27,ORD-003129,M_FASHION_HOODIES_SWEATSHIRTS-P1,3,5401.26
2026-09-27,ORD-003130,M_SWIM-P3,5,17620.98
2026-09-27,ORD-003131,W_DRESSES-P3,8,37508.12
2026-09-27,ORD-003132,M_SWEATERS-P5,2,23798.94
2026-09-27,ORD-003133,M_PANTS-P2,3,8540.01
2026-09-27,ORD-003134,M_SWIM-P5,4,24119.64
2026-09-27,ORD-003135,W_OUTERWEAR_COATS-P2,8,42457.17
2026-09-27,ORD-003136,M_SUITS_SPORT_COATS-P2,5,23242.17
2026-09-27,ORD-003137,M_PANTS-P5,6,51637.57
2026-09-27,ORD-003138,M_FASHION_HOODIES_SWEATSHIRTS-P5,1,7641.81
2026-09-27,ORD-003139,W_SWIM-P1,5,8450.05
2026-09-27,ORD-003140,M_SWEATERS-P4,5,34554.19
2026-09-27,ORD-003141,M_OUTERWEAR_COATS-P1,7,22557.6
2026-09-27,ORD-003142,W_JEANS-P5,2,28799.5
2026-09-27,ORD-003143,W_DRESSES-P2,2,5189.18
2026-09-27,ORD-003144,M_SWIM-P4,5,22835.75
2026-09-27,ORD-003145,M_PANTS-P5,8,76997.8
2026-09-27,ORD-003146,OTHER-ASSORTED,7,23416.5
2026-09-27,ORD-003147,M_SWIM-P4,6,24903.05
2026-09-27,ORD-003148,M_SWEATERS-P5,1,13239.41
2026-09-27,ORD-003149,M_SWIM-P2,7,17687.71
2026-09-27,ORD-003150,M_SUITS_SPORT_COATS-P3,4,27222.2
2026-09-27,ORD-003151,M_FASHION_HOODIES_SWEATSHIRTS-P2,9,28395.79
2026-09-27,ORD-003152,M_SUITS_SPORT_COATS-P3,4,30536.45
2026-09-27,ORD-003153,M_JEANS-P1,7,16755.24
2026-09-27,ORD-003154,W_INTIMATES-P4,7,20756.09
2026-09-27,ORD-003155,W_INTIMATES-P1,9,6325.52
2026-09-27,ORD-003156,M_SUITS_SPORT_COATS-P5,8,170777.39
2026-09-27,ORD-003157,M_FASHION_HOODIES_SWEATSHIRTS-P2,3,8673.37
2026-09-27,ORD-003158,M_JEANS-P3,2,11948.95
2026-09-27,ORD-003159,M_OUTERWEAR_COATS-P1,4,13645.22
2026-09-27,ORD-003160,W_SWIM-P4,2,10996.68
2026-09-27,ORD-003161,W_OUTERWEAR_COATS-P1,7,19086.13
2026-09-27,ORD-003162,M_JEANS-P5,3,49280.58
2026-09-27,ORD-003163,W_INTIMATES-P5,6,30715.94
2026-09-27,ORD-003164,M_FASHION_HOODIES_SWEATSHIRTS-P5,9,79045.33
2026-09-27,ORD-003165,W_JEANS-P4,8,74900.32
2026-09-27,ORD-003166,M_JEANS-P2,6,22670.93
2026-09-27,ORD-003167,M_SUITS_SPORT_COATS-P2,3,15843.23
2026-09-27,ORD-003168,W_INTIMATES-P5,1,5950.42
2026-09-27,ORD-003169,W_OUTERWEAR_COATS-P4,4,47926.63
2026-09-27,ORD-003170,W_JEANS-P4,2,16361.57
2026-09-27,ORD-003171,W_OUTERWEAR_COATS-P5,9,229058.62
2026-09-27,ORD-003172,M_SUITS_SPORT_COATS-P4,8,101207.28
2026-09-27,ORD-003173,M_SUITS_SPORT_COATS-P1,3,6240.75
2026-09-27,ORD-003174,W_OUTERWEAR_COATS-P3,9,75777.69
2026-09-27,ORD-003175,M_JEANS-P5,8,124665.69
2026-09-27,ORD-003176,M_PANTS-P2,5,14709.06
2026-09-27,ORD-003177,M_SWEATERS-P5,5,66009.48
2026-09-27,ORD-003178,M_PANTS-P5,9,77191.15
2026-09-27,ORD-003179,M_OUTERWEAR_COATS-P1,5,16441.34
2026-09-27,ORD-003180,W_INTIMATES-P2,7,9174.93
2026-09-27,ORD-003181,M_PANTS-P3,8,33116.01
2026-09-27,ORD-003182,M_PANTS-P3,5,17915.68
2026-09-27,ORD-003183,M_JEANS-P2,8,30052.76
2026-09-27,ORD-003184,W_JEANS-P4,6,48841.35
2026-09-27,ORD-003185,W_INTIMATES-P5,7,38943.8
2026-09-27,ORD-003186,W_INTIMATES-P2,4,5674.06
2026-09-27,ORD-003187,M_OUTERWEAR_COATS-P2,2,11930.63
2026-09-27,ORD-003188,M_JEANS-P4,5,46826.73
2026-09-27,ORD-003189,M_JEANS-P3,9,56364.27
2026-09-27,ORD-003190,M_SWEATERS-P5,8,92546.36
2026-09-27,ORD-003191,W_SWIM-P5,9,93496.18
2026-09-27,ORD-003192,W_INTIMATES-P3,6,12288.13
2026-09-27,ORD-003193,M_PANTS-P2,9,27325.44
2026-09-27,ORD-003194,W_INTIMATES-P1,6,4304.96
2026-09-27,ORD-003195,W_OUTERWEAR_COATS-P4,4,43249.62
2026-09-27,ORD-003196,W_OUTERWEAR_COATS-P1,2,5743.93
2026-09-27,ORD-003197,W_DRESSES-P3,5,21482.1
2026-09-27,ORD-003198,W_OUTERWEAR_COATS-P2,9,52739.7
2026-09-27,ORD-003199,W_OUTERWEAR_COATS-P4,4,43035.72
2026-09-27,ORD-003200,M_SWEATERS-P2,6,18914.72
2026-09-27,ORD-003201,M_FASHION_HOODIES_SWEATSHIRTS-P5,5,41435.14
2026-09-27,ORD-003202,M_SWIM-P5,9,58856.83
2026-09-27,ORD-003203,M_FASHION_HOODIES_SWEATSHIRTS-P5,1,8103.39
2026-09-27,ORD-003204,W_INTIMATES-P3,3,6303.75
2026-09-27,ORD-003205,M_SWIM-P2,5,14571.7
2026-09-27,ORD-003206,W_OUTERWEAR_COATS-P1,1,2726.38
2026-09-27,ORD-003207,W_SWIM-P4,6,33035.61
2026-09-27,ORD-003208,M_SWIM-P3,4,13585.21
2026-09-27,ORD-003209,M_SUITS_SPORT_COATS-P3,5,33955.25
2026-09-27,ORD-003210,M_SWIM-P3,2,7832.22
2026-09-27,ORD-003211,W_JEANS-P3,4,22923.01
2026-09-27,ORD-003212,M_PANTS-P3,1,3977.8
2026-09-27,ORD-003213,W_DRESSES-P3,4,16511.44
2026-09-27,ORD-003214,W_SWIM-P5,4,39741.4
2026-09-27,ORD-003215,M_SWEATERS-P3,5,23467.26
2026-09-27,ORD-003216,M_SWIM-P4,6,27562.77
2026-09-27,ORD-003217,M_SUITS_SPORT_COATS-P1,4,7284.39
2026-09-27,ORD-003218,W_JEANS-P4,9,81227.51
2026-09-27,ORD-003219,W_INTIMATES-P1,2,1520.19
2026-09-27,ORD-003220,M_OUTERWEAR_COATS-P3,6,48830.89
2026-09-27,ORD-003221,M_FASHION_HOODIES_SWEATSHIRTS-P1,4,7932.08
2026-09-27,ORD-003222,M_OUTERWEAR_COATS-P4,1,11201.97
2026-09-27,ORD-003223,M_SWIM-P3,9,30858.12
2026-09-27,ORD-003224,W_JEANS-P3,6,37110.42
2026-09-27,ORD-003225,W_JEANS-P5,3,45072.95
2026-09-27,ORD-003226,W_INTIMATES-P5,4,22497.52
2026-09-27,ORD-003227,W_OUTERWEAR_COATS-P2,9,47251.56
2026-09-27,ORD-003228,M_SUITS_SPORT_COATS-P2,2,9610.29
2026-09-27,ORD-003229,W_OUTERWEAR_COATS-P4,4,43307.56
2026-09-27,ORD-003230,M_SWIM-P5,1,5687.26
2026-09-27,ORD-003231,M_SWEATERS-P5,6,76854.03
2026-09-27,ORD-003232,W_DRESSES-P2,3,8120.62
2026-09-27,ORD-003233,M_SUITS_SPORT_COATS-P5,6,135237.69
2026-09-27,ORD-003234,M_SWIM-P5,4,25130.97
2026-09-27,ORD-003235,M_SWEATERS-P4,9,59944.69
2026-09-27,ORD-003236,OTHER-ASSORTED,5,17247.35
2026-09-27,ORD-003237,W_INTIMATES-P4,8,25297.3
2026-09-27,ORD-003238,M_OUTERWEAR_COATS-P4,3,34832.19
2026-09-27,ORD-003239,M_JEANS-P1,7,17978.81
2026-09-27,ORD-003240,M_FASHION_HOODIES_SWEATSHIRTS-P4,7,35260.12
2026-09-27,ORD-003241,M_JEANS-P4,1,10478.49
2026-09-27,ORD-003242,OTHER-ASSORTED,3,10688.01
2026-09-27,ORD-003243,M_SWIM-P3,7,23792.11
2026-09-27,ORD-003244,M_SWEATERS-P5,7,89430.49
2026-09-27,ORD-003245,M_SUITS_SPORT_COATS-P1,7,14593.51
2026-09-27,ORD-003246,W_OUTERWEAR_COATS-P4,5,51976.93
2026-09-27,ORD-003247,M_SWIM-P3,4,15046.92
2026-09-27,ORD-003248,W_JEANS-P4,9,84884.66
2026-09-27,ORD-003249,M_OUTERWEAR_COATS-P3,6,45059.27
2026-09-27,ORD-003250,W_INTIMATES-P3,6,11865.52
2026-09-27,ORD-003251,W_SWIM-P5,5,54169.85
2026-09-27,ORD-003252,M_OUTERWEAR_COATS-P4,6,69745.4
2026-09-27,ORD-003253,M_JEANS-P3,5,31615.28
2026-09-27,ORD-003254,M_SWIM-P2,7,19736.58
2026-09-27,ORD-003255,M_SUITS_SPORT_COATS-P2,5,23603.74
2026-09-27,ORD-003256,W_DRESSES-P2,9,24342.42
2026-09-27,ORD-003257,W_DRESSES-P4,7,51269.58
2026-09-27,ORD-003258,M_PANTS-P4,2,9915.93
2026-09-27,ORD-003259,M_SUITS_SPORT_COATS-P3,3,22352.57
2026-09-27,ORD-003260,W_SWIM-P1,6,9959.93
2026-09-27,ORD-003261,W_OUTERWEAR_COATS-P3,4,34055.57
2026-09-27,ORD-003262,W_OUTERWEAR_COATS-P3,3,24170.08
2026-09-27,ORD-003263,W_INTIMATES-P4,5,13571.61
2026-09-27,ORD-003264,M_FASHION_HOODIES_SWEATSHIRTS-P5,8,65615.27
2026-09-27,ORD-003265,W_DRESSES-P3,9,39647.97
2026-09-27,ORD-003266,M_JEANS-P1,6,15524.12
2026-09-27,ORD-003267,W_SWIM-P4,6,32117.55
2026-09-27,ORD-003268,M_FASHION_HOODIES_SWEATSHIRTS-P5,2,16322.97
2026-09-27,ORD-003269,M_FASHION_HOODIES_SWEATSHIRTS-P5,6,48229.25
2026-09-27,ORD-003270,M_SWIM-P3,5,16727.02
2026-09-27,ORD-003271,W_OUTERWEAR_COATS-P5,3,72249.84
2026-09-27,ORD-003272,W_SWIM-P1,9,14950.28
2026-09-27,ORD-003273,M_SUITS_SPORT_COATS-P4,8,100521.95
2026-09-27,ORD-003274,W_OUTERWEAR_COATS-P3,7,52225.0
2026-09-27,ORD-003275,M_JEANS-P4,4,41905.23
2026-09-27,ORD-003276,W_OUTERWEAR_COATS-P5,5,132418.02
2026-09-27,ORD-003277,W_DRESSES-P4,6,44053.33
2026-09-27,ORD-003278,M_SWEATERS-P3,3,14217.41
2026-09-27,ORD-003279,M_SWIM-P2,5,13096.66
2026-09-27,ORD-003280,M_PANTS-P3,7,27190.27
2026-09-27,ORD-003281,W_SWIM-P1,5,9164.12
2026-09-27,ORD-003282,W_INTIMATES-P1,5,3513.14
2026-09-27,ORD-003283,M_FASHION_HOODIES_SWEATSHIRTS-P5,4,35060.54
2026-09-27,ORD-003284,M_JEANS-P5,9,145607.08
2026-09-27,ORD-003285,M_FASHION_HOODIES_SWEATSHIRTS-P4,2,8848.4
2026-09-27,ORD-003286,W_SWIM-P4,9,53711.67
2026-09-27,ORD-003287,W_INTIMATES-P1,4,2981.33
2026-09-27,ORD-003288,M_SWIM-P3,5,17254.61
2026-09-27,ORD-003289,M_FASHION_HOODIES_SWEATSHIRTS-P4,4,17888.56
2026-09-27,ORD-003290,M_JEANS-P4,1,9720.15
2026-09-27,ORD-003291,W_INTIMATES-P5,9,50193.25
2026-09-27,ORD-003292,M_JEANS-P3,9,53126.57
2026-09-28,ORD-003293,M_SWEATERS-P1,9,16096.56
2026-09-28,ORD-003294,W_INTIMATES-P4,9,26485.93
2026-09-28,ORD-003295,M_SUITS_SPORT_COATS-P5,6,117908.16
2026-09-28,ORD-003296,W_SWIM-P5,3,31759.71
2026-09-28,ORD-003297,W_INTIMATES-P2,7,10606.61
2026-09-28,ORD-003298,M_FASHION_HOODIES_SWEATSHIRTS-P4,9,43438.13
2026-09-28,ORD-003299,M_SWIM-P5,1,5771.39
2026-09-28,ORD-003300,W_OUTERWEAR_COATS-P4,3,36421.12
2026-09-28,ORD-003301,M_SWIM-P3,1,3569.72
2026-09-28,ORD-003302,W_OUTERWEAR_COATS-P3,3,23189.62
2026-09-28,ORD-003303,W_DRESSES-P4,2,16064.55
2026-09-28,ORD-003304,W_INTIMATES-P2,7,9930.12
2026-09-28,ORD-003305,M_FASHION_HOODIES_SWEATSHIRTS-P1,7,14757.02
2026-09-28,ORD-003306,M_SWIM-P2,1,2624.68
2026-09-28,ORD-003307,W_SWIM-P5,8,75327.62
2026-09-28,ORD-003308,M_JEANS-P3,7,43548.59
2026-09-28,ORD-003309,W_DRESSES-P2,8,21135.96
2026-09-28,ORD-003310,W_INTIMATES-P4,8,22066.1
2026-09-28,ORD-003311,W_INTIMATES-P4,8,23802.49
2026-09-28,ORD-003312,W_INTIMATES-P5,7,42008.42
2026-09-28,ORD-003313,M_PANTS-P4,8,41005.41
2026-09-28,ORD-003314,M_SWEATERS-P1,6,12401.27
2026-09-28,ORD-003315,W_OUTERWEAR_COATS-P2,9,50780.36
2026-09-28,ORD-003316,M_PANTS-P2,8,24289.26
2026-09-28,ORD-003317,M_JEANS-P3,3,17307.04
2026-09-28,ORD-003318,W_OUTERWEAR_COATS-P2,1,5715.64
2026-09-28,ORD-003319,W_OUTERWEAR_COATS-P3,8,69542.62
2026-09-28,ORD-003320,M_PANTS-P4,7,35714.13
2026-09-28,ORD-003321,M_SWIM-P5,4,22663.44
2026-09-28,ORD-003322,M_FASHION_HOODIES_SWEATSHIRTS-P1,4,7785.09
2026-09-28,ORD-003323,M_JEANS-P2,9,37983.06
2026-09-28,ORD-003324,M_JEANS-P1,1,2764.35
2026-09-28,ORD-003325,M_OUTERWEAR_COATS-P5,2,51063.93
2026-09-28,ORD-003326,W_JEANS-P3,7,43045.2
2026-09-28,ORD-003327,M_FASHION_HOODIES_SWEATSHIRTS-P2,9,27511.66
2026-09-28,ORD-003328,W_JEANS-P1,9,19657.45
2026-09-28,ORD-003329,M_SWEATERS-P2,8,24463.44
2026-09-28,ORD-003330,M_OUTERWEAR_COATS-P2,2,12093.36
2026-09-28,ORD-003331,M_SWEATERS-P4,2,13507.21
2026-09-28,ORD-003332,M_SUITS_SPORT_COATS-P3,6,40916.26
2026-09-28,ORD-003333,M_JEANS-P1,9,23535.5
2026-09-28,ORD-003334,W_SWIM-P1,3,5092.42
2026-09-28,ORD-003335,M_SWEATERS-P5,4,49179.35
2026-09-28,ORD-003336,W_OUTERWEAR_COATS-P4,8,85050.96
2026-09-28,ORD-003337,M_SUITS_SPORT_COATS-P2,9,48128.46
2026-09-28,ORD-003338,M_PANTS-P1,8,12946.28
2026-09-28,ORD-003339,W_OUTERWEAR_COATS-P3,8,63678.76
2026-09-28,ORD-003340,M_SWEATERS-P2,7,21544.77
2026-09-28,ORD-003341,M_SWIM-P1,7,12911.48
2026-09-28,ORD-003342,M_SUITS_SPORT_COATS-P4,8,97804.43
2026-09-28,ORD-003343,M_OUTERWEAR_COATS-P4,6,66858.52
2026-09-28,ORD-003344,M_SWIM-P5,5,33105.72
2026-09-28,ORD-003345,M_OUTERWEAR_COATS-P4,2,21526.12
2026-09-28,ORD-003346,M_SUITS_SPORT_COATS-P3,3,23503.29
2026-09-28,ORD-003347,M_JEANS-P1,9,21984.96
2026-09-28,ORD-003348,W_INTIMATES-P2,5,7561.5
2026-09-28,ORD-003349,M_SUITS_SPORT_COATS-P1,3,6117.26
2026-09-28,ORD-003350,M_OUTERWEAR_COATS-P3,8,65744.25
2026-09-28,ORD-003351,W_OUTERWEAR_COATS-P3,2,15161.19
2026-09-28,ORD-003352,M_SWIM-P4,1,4415.19
2026-09-28,ORD-003353,M_JEANS-P1,9,23167.58
2026-09-28,ORD-003354,OTHER-ASSORTED,3,10780.6
2026-09-28,ORD-003355,W_DRESSES-P3,9,37916.98
2026-09-28,ORD-003356,M_OUTERWEAR_COATS-P2,2,11946.58
2026-09-28,ORD-003357,W_OUTERWEAR_COATS-P1,3,7787.03
2026-09-28,ORD-003358,M_SWEATERS-P2,1,3109.86
2026-09-28,ORD-003359,M_SWEATERS-P5,9,112137.54
2026-09-28,ORD-003360,W_JEANS-P2,1,3790.98
2026-09-28,ORD-003361,M_PANTS-P3,2,7825.26
2026-09-28,ORD-003362,M_SUITS_SPORT_COATS-P5,5,105911.83
2026-09-28,ORD-003363,M_SWIM-P4,3,12206.92
2026-09-28,ORD-003364,W_OUTERWEAR_COATS-P3,3,22327.85
2026-09-28,ORD-003365,W_JEANS-P1,6,14989.76
2026-09-28,ORD-003366,OTHER-ASSORTED,1,3535.2
2026-09-28,ORD-003367,M_JEANS-P4,4,36035.5
2026-09-28,ORD-003368,W_INTIMATES-P4,1,2752.25
2026-09-28,ORD-003369,W_JEANS-P3,5,26900.25
2026-09-28,ORD-003370,M_JEANS-P3,4,23152.94
2026-09-28,ORD-003371,M_JEANS-P1,9,23268.63
2026-09-28,ORD-003372,M_SUITS_SPORT_COATS-P3,8,60838.62
2026-09-28,ORD-003373,M_SWIM-P2,9,26240.07
2026-09-28,ORD-003374,M_OUTERWEAR_COATS-P1,8,28221.94
2026-09-28,ORD-003375,W_SWIM-P2,4,11614.03
2026-09-28,ORD-003376,M_SWIM-P4,3,12210.26
2026-09-28,ORD-003377,M_SUITS_SPORT_COATS-P1,2,3782.82
2026-09-28,ORD-003378,M_OUTERWEAR_COATS-P3,6,49761.46
2026-09-28,ORD-003379,M_SUITS_SPORT_COATS-P1,2,4147.04
2026-09-28,ORD-003380,W_DRESSES-P1,6,5894.12
2026-09-28,ORD-003381,W_OUTERWEAR_COATS-P4,5,56174.97
2026-09-28,ORD-003382,W_DRESSES-P5,4,66919.39
2026-09-28,ORD-003383,W_SWIM-P5,7,71965.36
2026-09-28,ORD-003384,W_DRESSES-P2,5,13026.61
2026-09-28,ORD-003385,M_PANTS-P5,1,8457.69
2026-09-28,ORD-003386,W_OUTERWEAR_COATS-P2,9,47992.08
2026-09-28,ORD-003387,M_JEANS-P1,6,14298.46
2026-09-28,ORD-003388,M_SWIM-P3,8,29384.68
2026-09-28,ORD-003389,W_JEANS-P4,2,19075.78
2026-09-28,ORD-003390,M_JEANS-P5,5,82716.31
2026-09-28,ORD-003391,W_INTIMATES-P4,5,14560.19
2026-09-28,ORD-003392,M_OUTERWEAR_COATS-P1,4,13113.8
2026-09-28,ORD-003393,W_DRESSES-P4,6,46374.36
2026-09-28,ORD-003394,M_FASHION_HOODIES_SWEATSHIRTS-P1,5,9406.36
2026-09-28,ORD-003395,W_JEANS-P3,1,6327.27
2026-09-28,ORD-003396,W_JEANS-P1,2,4832.38
2026-09-28,ORD-003397,M_SWIM-P2,8,22685.75
2026-09-28,ORD-003398,M_PANTS-P4,9,47832.64
2026-09-28,ORD-003399,W_DRESSES-P4,8,55119.39
2026-09-28,ORD-003400,W_OUTERWEAR_COATS-P2,8,47255.6
2026-09-28,ORD-003401,M_PANTS-P5,5,46520.65
2026-09-28,ORD-003402,W_OUTERWEAR_COATS-P5,7,193496.91
2026-09-28,ORD-003403,M_FASHION_HOODIES_SWEATSHIRTS-P5,5,39754.94
2026-09-28,ORD-003404,W_OUTERWEAR_COATS-P1,9,25997.75
2026-09-28,ORD-003405,M_SWEATERS-P5,7,92170.62
2026-09-28,ORD-003406,W_OUTERWEAR_COATS-P1,6,17012.54
2026-09-28,ORD-003407,W_JEANS-P2,9,33602.12
2026-09-28,ORD-003408,M_SWEATERS-P1,8,15557.07
2026-09-28,ORD-003409,M_SWIM-P5,4,26457.78
2026-09-28,ORD-003410,M_SWIM-P2,3,8750.25
2026-09-28,ORD-003411,W_INTIMATES-P4,5,15050.21
2026-09-28,ORD-003412,M_SWIM-P3,3,11216.97
2026-09-28,ORD-003413,M_FASHION_HOODIES_SWEATSHIRTS-P1,8,15127.4
2026-09-28,ORD-003414,M_SWEATERS-P3,4,17975.17
2026-09-28,ORD-003415,M_FASHION_HOODIES_SWEATSHIRTS-P4,2,9052.11
2026-09-28,ORD-003416,M_SWEATERS-P5,3,34110.75
2026-09-28,ORD-003417,W_OUTERWEAR_COATS-P1,7,20816.93
2026-09-28,ORD-003418,M_PANTS-P2,9,27426.81
2026-09-28,ORD-003419,M_SUITS_SPORT_COATS-P4,9,104370.27
2026-09-28,ORD-003420,W_SWIM-P5,9,88759.49
2026-09-28,ORD-003421,M_FASHION_HOODIES_SWEATSHIRTS-P1,2,3644.93
2026-09-28,ORD-003422,W_JEANS-P1,5,11513.54
2026-09-28,ORD-003423,M_FASHION_HOODIES_SWEATSHIRTS-P5,4,33535.09
2026-09-28,ORD-003424,W_INTIMATES-P1,4,3173.74
2026-09-28,ORD-003425,W_INTIMATES-P5,6,35356.46
2026-09-28,ORD-003426,W_SWIM-P2,2,5962.32
2026-09-28,ORD-003427,M_FASHION_HOODIES_SWEATSHIRTS-P3,2,7818.45
2026-09-28,ORD-003428,W_INTIMATES-P4,6,16708.67
2026-09-28,ORD-003429,W_OUTERWEAR_COATS-P5,6,163842.83
2026-09-28,ORD-003430,M_SWEATERS-P4,3,18884.21
2026-09-28,ORD-003431,M_PANTS-P1,8,12209.19
2026-09-28,ORD-003432,OTHER-ASSORTED,1,3146.68
2026-09-28,ORD-003433,W_INTIMATES-P2,3,4073.87
2026-09-28,ORD-003434,W_JEANS-P2,3,10604.4
2026-09-28,ORD-003435,W_JEANS-P2,6,22699.04
2026-09-28,ORD-003436,W_DRESSES-P1,1,1076.04
2026-09-28,ORD-003437,M_SUITS_SPORT_COATS-P5,9,206739.34
2026-09-28,ORD-003438,M_PANTS-P2,5,15293.79
2026-09-28,ORD-003439,M_PANTS-P5,7,66623.78
2026-09-28,ORD-003440,W_INTIMATES-P1,2,1441.06
2026-09-28,ORD-003441,W_SWIM-P4,9,55461.1
2026-09-28,ORD-003442,W_OUTERWEAR_COATS-P4,2,21644.95
2026-09-28,ORD-003443,M_SUITS_SPORT_COATS-P4,6,72197.71
2026-09-28,ORD-003444,M_FASHION_HOODIES_SWEATSHIRTS-P5,2,16542.18
2026-09-28,ORD-003445,M_PANTS-P3,7,26071.7
2026-09-28,ORD-003446,M_JEANS-P4,9,91883.65
2026-09-28,ORD-003447,W_INTIMATES-P3,8,16102.66
2026-09-28,ORD-003448,M_PANTS-P3,3,11772.19
2026-09-28,ORD-003449,M_SWIM-P5,1,6580.61
2026-09-28,ORD-003450,M_JEANS-P4,6,53496.49
2026-09-28,ORD-003451,W_OUTERWEAR_COATS-P4,9,109081.69
2026-09-28,ORD-003452,M_PANTS-P4,5,24865.33
2026-09-28,ORD-003453,W_OUTERWEAR_COATS-P4,4,42752.75
2026-09-28,ORD-003454,M_FASHION_HOODIES_SWEATSHIRTS-P1,5,10347.73
2026-09-28,ORD-003455,W_DRESSES-P1,3,3337.33
2026-09-28,ORD-003456,M_SWIM-P3,6,23373.12
2026-09-28,ORD-003457,M_JEANS-P4,2,20051.84
2026-09-28,ORD-003458,W_OUTERWEAR_COATS-P5,1,26404.35
2026-09-28,ORD-003459,M_SWIM-P2,4,11306.31
2026-09-28,ORD-003460,M_PANTS-P5,2,18935.52
2026-09-28,ORD-003461,M_JEANS-P1,8,19204.28
2026-09-28,ORD-003462,M_SUITS_SPORT_COATS-P4,4,43848.49
2026-09-28,ORD-003463,W_OUTERWEAR_COATS-P1,1,2840.94
2026-09-28,ORD-003464,M_SWEATERS-P3,3,14409.88
2026-09-28,ORD-003465,M_PANTS-P4,8,37994.84
2026-09-28,ORD-003466,M_SWIM-P1,4,6995.86
2026-09-28,ORD-003467,W_DRESSES-P5,3,43412.2
2026-09-28,ORD-003468,W_SWIM-P1,9,14871.77
2026-09-28,ORD-003469,W_DRESSES-P3,8,37040.66
2026-09-28,ORD-003470,OTHER-ASSORTED,9,29072.56
2026-09-28,ORD-003471,M_OUTERWEAR_COATS-P4,9,109302.52
2026-09-28,ORD-003472,M_SWEATERS-P5,1,12111.76
2026-09-28,ORD-003473,W_INTIMATES-P2,3,4033.36
2026-09-28,ORD-003474,M_SWIM-P3,1,3613.16
2026-09-28,ORD-003475,M_SWIM-P3,8,30959.11
2026-09-28,ORD-003476,M_SWIM-P4,1,4513.58
2026-09-28,ORD-003477,W_INTIMATES-P3,7,13691.37
2026-09-28,ORD-003478,M_PANTS-P2,7,19271.68
2026-09-28,ORD-003479,M_SUITS_SPORT_COATS-P3,4,29206.52
2026-09-28,ORD-003480,M_PANTS-P4,8,43105.04
2026-09-28,ORD-003481,W_JEANS-P1,5,11430.92
2026-09-28,ORD-003482,W_INTIMATES-P4,9,28129.27
2026-09-28,ORD-003483,M_OUTERWEAR_COATS-P1,5,17753.16
2026-09-28,ORD-003484,M_SUITS_SPORT_COATS-P5,9,203578.88
2026-09-28,ORD-003485,W_OUTERWEAR_COATS-P1,6,17353.87
2026-09-28,ORD-003486,M_SWIM-P1,7,12351.76
2026-09-28,ORD-003487,M_SUITS_SPORT_COATS-P4,8,97641.83
2026-09-28,ORD-003488,M_SWEATERS-P2,7,24168.41
2026-09-28,ORD-003489,W_JEANS-P4,6,49972.56
2026-09-28,ORD-003490,M_SUITS_SPORT_COATS-P4,3,32182.75
2026-09-28,ORD-003491,M_OUTERWEAR_COATS-P3,6,47520.45
2026-09-28,ORD-003492,M_OUTERWEAR_COATS-P2,8,46154.37
2026-09-28,ORD-003493,W_INTIMATES-P5,7,37262.81
2026-09-28,ORD-003494,M_SUITS_SPORT_COATS-P1,1,1927.31
2026-09-28,ORD-003495,M_FASHION_HOODIES_SWEATSHIRTS-P2,4,13054.23
2026-09-28,ORD-003496,W_SWIM-P1,5,9269.28
2026-09-28,ORD-003497,M_PANTS-P1,7,10810.73
2026-09-28,ORD-003498,W_SWIM-P1,1,1751.59
2026-09-28,ORD-003499,M_FASHION_HOODIES_SWEATSHIRTS-P4,2,9048.68
2026-09-28,ORD-003500,M_SWEATERS-P3,3,14103.21
2026-09-28,ORD-003501,W_INTIMATES-P1,2,1591.21
2026-09-28,ORD-003502,M_OUTERWEAR_COATS-P5,3,77220.98
2026-09-28,ORD-003503,M_PANTS-P1,2,3029.85
2026-09-28,ORD-003504,OTHER-ASSORTED,2,6401.14
2026-09-28,ORD-003505,W_OUTERWEAR_COATS-P4,3,31055.59
2026-09-28,ORD-003506,W_JEANS-P5,2,26949.1
2026-09-28,ORD-003507,M_FASHION_HOODIES_SWEATSHIRTS-P5,3,25593.61
2026-09-28,ORD-003508,M_JEANS-P1,7,18556.22
2026-09-28,ORD-003509,M_PANTS-P5,2,19012.15
2026-09-28,ORD-003510,M_FASHION_HOODIES_SWEATSHIRTS-P1,9,16991.35
2026-09-28,ORD-003511,W_SWIM-P1,6,10859.74
2026-09-28,ORD-003512,M_FASHION_HOODIES_SWEATSHIRTS-P3,2,7778.64
2026-09-28,ORD-003513,M_JEANS-P4,9,90782.16
2026-09-28,ORD-003514,M_OUTERWEAR_COATS-P3,7,54858.47
2026-09-28,ORD-003515,M_OUTERWEAR_COATS-P4,2,21770.31
2026-09-28,ORD-003516,W_JEANS-P1,1,2372.47
2026-09-28,ORD-003517,W_JEANS-P1,5,11014.82
2026-09-28,ORD-003518,M_SWIM-P5,1,5836.38
2026-09-28,ORD-003519,M_FASHION_HOODIES_SWEATSHIRTS-P3,8,31579.78
2026-09-28,ORD-003520,W_INTIMATES-P4,8,21422.89
2026-09-28,ORD-003521,W_OUTERWEAR_COATS-P3,6,51734.87
2026-09-28,ORD-003522,M_JEANS-P4,7,72763.09
2026-09-28,ORD-003523,W_INTIMATES-P1,9,6801.29
2026-09-28,ORD-003524,M_SWIM-P2,1,2612.74
2026-09-28,ORD-003525,M_SWIM-P2,7,18352.3
2026-09-28,ORD-003526,W_OUTERWEAR_COATS-P1,7,18060.78
2026-09-28,ORD-003527,W_OUTERWEAR_COATS-P4,5,58903.64
2026-09-28,ORD-003528,M_OUTERWEAR_COATS-P4,8,88159.36
2026-09-28,ORD-003529,M_SWIM-P3,3,10155.02
2026-09-28,ORD-003530,M_OUTERWEAR_COATS-P4,2,24195.55
2026-09-28,ORD-003531,M_SUITS_SPORT_COATS-P5,8,160722.1
2026-09-28,ORD-003532,W_INTIMATES-P5,8,45785.24
2026-09-28,ORD-003533,M_SUITS_SPORT_COATS-P3,2,13473.83
2026-09-28,ORD-003534,M_OUTERWEAR_COATS-P2,7,42776.31
2026-09-28,ORD-003535,M_PANTS-P5,3,28112.08
2026-09-28,ORD-003536,W_DRESSES-P1,3,3331.12
2026-09-28,ORD-003537,M_JEANS-P5,3,44019.8
2026-09-28,ORD-003538,M_JEANS-P1,5,13436.78
2026-09-28,ORD-003539,W_JEANS-P1,5,12531.0
2026-09-28,ORD-003540,W_JEANS-P4,5,45074.32
2026-09-28,ORD-003541,W_SWIM-P3,2,7874.02
2026-09-28,ORD-003542,M_FASHION_HOODIES_SWEATSHIRTS-P4,1,5055.68
2026-09-28,ORD-003543,M_SUITS_SPORT_COATS-P1,9,19067.78
2026-09-28,ORD-003544,M_PANTS-P4,7,36113.0
2026-09-28,ORD-003545,M_JEANS-P1,2,5542.83
2026-09-28,ORD-003546,W_DRESSES-P2,2,5671.19
2026-09-28,ORD-003547,W_JEANS-P3,9,51388.19
2026-09-28,ORD-003548,M_OUTERWEAR_COATS-P4,3,32784.55
2026-09-28,ORD-003549,W_OUTERWEAR_COATS-P5,7,170970.37
2026-09-28,ORD-003550,M_SUITS_SPORT_COATS-P3,9,62297.23
2026-09-28,ORD-003551,M_SUITS_SPORT_COATS-P5,7,154801.22
2026-09-28,ORD-003552,W_JEANS-P5,1,12990.39
2026-09-28,ORD-003553,M_FASHION_HOODIES_SWEATSHIRTS-P4,1,4392.47
2026-09-28,ORD-003554,W_SWIM-P4,3,16051.51
2026-09-28,ORD-003555,M_PANTS-P5,9,78483.3
2026-09-28,ORD-003556,M_PANTS-P1,1,1647.19
2026-09-28,ORD-003557,M_OUTERWEAR_COATS-P3,4,32032.35
2026-09-28,ORD-003558,M_JEANS-P1,8,21528.85
2026-09-28,ORD-003559,W_OUTERWEAR_COATS-P1,1,2849.28
2026-09-28,ORD-003560,M_JEANS-P1,2,5273.8
2026-09-28,ORD-003561,OTHER-ASSORTED,1,3519.23
2026-09-28,ORD-003562,M_JEANS-P3,4,23876.6
2026-09-28,ORD-003563,M_SUITS_SPORT_COATS-P3,5,37830.98
2026-09-28,ORD-003564,W_DRESSES-P3,8,34142.86
2026-09-28,ORD-003565,M_SWEATERS-P3,5,23151.16
2026-09-28,ORD-003566,M_SUITS_SPORT_COATS-P5,1,21503.08
2026-09-28,ORD-003567,M_JEANS-P1,7,17061.43
2026-09-28,ORD-003568,M_JEANS-P2,7,29430.7
2026-09-28,ORD-003569,W_DRESSES-P1,5,5552.81
2026-09-28,ORD-003570,W_JEANS-P2,1,3557.61
2026-09-28,ORD-003571,W_INTIMATES-P5,4,21361.57
2026-09-28,ORD-003572,M_OUTERWEAR_COATS-P5,1,27506.46
2026-09-28,ORD-003573,M_OUTERWEAR_COATS-P2,5,28164.45
2026-09-28,ORD-003574,W_JEANS-P2,2,6676.69
2026-09-28,ORD-003575,W_SWIM-P1,2,3241.8
2026-09-28,ORD-003576,M_SUITS_SPORT_COATS-P3,2,15705.63
2026-09-28,ORD-003577,M_SWEATERS-P4,1,6182.53
2026-09-28,ORD-003578,W_JEANS-P4,6,55293.06
2026-09-28,ORD-003579,M_JEANS-P5,1,14397.34
2026-09-28,ORD-003580,M_SWIM-P4,7,30696.75
2026-09-28,ORD-003581,W_INTIMATES-P3,7,13837.29
2026-09-28,ORD-003582,W_DRESSES-P1,6,6829.44
2026-09-28,ORD-003583,M_PANTS-P2,3,8982.52
2026-09-28,ORD-003584,W_JEANS-P3,8,50430.24
2026-09-28,ORD-003585,W_SWIM-P5,8,82663.16
2026-09-28,ORD-003586,M_OUTERWEAR_COATS-P5,2,55039.38
2026-09-28,ORD-003587,W_JEANS-P5,3,44926.41
2026-09-28,ORD-003588,M_SWIM-P1,6,10786.42
2026-09-28,ORD-003589,M_SWIM-P1,8,14245.41
2026-09-28,ORD-003590,M_FASHION_HOODIES_SWEATSHIRTS-P1,5,9305.97
2026-09-28,ORD-003591,W_OUTERWEAR_COATS-P4,1,11034.73
2026-09-28,ORD-003592,W_SWIM-P5,6,58318.44
2026-09-28,ORD-003593,W_JEANS-P2,9,30739.81
2026-09-28,ORD-003594,W_OUTERWEAR_COATS-P5,9,228219.6
2026-09-28,ORD-003595,M_SWIM-P4,3,12981.85
2026-09-28,ORD-003596,W_DRESSES-P1,6,6010.91
2026-09-28,ORD-003597,W_JEANS-P5,8,108711.2
2026-09-28,ORD-003598,W_JEANS-P3,7,41902.14
2026-09-28,ORD-003599,W_INTIMATES-P4,1,2941.72
2026-09-28,ORD-003600,M_JEANS-P4,8,79768.28
2026-09-28,ORD-003601,M_JEANS-P1,3,8351.66
2026-09-28,ORD-003602,W_SWIM-P4,7,41481.32
2026-09-28,ORD-003603,W_OUTERWEAR_COATS-P4,7,76726.86
2026-09-28,ORD-003604,W_OUTERWEAR_COATS-P2,5,26482.99
2026-09-28,ORD-003605,M_OUTERWEAR_COATS-P4,4,47274.34
2026-09-28,ORD-003606,W_SWIM-P4,1,5763.39
2026-09-28,ORD-003607,W_OUTERWEAR_COATS-P1,2,5589.81
2026-09-28,ORD-003608,M_SWEATERS-P2,6,17777.31
2026-09-28,ORD-003609,M_SUITS_SPORT_COATS-P3,7,51387.47
2026-09-28,ORD-003610,M_SUITS_SPORT_COATS-P2,4,21439.34
2026-09-28,ORD-003611,M_SUITS_SPORT_COATS-P2,3,15622.89
2026-09-28,ORD-003612,W_JEANS-P5,6,83745.02
2026-09-28,ORD-003613,M_SWIM-P2,2,5438.43
2026-09-28,ORD-003614,W_OUTERWEAR_COATS-P2,1,5716.47
2026-09-28,ORD-003615,M_JEANS-P3,8,48524.11
2026-09-28,ORD-003616,W_DRESSES-P3,7,31438.84
2026-09-28,ORD-003617,M_FASHION_HOODIES_SWEATSHIRTS-P5,2,17149.9
2026-09-28,ORD-003618,M_SUITS_SPORT_COATS-P3,9,67010.95
2026-09-28,ORD-003619,W_DRESSES-P4,1,7341.83
2026-09-28,ORD-003620,M_PANTS-P3,8,30007.18
2026-09-28,ORD-003621,M_OUTERWEAR_COATS-P2,3,18173.72
2026-09-28,ORD-003622,W_JEANS-P4,6,51393.28
2026-09-28,ORD-003623,W_SWIM-P4,6,31553.16
2026-09-28,ORD-003624,M_PANTS-P1,2,3178.72
2026-09-28,ORD-003625,W_OUTERWEAR_COATS-P4,6,62834.69
2026-09-28,ORD-003626,W_INTIMATES-P3,4,8785.0
2026-09-28,ORD-003627,M_FASHION_HOODIES_SWEATSHIRTS-P4,8,37063.55
2026-09-28,ORD-003628,M_OUTERWEAR_COATS-P2,2,11442.84
2026-09-28,ORD-003629,M_SWEATERS-P2,3,9023.15
2026-09-28,ORD-003630,M_JEANS-P4,2,20127.28
2026-09-28,ORD-003631,W_JEANS-P3,8,43178.84
2026-09-28,ORD-003632,M_JEANS-P5,8,117738.75
2026-09-28,ORD-003633,M_PANTS-P2,4,10992.48
2026-09-28,ORD-003634,M_SWEATERS-P5,9,117561.59
2026-09-28,ORD-003635,M_OUTERWEAR_COATS-P3,9,67723.13
2026-09-28,ORD-003636,W_SWIM-P4,1,5288.6
2026-09-28,ORD-003637,M_SWIM-P2,2,5180.61
2026-09-28,ORD-003638,W_JEANS-P2,3,10764.53
2026-09-28,ORD-003639,W_OUTERWEAR_COATS-P3,1,8337.12
2026-09-28,ORD-003640,M_OUTERWEAR_COATS-P3,8,70279.82
2026-09-28,ORD-003641,W_OUTERWEAR_COATS-P1,6,16371.24
2026-09-28,ORD-003642,M_PANTS-P3,6,21334.66
2026-09-28,ORD-003643,W_SWIM-P4,1,5875.0
2026-09-28,ORD-003644,W_SWIM-P5,9,92752.1
2026-09-28,ORD-003645,W_JEANS-P2,1,3688.22
2026-09-28,ORD-003646,M_OUTERWEAR_COATS-P5,3,75840.94
2026-09-29,ORD-003647,M_PANTS-P4,8,39580.48
2026-09-29,ORD-003648,M_FASHION_HOODIES_SWEATSHIRTS-P1,9,16476.08
2026-09-29,ORD-003649,M_SWEATERS-P4,5,32630.37
2026-09-29,ORD-003650,M_SUITS_SPORT_COATS-P3,9,65113.97
2026-09-29,ORD-003651,M_SWEATERS-P4,7,44812.0
2026-09-29,ORD-003652,M_SUITS_SPORT_COATS-P2,1,5268.87
2026-09-29,ORD-003653,M_PANTS-P5,4,34144.1
2026-09-29,ORD-003654,M_OUTERWEAR_COATS-P2,5,30217.73
2026-09-29,ORD-003655,M_SUITS_SPORT_COATS-P2,8,42884.83
2026-09-29,ORD-003656,W_JEANS-P1,6,14370.02
2026-09-29,ORD-003657,W_JEANS-P1,3,6997.67
2026-09-29,ORD-003658,M_JEANS-P4,7,73363.29
2026-09-29,ORD-003659,W_INTIMATES-P1,7,5468.02
2026-09-29,ORD-003660,M_JEANS-P5,9,139770.44
2026-09-29,ORD-003661,M_JEANS-P2,1,4164.71
2026-09-29,ORD-003662,OTHER-ASSORTED,2,6608.87
2026-09-29,ORD-003663,W_OUTERWEAR_COATS-P4,8,82502.36
2026-09-29,ORD-003664,M_JEANS-P4,1,9295.69
2026-09-29,ORD-003665,M_PANTS-P3,9,32613.37
2026-09-29,ORD-003666,M_SWIM-P4,8,31599.78
2026-09-29,ORD-003667,M_FASHION_HOODIES_SWEATSHIRTS-P3,8,33246.84
2026-09-29,ORD-003668,W_SWIM-P1,2,3416.75
2026-09-29,ORD-003669,OTHER-ASSORTED,9,29422.95
2026-09-29,ORD-003670,M_OUTERWEAR_COATS-P5,3,84086.25
2026-09-29,ORD-003671,W_SWIM-P3,7,26689.29
2026-09-29,ORD-003672,W_OUTERWEAR_COATS-P2,2,10762.95
2026-09-29,ORD-003673,W_SWIM-P3,7,29916.39
2026-09-29,ORD-003674,W_INTIMATES-P4,7,18901.82
2026-09-29,ORD-003675,M_OUTERWEAR_COATS-P5,1,26384.53
2026-09-29,ORD-003676,W_JEANS-P1,1,2421.99
2026-09-29,ORD-003677,M_SUITS_SPORT_COATS-P2,6,29110.49
2026-09-29,ORD-003678,W_INTIMATES-P3,1,2043.37
2026-09-29,ORD-003679,M_SWIM-P4,8,33783.55
2026-09-29,ORD-003680,W_JEANS-P4,5,45898.14
2026-09-29,ORD-003681,M_SWEATERS-P1,7,13838.19
2026-09-29,ORD-003682,M_SWIM-P1,3,5208.0
2026-09-29,ORD-003683,M_OUTERWEAR_COATS-P5,9,228151.92
2026-09-29,ORD-003684,M_JEANS-P5,7,116342.03
2026-09-29,ORD-003685,M_PANTS-P3,7,27469.21
2026-09-29,ORD-003686,W_OUTERWEAR_COATS-P2,2,10709.83
2026-09-29,ORD-003687,M_OUTERWEAR_COATS-P4,8,89596.87
2026-09-29,ORD-003688,M_FASHION_HOODIES_SWEATSHIRTS-P5,4,34250.98
2026-09-29,ORD-003689,W_SWIM-P5,3,28712.53
2026-09-29,ORD-003690,M_SWIM-P2,3,7952.7
2026-09-29,ORD-003691,W_DRESSES-P1,6,6531.55
2026-09-29,ORD-003692,M_SWIM-P4,3,13467.2
2026-09-29,ORD-003693,W_DRESSES-P4,2,14637.34
2026-09-29,ORD-003694,W_INTIMATES-P5,8,44920.78
2026-09-29,ORD-003695,M_PANTS-P5,7,61335.96
2026-09-29,ORD-003696,W_OUTERWEAR_COATS-P4,1,10712.72
2026-09-29,ORD-003697,W_INTIMATES-P1,1,760.59
2026-09-29,ORD-003698,M_OUTERWEAR_COATS-P1,8,26764.22
2026-09-29,ORD-003699,W_JEANS-P1,8,20236.93
2026-09-29,ORD-003700,M_JEANS-P3,4,23570.81
2026-09-29,ORD-003701,M_OUTERWEAR_COATS-P4,6,64144.42
2026-09-29,ORD-003702,M_PANTS-P3,7,28796.82
2026-09-29,ORD-003703,M_PANTS-P4,8,38408.27
2026-09-29,ORD-003704,W_DRESSES-P1,1,1032.8
2026-09-29,ORD-003705,W_SWIM-P5,3,32828.35
2026-09-29,ORD-003706,M_JEANS-P4,6,55530.63
2026-09-29,ORD-003707,M_OUTERWEAR_COATS-P1,9,29399.25
2026-09-29,ORD-003708,M_PANTS-P4,9,47650.73
2026-09-29,ORD-003709,M_FASHION_HOODIES_SWEATSHIRTS-P5,1,7632.09
2026-09-29,ORD-003710,M_SWEATERS-P3,5,22984.93
2026-09-29,ORD-003711,M_JEANS-P5,7,103472.54
2026-09-29,ORD-003712,M_SWEATERS-P5,2,24343.98
2026-09-29,ORD-003713,W_INTIMATES-P1,3,2272.51
2026-09-29,ORD-003714,M_JEANS-P5,1,16477.14
2026-09-29,ORD-003715,M_JEANS-P4,3,27407.67
2026-09-29,ORD-003716,W_INTIMATES-P4,1,3046.17
2026-09-29,ORD-003717,M_FASHION_HOODIES_SWEATSHIRTS-P5,5,38186.74
2026-09-29,ORD-003718,W_JEANS-P2,5,19045.51
2026-09-29,ORD-003719,M_SUITS_SPORT_COATS-P1,6,10914.93
2026-09-29,ORD-003720,W_JEANS-P1,2,5063.58
2026-09-29,ORD-003721,W_DRESSES-P4,5,36274.0
2026-09-29,ORD-003722,M_SUITS_SPORT_COATS-P2,4,20834.89
2026-09-29,ORD-003723,M_SWEATERS-P1,6,12201.0
2026-09-29,ORD-003724,M_OUTERWEAR_COATS-P3,7,57843.75
2026-09-29,ORD-003725,M_SWIM-P1,5,9373.36
2026-09-29,ORD-003726,M_JEANS-P5,8,118031.24
2026-09-29,ORD-003727,M_JEANS-P2,7,26830.85
2026-09-29,ORD-003728,W_JEANS-P1,6,14619.26
2026-09-29,ORD-003729,W_INTIMATES-P5,3,17915.77
2026-09-29,ORD-003730,W_JEANS-P1,9,22646.71
2026-09-29,ORD-003731,M_OUTERWEAR_COATS-P2,1,5623.52
2026-09-29,ORD-003732,M_PANTS-P5,6,56417.0
2026-09-29,ORD-003733,M_JEANS-P5,1,14978.79
2026-09-29,ORD-003734,W_SWIM-P4,5,26279.32
2026-09-29,ORD-003735,M_SUITS_SPORT_COATS-P4,1,12033.25
2026-09-29,ORD-003736,W_INTIMATES-P3,6,12509.82
2026-09-29,ORD-003737,M_JEANS-P1,3,8226.69
2026-09-29,ORD-003738,W_JEANS-P3,8,48917.62
2026-09-29,ORD-003739,M_OUTERWEAR_COATS-P1,7,23058.12
2026-09-29,ORD-003740,M_SWIM-P1,8,14691.76
2026-09-29,ORD-003741,W_SWIM-P2,8,22341.61
2026-09-29,ORD-003742,W_JEANS-P4,4,34494.73
2026-09-29,ORD-003743,W_INTIMATES-P3,7,13412.39
2026-09-29,ORD-003744,W_INTIMATES-P4,2,5719.47
2026-09-29,ORD-003745,M_SUITS_SPORT_COATS-P3,7,54559.38
2026-09-29,ORD-003746,W_DRESSES-P1,1,1100.53
2026-09-29,ORD-003747,M_PANTS-P4,9,41489.32
2026-09-29,ORD-003748,W_SWIM-P2,4,12447.13
2026-09-29,ORD-003749,W_JEANS-P1,7,16956.28
2026-09-29,ORD-003750,W_JEANS-P3,8,46296.88
2026-09-29,ORD-003751,M_JEANS-P3,4,25129.4
2026-09-29,ORD-003752,W_SWIM-P1,3,5405.83
2026-09-29,ORD-003753,M_OUTERWEAR_COATS-P4,8,91845.17
2026-09-29,ORD-003754,M_SUITS_SPORT_COATS-P4,8,98329.54
2026-09-29,ORD-003755,M_SWEATERS-P3,8,37661.43
2026-09-29,ORD-003756,W_JEANS-P1,3,6702.42
2026-09-29,ORD-003757,M_FASHION_HOODIES_SWEATSHIRTS-P3,7,27521.79
2026-09-29,ORD-003758,W_JEANS-P3,6,34012.5
2026-09-29,ORD-003759,W_INTIMATES-P3,4,8173.84
2026-09-29,ORD-003760,W_JEANS-P5,8,113415.56
2026-09-29,ORD-003761,W_JEANS-P2,2,6992.35
2026-09-29,ORD-003762,M_FASHION_HOODIES_SWEATSHIRTS-P1,5,10438.32
2026-09-29,ORD-003763,M_SWIM-P4,2,8827.87
2026-09-29,ORD-003764,W_OUTERWEAR_COATS-P3,7,56628.47
2026-09-29,ORD-003765,M_SUITS_SPORT_COATS-P5,7,147592.63
2026-09-29,ORD-003766,W_SWIM-P5,4,39563.82
2026-09-29,ORD-003767,M_SWEATERS-P2,5,15775.55
2026-09-29,ORD-003768,M_SUITS_SPORT_COATS-P2,3,14630.83
2026-09-29,ORD-003769,W_OUTERWEAR_COATS-P4,1,10623.84
2026-09-29,ORD-003770,M_JEANS-P1,9,23414.02
2026-09-29,ORD-003771,OTHER-ASSORTED,5,18054.79
2026-09-29,ORD-003772,M_JEANS-P4,7,72507.17
2026-09-29,ORD-003773,W_JEANS-P5,4,58379.69
2026-09-29,ORD-003774,M_JEANS-P3,9,54640.14
2026-09-29,ORD-003775,M_SWEATERS-P4,3,21726.72
2026-09-29,ORD-003776,W_JEANS-P3,6,36390.19
2026-09-29,ORD-003777,M_PANTS-P3,3,10637.17
2026-09-29,ORD-003778,M_FASHION_HOODIES_SWEATSHIRTS-P4,6,29211.42
2026-09-29,ORD-003779,W_DRESSES-P3,6,28676.56
2026-09-29,ORD-003780,M_OUTERWEAR_COATS-P3,7,54066.2
2026-09-29,ORD-003781,W_DRESSES-P2,2,5592.97
2026-09-29,ORD-003782,W_DRESSES-P2,7,20011.06
2026-09-29,ORD-003783,OTHER-ASSORTED,7,21601.31
2026-09-29,ORD-003784,M_SWEATERS-P2,7,22032.19
2026-09-29,ORD-003785,M_PANTS-P1,7,11677.49
2026-09-29,ORD-003786,M_FASHION_HOODIES_SWEATSHIRTS-P1,3,5787.08
2026-09-29,ORD-003787,W_DRESSES-P1,3,3155.48
2026-09-29,ORD-003788,M_OUTERWEAR_COATS-P4,5,54815.72
2026-09-29,ORD-003789,M_JEANS-P2,1,4188.45
2026-09-29,ORD-003790,M_PANTS-P5,5,43550.93
2026-09-29,ORD-003791,W_OUTERWEAR_COATS-P5,3,77315.61
2026-09-29,ORD-003792,M_FASHION_HOODIES_SWEATSHIRTS-P5,6,46260.86
2026-09-29,ORD-003793,M_SUITS_SPORT_COATS-P1,6,12480.1
2026-09-29,ORD-003794,M_SWIM-P5,3,17799.63
2026-09-29,ORD-003795,M_SWEATERS-P3,8,38260.14
2026-09-29,ORD-003796,M_JEANS-P4,1,9409.97
2026-09-29,ORD-003797,M_SUITS_SPORT_COATS-P2,2,9525.26
2026-09-29,ORD-003798,M_JEANS-P5,2,29194.77
2026-09-29,ORD-003799,M_SWEATERS-P2,1,3461.09
2026-09-29,ORD-003800,W_OUTERWEAR_COATS-P5,6,165741.22
2026-09-29,ORD-003801,M_FASHION_HOODIES_SWEATSHIRTS-P3,8,31290.91
2026-09-29,ORD-003802,M_SWIM-P3,9,33593.31
2026-09-29,ORD-003803,M_SWIM-P2,7,20684.35
2026-09-29,ORD-003804,W_JEANS-P5,5,74471.14
2026-09-29,ORD-003805,W_DRESSES-P1,9,10236.46
2026-09-29,ORD-003806,M_SUITS_SPORT_COATS-P3,6,43383.24
2026-09-29,ORD-003807,M_SWEATERS-P1,4,7213.37
2026-09-29,ORD-003808,W_SWIM-P3,4,16706.6
2026-09-29,ORD-003809,M_OUTERWEAR_COATS-P5,5,127103.58
2026-09-29,ORD-003810,W_DRESSES-P3,4,16650.79
2026-09-29,ORD-003811,M_SWIM-P2,4,10545.79
2026-09-29,ORD-003812,W_DRESSES-P5,4,62306.95
2026-09-29,ORD-003813,OTHER-ASSORTED,5,18023.72
2026-09-29,ORD-003814,W_SWIM-P2,5,14105.79
2026-09-29,ORD-003815,M_SWEATERS-P5,4,51229.14
2026-09-29,ORD-003816,W_DRESSES-P5,8,116402.54
2026-09-29,ORD-003817,M_SWEATERS-P1,9,16558.79
2026-09-29,ORD-003818,W_OUTERWEAR_COATS-P4,5,56330.71
2026-09-29,ORD-003819,W_DRESSES-P2,1,2627.88
2026-09-29,ORD-003820,W_DRESSES-P5,9,138181.86
2026-09-29,ORD-003821,W_JEANS-P1,8,19458.02
2026-09-29,ORD-003822,M_PANTS-P2,8,21785.92
2026-09-29,ORD-003823,W_DRESSES-P3,1,4799.97
2026-09-29,ORD-003824,W_SWIM-P5,4,40450.86
2026-09-29,ORD-003825,M_SUITS_SPORT_COATS-P4,2,25144.83
2026-09-29,ORD-003826,W_SWIM-P1,2,3252.25
2026-09-29,ORD-003827,M_JEANS-P2,8,33277.81
2026-09-29,ORD-003828,M_SWEATERS-P5,7,93345.04
2026-09-29,ORD-003829,M_JEANS-P2,6,22767.42
2026-09-29,ORD-003830,W_OUTERWEAR_COATS-P5,2,51527.16
2026-09-29,ORD-003831,W_OUTERWEAR_COATS-P2,2,11691.1
2026-09-29,ORD-003832,M_PANTS-P2,8,22753.56
2026-09-29,ORD-003833,M_SWIM-P5,1,5870.19
2026-09-29,ORD-003834,M_OUTERWEAR_COATS-P3,8,68530.92
2026-09-29,ORD-003835,M_JEANS-P1,2,5245.11
2026-09-29,ORD-003836,W_JEANS-P2,2,7551.57
2026-09-29,ORD-003837,W_DRESSES-P4,1,6894.17
2026-09-29,ORD-003838,W_SWIM-P3,3,12605.84
2026-09-29,ORD-003839,M_SUITS_SPORT_COATS-P5,4,88751.16
2026-09-29,ORD-003840,M_JEANS-P2,3,12689.32
2026-09-29,ORD-003841,M_SWIM-P5,6,36613.78
2026-09-29,ORD-003842,M_SWEATERS-P5,9,101950.24
2026-09-29,ORD-003843,M_SWIM-P4,5,21056.09
2026-09-29,ORD-003844,W_OUTERWEAR_COATS-P2,1,5088.61
2026-09-29,ORD-003845,W_OUTERWEAR_COATS-P4,7,84493.99
2026-09-29,ORD-003846,M_SWEATERS-P5,3,34622.86
2026-09-29,ORD-003847,M_SWIM-P3,6,22274.89
2026-09-29,ORD-003848,W_SWIM-P4,2,10750.51
2026-09-29,ORD-003849,W_OUTERWEAR_COATS-P3,8,69854.25
2026-09-29,ORD-003850,M_JEANS-P5,9,148808.46
2026-09-29,ORD-003851,W_SWIM-P2,6,18241.58
2026-09-29,ORD-003852,M_SWEATERS-P3,1,4618.71
2026-09-29,ORD-003853,W_OUTERWEAR_COATS-P4,3,32983.42
2026-09-29,ORD-003854,M_PANTS-P2,2,5237.37
2026-09-29,ORD-003855,M_OUTERWEAR_COATS-P4,9,97717.25
2026-09-29,ORD-003856,W_SWIM-P4,3,16611.31
2026-09-29,ORD-003857,M_SUITS_SPORT_COATS-P3,4,30186.08
2026-09-29,ORD-003858,M_SWEATERS-P3,9,38743.18
2026-09-29,ORD-003859,M_SUITS_SPORT_COATS-P4,5,56421.2
2026-09-29,ORD-003860,W_SWIM-P5,3,29967.92
2026-09-29,ORD-003861,M_SWIM-P3,5,18480.74
2026-09-29,ORD-003862,W_DRESSES-P5,5,72539.2
2026-09-29,ORD-003863,W_JEANS-P5,3,42599.5
2026-09-29,ORD-003864,M_PANTS-P4,6,31510.21
2026-09-29,ORD-003865,M_SWEATERS-P3,2,9966.39
2026-09-29,ORD-003866,OTHER-ASSORTED,5,18064.35
2026-09-29,ORD-003867,W_SWIM-P4,7,40412.12
2026-09-29,ORD-003868,M_JEANS-P3,8,48671.58
2026-09-29,ORD-003869,M_FASHION_HOODIES_SWEATSHIRTS-P2,7,22872.91
2026-09-29,ORD-003870,M_OUTERWEAR_COATS-P3,2,15998.66
2026-09-29,ORD-003871,M_PANTS-P5,9,85482.17
2026-09-29,ORD-003872,M_SUITS_SPORT_COATS-P1,7,13694.3
2026-09-29,ORD-003873,W_JEANS-P4,7,56699.87
2026-09-29,ORD-003874,W_SWIM-P3,7,30552.02
2026-09-29,ORD-003875,OTHER-ASSORTED,6,21501.83
2026-09-29,ORD-003876,M_SUITS_SPORT_COATS-P1,1,1825.99
2026-09-29,ORD-003877,W_INTIMATES-P2,5,7288.7
2026-09-29,ORD-003878,W_INTIMATES-P1,3,2331.29
2026-09-29,ORD-003879,W_OUTERWEAR_COATS-P2,5,26003.0
2026-09-29,ORD-003880,W_SWIM-P5,2,19618.2
2026-09-29,ORD-003881,W_OUTERWEAR_COATS-P5,2,50269.94
2026-09-29,ORD-003882,W_SWIM-P4,5,28159.06
2026-09-29,ORD-003883,W_DRESSES-P3,9,39747.18
2026-09-29,ORD-003884,M_FASHION_HOODIES_SWEATSHIRTS-P4,5,24648.57
2026-09-29,ORD-003885,W_OUTERWEAR_COATS-P5,8,210242.18
2026-09-29,ORD-003886,W_SWIM-P5,5,53873.54
2026-09-29,ORD-003887,W_JEANS-P2,9,32918.17
2026-09-29,ORD-003888,M_FASHION_HOODIES_SWEATSHIRTS-P3,4,14217.94
2026-09-29,ORD-003889,M_SWEATERS-P3,2,8679.31
2026-09-29,ORD-003890,M_SUITS_SPORT_COATS-P3,3,21523.54
2026-09-29,ORD-003891,W_OUTERWEAR_COATS-P2,7,41063.26
2026-09-29,ORD-003892,W_JEANS-P2,2,7194.77
2026-09-29,ORD-003893,M_SWIM-P5,2,13297.31
2026-09-29,ORD-003894,W_SWIM-P4,2,11564.58
2026-09-29,ORD-003895,W_JEANS-P3,1,6095.07
2026-09-29,ORD-003896,W_INTIMATES-P5,6,31775.94
2026-09-29,ORD-003897,W_JEANS-P3,8,48383.42
2026-09-29,ORD-003898,M_OUTERWEAR_COATS-P1,3,10568.35
2026-09-29,ORD-003899,W_INTIMATES-P2,5,7034.93
2026-09-29,ORD-003900,W_OUTERWEAR_COATS-P2,9,53612.7
2026-09-29,ORD-003901,W_INTIMATES-P4,2,5841.99
2026-09-29,ORD-003902,M_SWEATERS-P2,3,9464.34
2026-09-29,ORD-003903,M_OUTERWEAR_COATS-P1,8,28378.32
2026-09-29,ORD-003904,OTHER-ASSORTED,8,27100.67
2026-09-29,ORD-003905,M_SUITS_SPORT_COATS-P2,1,4711.91
2026-09-29,ORD-003906,W_SWIM-P4,2,10764.92
2026-09-29,ORD-003907,M_SWIM-P4,4,16364.02
2026-09-29,ORD-003908,W_DRESSES-P5,9,141741.57
2026-09-29,ORD-003909,W_DRESSES-P4,3,22711.14
2026-09-29,ORD-003910,M_SWEATERS-P1,4,8158.32
2026-09-29,ORD-003911,M_SUITS_SPORT_COATS-P5,1,21592.95
2026-09-29,ORD-003912,M_SWIM-P4,9,41389.52
2026-09-29,ORD-003913,M_FASHION_HOODIES_SWEATSHIRTS-P1,2,3994.13
2026-09-29,ORD-003914,W_JEANS-P4,8,72976.34
2026-09-29,ORD-003915,M_SWEATERS-P1,8,15492.38
2026-09-29,ORD-003916,M_SWEATERS-P3,2,9823.9
2026-09-29,ORD-003917,M_SWEATERS-P1,6,11042.39
2026-09-29,ORD-003918,M_SUITS_SPORT_COATS-P1,3,5531.11
2026-09-29,ORD-003919,M_SUITS_SPORT_COATS-P1,6,11949.0
2026-09-29,ORD-003920,W_JEANS-P3,9,52833.51
2026-09-29,ORD-003921,W_OUTERWEAR_COATS-P4,6,72945.03
2026-09-29,ORD-003922,W_DRESSES-P1,1,1071.24
2026-09-29,ORD-003923,W_INTIMATES-P4,8,21896.44
2026-09-29,ORD-003924,W_SWIM-P2,1,2924.93
2026-09-29,ORD-003925,W_JEANS-P3,5,28864.38
2026-09-29,ORD-003926,OTHER-ASSORTED,9,30752.6
2026-09-29,ORD-003927,M_JEANS-P3,1,5766.39
2026-09-29,ORD-003928,M_SUITS_SPORT_COATS-P4,7,85120.48
2026-09-29,ORD-003929,W_JEANS-P5,6,86594.71
2026-09-29,ORD-003930,M_OUTERWEAR_COATS-P2,8,48493.3
2026-09-29,ORD-003931,M_PANTS-P2,3,8018.77
2026-09-29,ORD-003932,W_DRESSES-P4,1,7256.94
2026-09-29,ORD-003933,W_DRESSES-P2,8,20773.28
2026-09-29,ORD-003934,W_SWIM-P3,2,8658.09
2026-09-29,ORD-003935,M_SWEATERS-P3,6,27291.67
2026-09-29,ORD-003936,W_DRESSES-P2,8,21867.29
2026-09-29,ORD-003937,M_JEANS-P5,3,48347.39
2026-09-29,ORD-003938,W_SWIM-P5,1,9690.26
2026-09-29,ORD-003939,W_INTIMATES-P4,3,9203.54
2026-09-29,ORD-003940,M_PANTS-P3,6,23689.36
2026-09-29,ORD-003941,W_OUTERWEAR_COATS-P4,2,24219.32
2026-09-29,ORD-003942,W_SWIM-P1,6,10004.38
2026-09-29,ORD-003943,M_SUITS_SPORT_COATS-P2,5,26015.32
2026-09-29,ORD-003944,M_SWEATERS-P2,3,10329.25
2026-09-29,ORD-003945,M_OUTERWEAR_COATS-P4,7,81156.42
2026-09-29,ORD-003946,M_JEANS-P5,3,43916.18
2026-09-29,ORD-003947,M_FASHION_HOODIES_SWEATSHIRTS-P1,1,2057.43
2026-09-29,ORD-003948,W_OUTERWEAR_COATS-P3,8,63720.15
2026-09-29,ORD-003949,W_OUTERWEAR_COATS-P1,9,25986.92
2026-09-29,ORD-003950,W_OUTERWEAR_COATS-P5,2,51728.42
2026-09-29,ORD-003951,W_SWIM-P5,1,10589.12
2026-09-29,ORD-003952,OTHER-ASSORTED,6,18944.01
2026-09-29,ORD-003953,W_DRESSES-P3,3,13074.25
2026-09-29,ORD-003954,W_INTIMATES-P3,8,17753.48
2026-09-29,ORD-003955,W_OUTERWEAR_COATS-P3,2,17476.63
2026-09-29,ORD-003956,M_OUTERWEAR_COATS-P3,7,55557.2
2026-09-29,ORD-003957,M_SWIM-P2,7,18579.74
2026-09-29,ORD-003958,M_SUITS_SPORT_COATS-P2,9,44832.79
2026-09-29,ORD-003959,M_PANTS-P5,2,17226.68
2026-09-29,ORD-003960,W_DRESSES-P3,2,9037.5
2026-09-29,ORD-003961,M_SWEATERS-P2,7,23033.54
2026-09-29,ORD-003962,W_INTIMATES-P5,8,44211.12
2026-09-29,ORD-003963,W_INTIMATES-P5,2,12002.58
2026-09-29,ORD-003964,M_SUITS_SPORT_COATS-P2,5,23477.91
2026-09-29,ORD-003965,W_OUTERWEAR_COATS-P2,2,10921.49
2026-09-29,ORD-003966,M_OUTERWEAR_COATS-P5,1,25960.96
2026-09-29,ORD-003967,M_OUTERWEAR_COATS-P4,1,10876.88
2026-09-29,ORD-003968,W_DRESSES-P1,5,5023.75
2026-09-29,ORD-003969,W_SWIM-P2,5,14282.61
2026-09-29,ORD-003970,M_OUTERWEAR_COATS-P2,7,41036.35
2026-09-29,ORD-003971,M_OUTERWEAR_COATS-P2,5,29600.17
2026-09-29,ORD-003972,M_SWEATERS-P4,9,62493.25
2026-09-29,ORD-003973,W_JEANS-P3,7,39422.16
2026-09-29,ORD-003974,W_INTIMATES-P5,9,47550.42
2026-09-29,ORD-003975,M_OUTERWEAR_COATS-P2,6,37064.13
2026-09-29,ORD-003976,M_FASHION_HOODIES_SWEATSHIRTS-P4,4,19878.13
2026-09-29,ORD-003977,M_SWIM-P1,9,14797.9
2026-09-29,ORD-003978,M_JEANS-P3,3,18400.48
2026-09-29,ORD-003979,M_JEANS-P5,2,29741.01
2026-09-29,ORD-003980,M_OUTERWEAR_COATS-P5,2,57201.3
2026-09-29,ORD-003981,M_SWIM-P5,4,24220.15
2026-09-29,ORD-003982,W_DRESSES-P5,4,66495.77
2026-09-29,ORD-003983,M_SUITS_SPORT_COATS-P1,1,1923.03
2026-09-29,ORD-003984,M_FASHION_HOODIES_SWEATSHIRTS-P5,6,48883.93
2026-09-29,ORD-003985,M_SUITS_SPORT_COATS-P1,4,8487.84
2026-09-29,ORD-003986,M_OUTERWEAR_COATS-P1,7,22473.34
2026-09-29,ORD-003987,W_INTIMATES-P4,8,23371.54
2026-09-29,ORD-003988,M_SWEATERS-P5,2,26019.34
2026-09-29,ORD-003989,W_JEANS-P2,6,21688.28
2026-09-29,ORD-003990,M_FASHION_HOODIES_SWEATSHIRTS-P5,5,41451.48
2026-09-29,ORD-003991,M_SWEATERS-P2,5,16204.21
2026-09-30,ORD-003992,W_INTIMATES-P5,8,47728.05
2026-09-30,ORD-003993,M_SWEATERS-P2,2,6284.84
2026-09-30,ORD-003994,M_OUTERWEAR_COATS-P2,5,29703.07
2026-09-30,ORD-003995,M_SWEATERS-P4,8,53131.94
2026-09-30,ORD-003996,W_OUTERWEAR_COATS-P4,1,12049.67
2026-09-30,ORD-003997,M_FASHION_HOODIES_SWEATSHIRTS-P2,7,21763.99
2026-09-30,ORD-003998,W_SWIM-P1,9,15651.03
2026-09-30,ORD-003999,OTHER-ASSORTED,1,3253.64
2026-09-30,ORD-004000,W_DRESSES-P1,9,9400.98
2026-09-30,ORD-004001,M_FASHION_HOODIES_SWEATSHIRTS-P3,3,10891.59
2026-09-30,ORD-004002,W_DRESSES-P2,5,13904.74
2026-09-30,ORD-004003,W_JEANS-P2,8,30728.35
2026-09-30,ORD-004004,M_SWEATERS-P4,3,19917.44
2026-09-30,ORD-004005,W_OUTERWEAR_COATS-P3,2,14889.44
2026-09-30,ORD-004006,M_SWEATERS-P3,2,9899.08
2026-09-30,ORD-004007,M_FASHION_HOODIES_SWEATSHIRTS-P1,5,8975.3
2026-09-30,ORD-004008,W_JEANS-P2,8,30988.07
2026-09-30,ORD-004009,M_SUITS_SPORT_COATS-P3,2,13651.27
2026-09-30,ORD-004010,M_JEANS-P1,5,13079.66
2026-09-30,ORD-004011,M_FASHION_HOODIES_SWEATSHIRTS-P5,8,65026.46
2026-09-30,ORD-004012,W_JEANS-P2,2,7235.12
2026-09-30,ORD-004013,M_FASHION_HOODIES_SWEATSHIRTS-P5,4,32413.33
2026-09-30,ORD-004014,W_OUTERWEAR_COATS-P2,5,27440.78
2026-09-30,ORD-004015,M_SWEATERS-P1,2,3579.05
2026-09-30,ORD-004016,W_INTIMATES-P1,3,2354.28
2026-09-30,ORD-004017,M_JEANS-P3,4,23390.04
2026-09-30,ORD-004018,W_OUTERWEAR_COATS-P4,6,64641.33
2026-09-30,ORD-004019,M_SWIM-P4,6,25182.21
2026-09-30,ORD-004020,OTHER-ASSORTED,7,23108.95
2026-09-30,ORD-004021,M_SUITS_SPORT_COATS-P3,4,31331.63
2026-09-30,ORD-004022,W_INTIMATES-P4,8,22696.21
2026-09-30,ORD-004023,M_SWEATERS-P5,9,108524.84
2026-09-30,ORD-004024,W_OUTERWEAR_COATS-P5,6,160420.77
2026-09-30,ORD-004025,W_INTIMATES-P2,3,4189.75
2026-09-30,ORD-004026,M_SWEATERS-P4,5,36302.73
2026-09-30,ORD-004027,W_JEANS-P4,6,52922.73
2026-09-30,ORD-004028,M_OUTERWEAR_COATS-P1,7,22465.2
2026-09-30,ORD-004029,OTHER-ASSORTED,2,7211.22
2026-09-30,ORD-004030,W_INTIMATES-P4,4,12305.63
2026-09-30,ORD-004031,W_DRESSES-P1,7,7533.85
2026-09-30,ORD-004032,M_JEANS-P4,2,20483.82
2026-09-30,ORD-004033,W_DRESSES-P5,1,15106.9
2026-09-30,ORD-004034,W_JEANS-P3,4,23565.19
2026-09-30,ORD-004035,M_SUITS_SPORT_COATS-P1,6,12888.5
2026-09-30,ORD-004036,W_JEANS-P4,2,18617.95
2026-09-30,ORD-004037,W_INTIMATES-P4,1,2861.44
2026-09-30,ORD-004038,M_FASHION_HOODIES_SWEATSHIRTS-P1,7,14098.44
2026-09-30,ORD-004039,M_SWEATERS-P3,9,40086.86
2026-09-30,ORD-004040,M_SUITS_SPORT_COATS-P4,4,49369.34
2026-09-30,ORD-004041,W_DRESSES-P3,8,35139.49
2026-09-30,ORD-004042,M_JEANS-P4,1,9659.15
2026-09-30,ORD-004043,M_PANTS-P2,7,20253.2
2026-09-30,ORD-004044,M_SUITS_SPORT_COATS-P3,5,37218.55
2026-09-30,ORD-004045,W_SWIM-P2,7,19804.49
2026-09-30,ORD-004046,M_JEANS-P3,3,16337.67
2026-09-30,ORD-004047,W_OUTERWEAR_COATS-P3,8,64510.52
2026-09-30,ORD-004048,M_SWEATERS-P4,5,30885.3
2026-09-30,ORD-004049,M_JEANS-P2,1,3977.77
2026-09-30,ORD-004050,W_JEANS-P3,1,5854.77
2026-09-30,ORD-004051,W_INTIMATES-P4,8,21617.93
2026-09-30,ORD-004052,M_SWIM-P4,4,17937.63
2026-09-30,ORD-004053,M_PANTS-P5,4,38863.34
2026-09-30,ORD-004054,M_JEANS-P1,5,13520.18
2026-09-30,ORD-004055,M_SWEATERS-P3,5,22015.69
2026-09-30,ORD-004056,W_OUTERWEAR_COATS-P3,1,8344.82
2026-09-30,ORD-004057,M_PANTS-P3,5,20780.37
2026-09-30,ORD-004058,M_SWIM-P1,3,5614.22
2026-09-30,ORD-004059,M_FASHION_HOODIES_SWEATSHIRTS-P2,1,3314.49
2026-09-30,ORD-004060,W_DRESSES-P5,9,138827.13
2026-09-30,ORD-004061,W_OUTERWEAR_COATS-P2,2,11161.09
2026-09-30,ORD-004062,M_SUITS_SPORT_COATS-P3,6,43844.38
2026-09-30,ORD-004063,M_SWIM-P1,3,5711.53
2026-09-30,ORD-004064,M_JEANS-P1,8,21319.16
2026-09-30,ORD-004065,M_FASHION_HOODIES_SWEATSHIRTS-P1,3,5780.05
2026-09-30,ORD-004066,W_JEANS-P4,8,66102.11
2026-09-30,ORD-004067,M_SWIM-P3,8,29994.1
2026-09-30,ORD-004068,M_SWIM-P5,7,41815.29
2026-09-30,ORD-004069,M_FASHION_HOODIES_SWEATSHIRTS-P2,3,8865.65
2026-09-30,ORD-004070,W_DRESSES-P3,1,4467.57
2026-09-30,ORD-004071,W_JEANS-P1,2,4676.39
2026-09-30,ORD-004072,M_FASHION_HOODIES_SWEATSHIRTS-P3,6,24586.94
2026-09-30,ORD-004073,M_OUTERWEAR_COATS-P2,9,50925.54
2026-09-30,ORD-004074,W_INTIMATES-P4,2,6029.59
2026-09-30,ORD-004075,M_SWEATERS-P2,8,24158.19
2026-09-30,ORD-004076,M_JEANS-P2,3,12439.64
2026-09-30,ORD-004077,M_SUITS_SPORT_COATS-P4,6,72723.78
2026-09-30,ORD-004078,M_OUTERWEAR_COATS-P5,3,78390.58
2026-09-30,ORD-004079,W_JEANS-P5,8,106951.39
2026-09-30,ORD-004080,M_SWEATERS-P4,2,12736.78
2026-09-30,ORD-004081,W_JEANS-P1,2,4386.82
2026-09-30,ORD-004082,M_FASHION_HOODIES_SWEATSHIRTS-P4,2,9520.06
2026-09-30,ORD-004083,M_JEANS-P1,3,8076.24
2026-09-30,ORD-004084,OTHER-ASSORTED,7,25244.99
2026-09-30,ORD-004085,W_OUTERWEAR_COATS-P2,7,39855.77
2026-09-30,ORD-004086,W_OUTERWEAR_COATS-P2,9,47797.64
2026-09-30,ORD-004087,W_DRESSES-P1,1,1047.09
2026-09-30,ORD-004088,W_JEANS-P3,9,49328.0
2026-09-30,ORD-004089,M_SUITS_SPORT_COATS-P3,7,47283.22
2026-09-30,ORD-004090,W_JEANS-P5,5,75569.05
2026-09-30,ORD-004091,M_SWEATERS-P3,9,39090.88
2026-09-30,ORD-004092,M_SWIM-P2,3,8256.85
2026-09-30,ORD-004093,M_SUITS_SPORT_COATS-P5,5,101914.45
2026-09-30,ORD-004094,W_SWIM-P2,4,10926.68
2026-09-30,ORD-004095,M_SWEATERS-P2,4,12495.0
2026-09-30,ORD-004096,W_SWIM-P4,5,28638.11
2026-09-30,ORD-004097,M_SUITS_SPORT_COATS-P3,8,63122.75
2026-09-30,ORD-004098,M_SUITS_SPORT_COATS-P1,6,12754.79
2026-09-30,ORD-004099,M_OUTERWEAR_COATS-P1,8,24280.4
2026-09-30,ORD-004100,M_SWEATERS-P4,9,62777.73
2026-09-30,ORD-004101,OTHER-ASSORTED,9,32737.91
2026-09-30,ORD-004102,W_INTIMATES-P3,5,10514.37
2026-09-30,ORD-004103,M_PANTS-P1,2,3517.8
2026-09-30,ORD-004104,M_SWEATERS-P2,6,18767.56
2026-09-30,ORD-004105,M_OUTERWEAR_COATS-P2,9,51707.17
2026-09-30,ORD-004106,W_INTIMATES-P1,2,1548.91
2026-09-30,ORD-004107,M_PANTS-P3,4,14458.03
2026-09-30,ORD-004108,M_SWIM-P3,7,25537.62
2026-09-30,ORD-004109,W_JEANS-P3,3,16994.83
2026-09-30,ORD-004110,M_SWEATERS-P4,2,12975.73
2026-09-30,ORD-004111,M_SWIM-P5,1,6301.22
2026-09-30,ORD-004112,M_SUITS_SPORT_COATS-P2,3,15170.92
2026-09-30,ORD-004113,M_SWEATERS-P2,6,20438.41
2026-09-30,ORD-004114,OTHER-ASSORTED,7,24433.63
2026-09-30,ORD-004115,W_DRESSES-P1,7,7006.83
2026-09-30,ORD-004116,M_SUITS_SPORT_COATS-P1,6,11801.15
2026-09-30,ORD-004117,W_INTIMATES-P5,1,5541.45
2026-09-30,ORD-004118,M_SWEATERS-P5,9,119553.98
2026-09-30,ORD-004119,M_OUTERWEAR_COATS-P3,1,7546.69
2026-09-30,ORD-004120,M_JEANS-P4,9,80600.19
2026-09-30,ORD-004121,W_OUTERWEAR_COATS-P5,8,208116.01
2026-09-30,ORD-004122,M_SUITS_SPORT_COATS-P1,4,7815.71
2026-09-30,ORD-004123,M_SUITS_SPORT_COATS-P2,9,44056.71
2026-09-30,ORD-004124,W_JEANS-P4,4,35003.68
2026-09-30,ORD-004125,W_JEANS-P1,9,22760.82
2026-09-30,ORD-004126,W_JEANS-P2,6,21828.6
2026-09-30,ORD-004127,W_JEANS-P2,9,32635.82
2026-09-30,ORD-004128,W_DRESSES-P2,4,10942.11
2026-09-30,ORD-004129,W_SWIM-P4,9,51678.07
2026-09-30,ORD-004130,W_JEANS-P1,4,9756.61
2026-09-30,ORD-004131,M_OUTERWEAR_COATS-P5,5,139568.82
2026-09-30,ORD-004132,W_OUTERWEAR_COATS-P5,5,125102.72
2026-09-30,ORD-004133,M_SWIM-P4,1,3963.62
2026-09-30,ORD-004134,M_PANTS-P1,9,15020.62
2026-09-30,ORD-004135,M_PANTS-P5,5,47363.34
2026-09-30,ORD-004136,M_OUTERWEAR_COATS-P2,9,49179.79
2026-09-30,ORD-004137,M_FASHION_HOODIES_SWEATSHIRTS-P5,3,23781.86
2026-09-30,ORD-004138,W_DRESSES-P5,6,92198.92
2026-09-30,ORD-004139,W_JEANS-P3,5,30439.05
2026-09-30,ORD-004140,M_SUITS_SPORT_COATS-P4,3,32999.4
2026-09-30,ORD-004141,W_DRESSES-P3,4,18236.79
2026-09-30,ORD-004142,M_PANTS-P1,4,6169.11
2026-09-30,ORD-004143,OTHER-ASSORTED,9,28532.94
2026-09-30,ORD-004144,M_SWIM-P3,8,27708.22
2026-09-30,ORD-004145,W_JEANS-P1,4,9525.95
2026-09-30,ORD-004146,M_SUITS_SPORT_COATS-P5,2,43923.73
2026-09-30,ORD-004147,W_JEANS-P3,9,54371.72
2026-09-30,ORD-004148,M_OUTERWEAR_COATS-P4,6,68555.07
2026-09-30,ORD-004149,W_SWIM-P4,4,24772.91
2026-09-30,ORD-004150,M_SUITS_SPORT_COATS-P3,8,55471.88
2026-09-30,ORD-004151,M_PANTS-P1,3,4916.55
2026-09-30,ORD-004152,M_JEANS-P5,5,73983.65
2026-09-30,ORD-004153,W_JEANS-P1,1,2309.62
2026-09-30,ORD-004154,M_OUTERWEAR_COATS-P4,7,87468.5
2026-09-30,ORD-004155,M_SWEATERS-P1,5,9532.28
2026-09-30,ORD-004156,M_SWIM-P1,4,6704.38
2026-09-30,ORD-004157,M_JEANS-P2,6,23412.8
2026-09-30,ORD-004158,M_PANTS-P4,7,34054.44
2026-09-30,ORD-004159,M_SWIM-P5,4,23111.82
2026-09-30,ORD-004160,M_SWEATERS-P2,5,16996.57
2026-09-30,ORD-004161,W_SWIM-P3,4,15459.47
2026-09-30,ORD-004162,M_OUTERWEAR_COATS-P5,3,80234.09
2026-09-30,ORD-004163,W_JEANS-P2,9,32836.27
2026-09-30,ORD-004164,M_OUTERWEAR_COATS-P5,1,25923.67
2026-09-30,ORD-004165,W_DRESSES-P3,8,35101.61
2026-09-30,ORD-004166,M_JEANS-P4,3,27567.33
2026-09-30,ORD-004167,W_OUTERWEAR_COATS-P1,3,8770.92
2026-09-30,ORD-004168,M_SWEATERS-P3,8,34147.6
2026-09-30,ORD-004169,W_DRESSES-P3,3,12945.84
2026-09-30,ORD-004170,M_SWEATERS-P5,6,68179.85
2026-09-30,ORD-004171,M_FASHION_HOODIES_SWEATSHIRTS-P3,6,24505.56
2026-09-30,ORD-004172,M_SWEATERS-P2,3,9064.97
2026-09-30,ORD-004173,M_SWEATERS-P2,7,23143.43
2026-09-30,ORD-004174,M_FASHION_HOODIES_SWEATSHIRTS-P2,3,9147.94
2026-09-30,ORD-004175,M_PANTS-P1,3,5209.41
2026-09-30,ORD-004176,M_SWEATERS-P5,3,34099.86
2026-09-30,ORD-004177,W_SWIM-P4,9,54337.88
2026-09-30,ORD-004178,M_SWEATERS-P2,7,21957.3
2026-09-30,ORD-004179,M_OUTERWEAR_COATS-P1,5,16868.04
2026-09-30,ORD-004180,M_OUTERWEAR_COATS-P4,5,55613.12
2026-09-30,ORD-004181,M_FASHION_HOODIES_SWEATSHIRTS-P4,3,14946.56
2026-09-30,ORD-004182,M_OUTERWEAR_COATS-P2,5,27754.26
2026-09-30,ORD-004183,M_SWIM-P3,1,3646.67
2026-09-30,ORD-004184,W_JEANS-P1,9,19633.92
2026-09-30,ORD-004185,M_SWEATERS-P2,5,16946.6
2026-09-30,ORD-004186,M_PANTS-P2,3,7890.77
2026-09-30,ORD-004187,M_SWIM-P1,6,10554.14
2026-09-30,ORD-004188,M_JEANS-P4,8,78539.32
2026-09-30,ORD-004189,M_PANTS-P4,2,9251.83
2026-09-30,ORD-004190,W_INTIMATES-P2,9,12498.5
2026-09-30,ORD-004191,M_SWEATERS-P5,4,50570.53
2026-09-30,ORD-004192,M_SWEATERS-P2,2,6294.21
2026-09-30,ORD-004193,W_DRESSES-P2,4,11942.46
2026-09-30,ORD-004194,W_DRESSES-P2,1,2682.01
2026-09-30,ORD-004195,W_DRESSES-P3,2,8961.35
2026-09-30,ORD-004196,M_FASHION_HOODIES_SWEATSHIRTS-P3,2,7558.44
2026-09-30,ORD-004197,W_OUTERWEAR_COATS-P4,3,34887.38
2026-09-30,ORD-004198,M_SWIM-P2,5,14674.4
2026-09-30,ORD-004199,W_DRESSES-P3,7,29138.31
2026-09-30,ORD-004200,W_OUTERWEAR_COATS-P5,7,191841.06
2026-09-30,ORD-004201,OTHER-ASSORTED,5,16629.29
2026-09-30,ORD-004202,M_OUTERWEAR_COATS-P1,8,24651.31
2026-09-30,ORD-004203,W_SWIM-P4,7,42683.68
2026-09-30,ORD-004204,M_SWIM-P4,6,25296.02
2026-09-30,ORD-004205,M_FASHION_HOODIES_SWEATSHIRTS-P2,7,22343.22
2026-09-30,ORD-004206,M_SWEATERS-P2,4,12918.5
2026-09-30,ORD-004207,M_SWEATERS-P3,4,19003.32
2026-09-30,ORD-004208,M_OUTERWEAR_COATS-P2,6,32541.13
2026-09-30,ORD-004209,M_SWIM-P4,9,40545.32
2026-09-30,ORD-004210,M_OUTERWEAR_COATS-P5,7,176250.32
2026-09-30,ORD-004211,M_JEANS-P5,4,62893.61
2026-09-30,ORD-004212,W_INTIMATES-P3,7,14874.24
2026-09-30,ORD-004213,W_SWIM-P4,4,23715.14
2026-09-30,ORD-004214,M_SUITS_SPORT_COATS-P3,9,68975.91
2026-09-30,ORD-004215,W_INTIMATES-P1,7,5408.1
2026-09-30,ORD-004216,W_SWIM-P5,6,58556.78
2026-09-30,ORD-004217,W_INTIMATES-P4,6,16873.81
2026-09-30,ORD-004218,W_SWIM-P3,8,31262.11
2026-09-30,ORD-004219,M_PANTS-P5,1,8522.85
2026-09-30,ORD-004220,W_INTIMATES-P4,1,2851.87
2026-09-30,ORD-004221,M_JEANS-P3,2,12049.37
2026-09-30,ORD-004222,M_SUITS_SPORT_COATS-P2,9,41217.74
2026-09-30,ORD-004223,W_JEANS-P2,1,3394.41
2026-09-30,ORD-004224,M_SUITS_SPORT_COATS-P2,5,26275.93
2026-09-30,ORD-004225,M_JEANS-P1,4,10626.13
2026-09-30,ORD-004226,M_SWIM-P1,2,3451.61
2026-09-30,ORD-004227,M_SWEATERS-P5,2,26341.23
2026-09-30,ORD-004228,M_FASHION_HOODIES_SWEATSHIRTS-P1,1,2092.71
2026-09-30,ORD-004229,W_INTIMATES-P3,8,17333.94
2026-09-30,ORD-004230,W_SWIM-P3,6,23839.27
2026-09-30,ORD-004231,W_DRESSES-P2,2,5335.39
2026-09-30,ORD-004232,W_JEANS-P4,4,38124.07
2026-09-30,ORD-004233,M_SWEATERS-P5,6,79199.94
2026-09-30,ORD-004234,M_SWEATERS-P3,6,27416.85
2026-09-30,ORD-004235,M_OUTERWEAR_COATS-P1,6,19034.74
2026-09-30,ORD-004236,W_OUTERWEAR_COATS-P5,5,124701.73
2026-09-30,ORD-004237,W_SWIM-P2,2,5812.12
2026-09-30,ORD-004238,M_PANTS-P5,6,49409.9
2026-09-30,ORD-004239,M_JEANS-P3,8,51084.79
2026-09-30,ORD-004240,M_FASHION_HOODIES_SWEATSHIRTS-P2,5,15864.93
2026-09-30,ORD-004241,W_SWIM-P1,8,13948.72
2026-09-30,ORD-004242,W_INTIMATES-P3,5,11005.01
2026-09-30,ORD-004243,W_INTIMATES-P3,5,10071.0
2026-09-30,ORD-004244,M_JEANS-P2,6,22675.81
2026-09-30,ORD-004245,M_PANTS-P2,4,12232.69
2026-09-30,ORD-004246,M_SWEATERS-P1,6,12474.25
2026-09-30,ORD-004247,W_SWIM-P3,6,24623.43
2026-09-30,ORD-004248,W_OUTERWEAR_COATS-P1,1,2854.35
2026-09-30,ORD-004249,W_SWIM-P1,1,1645.14
2026-09-30,ORD-004250,M_SWEATERS-P2,1,3060.89
2026-09-30,ORD-004251,M_SUITS_SPORT_COATS-P1,1,1997.78
2026-09-30,ORD-004252,M_OUTERWEAR_COATS-P4,8,97671.97
2026-09-30,ORD-004253,M_OUTERWEAR_COATS-P1,1,3535.83
2026-09-30,ORD-004254,M_SWIM-P1,6,9949.01
2026-09-30,ORD-004255,M_OUTERWEAR_COATS-P5,7,198603.23
2026-09-30,ORD-004256,M_JEANS-P1,3,8032.76
2026-09-30,ORD-004257,M_SUITS_SPORT_COATS-P1,8,17005.0
2026-09-30,ORD-004258,M_OUTERWEAR_COATS-P3,6,47459.4
2026-09-30,ORD-004259,M_SUITS_SPORT_COATS-P5,2,44495.16
2026-09-30,ORD-004260,M_OUTERWEAR_COATS-P4,5,56094.5
2026-09-30,ORD-004261,W_DRESSES-P3,7,33507.7
2026-09-30,ORD-004262,W_SWIM-P5,7,68947.52
2026-09-30,ORD-004263,W_INTIMATES-P1,6,4742.86
2026-09-30,ORD-004264,W_INTIMATES-P3,7,15052.98
2026-09-30,ORD-004265,M_SUITS_SPORT_COATS-P5,2,44089.55
2026-09-30,ORD-004266,M_SUITS_SPORT_COATS-P3,6,41908.39
2026-09-30,ORD-004267,M_JEANS-P2,2,8054.21
2026-09-30,ORD-004268,M_OUTERWEAR_COATS-P1,6,19060.35
2026-09-30,ORD-004269,M_PANTS-P5,2,17585.7
2026-09-30,ORD-004270,M_SWEATERS-P2,8,25932.57
2026-09-30,ORD-004271,OTHER-ASSORTED,7,21612.45
2026-09-30,ORD-004272,M_SWIM-P1,9,16453.77
2026-09-30,ORD-004273,W_DRESSES-P3,6,24887.23
2026-09-30,ORD-004274,W_INTIMATES-P4,4,10952.9
2026-09-30,ORD-004275,M_FASHION_HOODIES_SWEATSHIRTS-P5,5,38257.0
2026-09-30,ORD-004276,M_SWIM-P5,7,40056.9
2026-09-30,ORD-004277,W_SWIM-P4,2,10944.4
2026-09-30,ORD-004278,M_SWIM-P3,8,28078.32
2026-09-30,ORD-004279,M_FASHION_HOODIES_SWEATSHIRTS-P2,7,23562.57
2026-09-30,ORD-004280,M_PANTS-P5,2,19126.54
2026-09-30,ORD-004281,W_JEANS-P4,5,41371.39
2026-09-30,ORD-004282,M_SUITS_SPORT_COATS-P5,6,136257.13
2026-09-30,ORD-004283,M_SUITS_SPORT_COATS-P4,1,12016.24
2026-09-30,ORD-004284,M_SWEATERS-P4,2,13981.73
2026-09-30,ORD-004285,W_INTIMATES-P2,7,9148.78
2026-09-30,ORD-004286,M_SWEATERS-P2,5,15954.98
2026-09-30,ORD-004287,W_INTIMATES-P3,4,9020.97
2026-09-30,ORD-004288,M_SUITS_SPORT_COATS-P1,2,3786.48
2026-09-30,ORD-004289,M_SUITS_SPORT_COATS-P1,1,1993.9
2026-09-30,ORD-004290,W_DRESSES-P4,3,23735.34
2026-09-30,ORD-004291,M_JEANS-P2,4,15345.08
2026-09-30,ORD-004292,W_SWIM-P1,7,11957.75
2026-09-30,ORD-004293,M_FASHION_HOODIES_SWEATSHIRTS-P5,3,23051.23
2026-09-30,ORD-004294,M_OUTERWEAR_COATS-P4,1,12149.81
2026-09-30,ORD-004295,W_DRESSES-P2,1,2672.76
2026-09-30,ORD-004296,M_FASHION_HOODIES_SWEATSHIRTS-P2,7,22230.85
2026-09-30,ORD-004297,M_SUITS_SPORT_COATS-P2,8,39162.45
2026-09-30,ORD-004298,M_SUITS_SPORT_COATS-P2,2,10109.52
2026-09-30,ORD-004299,M_SWEATERS-P5,9,111569.0
2026-09-30,ORD-004300,W_DRESSES-P2,8,22797.14
2026-09-30,ORD-004301,M_SWIM-P1,8,15105.64
2026-09-30,ORD-004302,W_JEANS-P5,4,60576.98
2026-09-30,ORD-004303,M_PANTS-P5,6,53864.03
2026-09-30,ORD-004304,W_OUTERWEAR_COATS-P2,4,22398.42
2026-09-30,ORD-004305,M_PANTS-P5,5,42508.63
2026-09-30,ORD-004306,M_SWEATERS-P2,7,21350.87
2026-09-30,ORD-004307,M_JEANS-P4,5,50877.83
2026-09-30,ORD-004308,OTHER-ASSORTED,2,6276.96
2026-09-30,ORD-004309,W_INTIMATES-P2,4,5904.52
2026-09-30,ORD-004310,M_FASHION_HOODIES_SWEATSHIRTS-P4,1,4435.52
2026-09-30,ORD-004311,M_FASHION_HOODIES_SWEATSHIRTS-P3,9,34199.15
2026-09-30,ORD-004312,W_DRESSES-P2,2,5642.7
2026-09-30,ORD-004313,M_FASHION_HOODIES_SWEATSHIRTS-P3,3,10705.34
2026-09-30,ORD-004314,M_SWIM-P3,6,22578.91
2026-09-30,ORD-004315,M_SWEATERS-P4,5,32618.5
2026-09-30,ORD-004316,M_SWIM-P4,7,29323.86
2026-09-30,ORD-004317,M_SUITS_SPORT_COATS-P2,5,23605.13
2026-09-30,ORD-004318,M_SWEATERS-P2,1,3173.39
